period;cisp;phase;registro_ocorrencias;total_roubos;total_furtos;estelionato;roubo_rua;roubo_celular;roubo_em_coletivo;roubo_veiculo;furto_veiculos;furto_celular;letalidade_violenta;hom_doloso;tentat_hom;hom_por_interv_policial;estupro;ameaca;pessoas_desaparecidas
2003-01;1;3;578;100;169;69;66;32;8;5;12;37;0;0;1;0;0;21;2
2003-01;4;3;441;82;115;1;51;14;12;9;9;23;3;3;0;0;1;15;6
2003-01;5;3;637;123;216;37;64;34;4;11;28;47;3;3;1;0;2;47;2
2003-01;6;3;473;143;90;8;56;20;22;27;17;8;6;6;2;0;2;26;2
2003-01;7;3;147;55;35;4;5;1;0;23;12;1;4;4;2;0;2;10;1
2003-01;9;3;554;124;268;20;44;16;10;30;87;16;2;1;3;0;0;36;3
2003-01;10;3;593;112;290;19;53;17;10;20;78;21;1;1;4;0;1;40;2
2003-01;12;3;620;131;256;18;47;22;5;3;15;29;3;2;4;1;1;48;3
2003-01;13;3;455;79;217;15;34;10;4;6;19;34;0;0;0;0;0;26;1
2003-01;14;3;636;118;311;16;42;11;6;19;30;36;0;0;0;0;1;43;2
2003-01;15;3;294;55;105;7;20;6;2;9;8;8;0;0;0;0;0;25;5
2003-01;16;3;973;164;290;58;48;17;7;48;40;18;4;3;8;0;7;141;3
2003-01;17;3;576;145;106;8;64;27;15;33;19;15;6;5;3;1;2;38;2
2003-01;18;3;389;158;117;8;71;27;8;42;32;10;3;3;0;0;1;28;1
2003-01;19;3;569;208;174;26;51;23;4;64;36;17;1;0;7;1;0;52;1
2003-01;20;3;485;135;144;16;42;21;3;47;56;3;4;2;10;2;1;29;0
2003-01;21;3;991;458;156;18;123;31;40;166;51;9;31;23;16;8;2;53;8
2003-01;22;3;687;309;167;5;58;17;14;131;64;4;2;2;0;0;1;43;4
2003-01;23;3;790;355;160;37;77;41;4;124;49;11;1;1;2;0;0;56;0
2003-01;24;3;502;208;66;10;46;19;3;78;18;4;4;3;2;1;1;55;6
2003-01;25;3;629;279;84;8;44;16;6;118;12;8;5;3;4;2;3;25;2
2003-01;26;3;0;0;0;0;0;0;0;0;0;0;0;0;0;0;0;0;0
2003-01;27;3;648;341;148;5;52;23;7;148;51;2;9;7;2;2;2;58;0
2003-01;28;3;419;157;83;6;49;18;12;54;18;3;6;2;6;3;1;49;5
2003-01;29;3;517;189;108;18;89;29;21;45;19;10;11;10;1;1;2;53;7
2003-01;30;3;577;247;95;9;67;22;9;96;30;4;9;3;5;5;2;90;2
2003-01;31;3;41;12;3;0;1;1;0;3;0;0;1;1;0;0;0;10;0
2003-01;32;3;830;172;114;8;53;20;19;52;18;7;7;6;12;0;7;181;9
2003-01;33;3;590;182;85;14;56;17;4;62;24;4;10;8;0;0;0;86;5
2003-01;34;3;908;282;166;11;77;23;13;93;50;9;29;14;14;15;11;71;12
2003-01;35;3;1444;297;323;30;105;25;26;93;54;31;33;32;4;0;14;208;27
2003-01;36;3;656;101;105;7;34;10;13;26;10;8;26;22;8;3;4;128;11
2003-01;37;3;745;209;146;24;48;19;10;82;14;15;5;3;10;2;3;84;7
2003-01;38;3;552;291;106;9;22;8;6;142;38;0;2;1;3;1;1;33;6
2003-01;39;3;738;354;75;4;79;33;12;135;23;4;27;20;12;5;3;69;8
2003-01;40;3;419;167;48;6;35;14;8;70;14;3;12;7;9;3;3;28;4
2003-01;41;3;473;130;120;16;26;8;4;56;26;4;6;4;4;2;3;49;7
2003-01;44;3;464;237;62;3;39;12;7;105;23;0;7;3;4;2;1;18;1
2003-02;1;3;693;150;224;65;99;33;13;9;14;32;0;0;1;0;0;20;0
2003-02;4;3;447;101;82;4;72;26;13;5;2;16;4;4;0;0;1;28;5
2003-02;5;3;680;130;234;27;77;27;6;3;14;43;5;3;1;2;4;58;3
2003-02;6;3;422;136;79;2;58;24;14;30;11;9;10;6;8;4;2;20;4
2003-02;7;3;134;33;39;1;2;1;0;16;13;0;2;1;0;1;1;26;1
2003-02;9;3;559;123;251;13;53;15;19;24;75;24;1;1;1;0;0;39;2
2003-02;10;3;586;127;255;15;67;20;23;9;68;22;1;1;0;0;0;28;2
2003-02;12;3;684;118;316;8;47;13;8;4;16;30;1;1;2;0;0;44;2
2003-02;13;3;387;68;165;10;28;13;5;5;14;24;1;1;0;0;0;28;2
2003-02;14;3;705;132;340;17;52;20;5;23;37;35;0;0;3;0;1;33;2
2003-02;15;3;296;30;113;2;11;1;2;5;16;9;0;0;0;0;0;13;4
2003-02;16;3;1015;188;329;51;52;19;12;45;40;21;5;5;1;0;10;122;8
2003-02;17;3;562;160;98;4;57;18;10;43;22;7;6;3;6;3;1;24;2
2003-02;18;3;425;170;126;9;76;37;15;42;34;16;2;0;1;2;1;22;1
2003-02;19;3;543;170;160;13;58;25;3;34;36;14;2;1;2;1;1;48;0
2003-02;20;3;504;174;138;12;59;22;8;56;41;7;5;4;5;1;2;31;4
2003-02;21;3;1071;517;133;16;118;26;42;178;38;6;23;21;0;1;5;45;11
2003-02;22;3;718;338;156;9;70;20;14;127;56;6;9;5;0;3;3;51;6
2003-02;23;3;754;341;181;28;67;23;11;120;48;5;3;2;9;1;4;56;4
2003-02;24;3;534;232;80;10;33;11;7;84;26;3;4;4;1;0;1;61;2
2003-02;25;3;595;224;53;6;30;9;5;92;5;3;10;3;11;7;0;25;5
2003-02;26;3;4;0;0;1;0;0;0;0;0;0;0;0;0;0;1;0;0
2003-02;27;3;623;284;140;11;49;28;4;120;61;3;4;3;9;1;0;60;6
2003-02;28;3;442;193;57;6;45;10;12;71;15;3;5;1;5;3;1;62;4
2003-02;29;3;580;269;160;5;102;37;16;76;32;16;10;6;2;4;1;37;2
2003-02;30;3;579;222;100;8;61;19;8;86;30;5;14;10;1;3;3;71;12
2003-02;31;3;37;13;1;0;3;2;0;4;0;0;2;2;0;0;0;11;0
2003-02;32;3;803;184;114;13;50;21;5;50;13;8;9;9;5;0;10;150;7
2003-02;33;3;647;184;136;7;48;7;10;60;28;3;7;7;1;0;1;87;6
2003-02;34;3;875;286;150;14;79;23;11;104;33;10;15;13;9;2;6;79;6
2003-02;35;3;1428;304;313;23;83;17;27;105;45;10;27;27;11;0;9;214;22
2003-02;36;3;683;135;96;8;50;9;21;33;14;3;24;19;15;5;9;111;9
2003-02;37;3;766;286;126;25;68;20;20;110;24;10;7;4;8;3;1;85;5
2003-02;38;3;650;302;118;12;48;15;13;124;38;0;6;5;10;0;1;51;4
2003-02;39;3;718;310;99;0;88;38;14;119;14;9;43;31;4;11;0;76;10
2003-02;40;3;385;155;49;7;48;14;12;51;17;2;12;8;7;4;0;25;3
2003-02;41;3;488;153;141;10;39;15;4;48;31;3;3;2;2;1;2;57;1
2003-02;44;3;447;188;71;12;27;12;1;82;14;2;8;6;3;2;2;29;7
2003-03;1;3;573;97;195;67;54;26;4;2;18;28;0;0;0;0;0;20;1
2003-03;4;3;462;119;96;3;83;22;15;11;4;13;2;2;1;0;6;23;1
2003-03;5;3;695;131;252;25;56;22;6;7;12;43;2;2;3;0;4;45;2
2003-03;6;3;472;132;120;3;41;17;7;39;15;14;10;3;1;6;1;18;2
2003-03;7;3;149;46;41;2;7;5;0;15;10;2;1;0;0;1;0;16;2
2003-03;9;3;512;91;213;13;31;9;10;22;56;24;1;1;2;0;2;34;5
2003-03;10;3;601;96;278;24;48;17;7;14;72;21;0;0;1;0;2;45;4
2003-03;12;3;623;87;306;17;30;10;2;3;19;26;1;0;0;1;1;34;7
2003-03;13;3;400;67;201;12;26;9;3;2;16;18;2;2;0;0;1;25;1
2003-03;14;3;701;110;333;19;43;21;1;15;24;39;3;2;0;1;2;36;2
2003-03;15;3;290;25;99;9;11;3;4;2;16;5;0;0;1;0;0;16;5
2003-03;16;3;1079;183;364;66;55;18;9;53;54;20;6;6;2;0;3;132;5
2003-03;17;3;566;122;78;10;41;16;7;40;16;6;3;2;7;1;5;26;5
2003-03;18;3;427;173;126;7;57;24;1;48;28;6;5;4;2;0;0;21;2
2003-03;19;3;589;179;185;7;74;30;3;25;36;15;4;0;4;3;0;49;3
2003-03;20;3;471;139;120;9;46;26;5;44;33;5;9;2;8;7;0;37;2
2003-03;21;3;941;382;157;15;94;21;33;149;40;8;13;11;6;2;3;52;8
2003-03;22;3;673;326;145;9;54;18;11;143;49;9;11;7;0;4;1;32;3
2003-03;23;3;738;292;155;29;87;38;7;86;42;8;11;6;3;4;0;64;7
2003-03;24;3;539;242;67;10;40;18;4;99;16;4;8;5;0;2;6;45;2
2003-03;25;3;558;214;60;4;46;19;4;75;9;3;7;4;0;1;0;31;6
2003-03;26;3;1;0;0;0;0;0;0;0;0;0;0;0;0;0;0;0;0
2003-03;27;3;621;297;140;11;50;21;3;126;62;4;16;14;8;2;0;49;2
2003-03;28;3;462;169;92;8;41;11;15;66;21;7;14;8;3;6;0;60;8
2003-03;29;3;650;275;164;12;108;37;33;79;30;7;17;13;4;4;1;46;7
2003-03;30;3;536;208;95;8;52;18;8;85;18;5;10;7;13;3;1;71;4
2003-03;31;3;30;12;2;1;1;0;1;4;1;0;1;1;1;0;0;5;0
2003-03;32;3;759;162;145;16;42;18;8;46;10;11;13;8;6;4;6;131;5
2003-03;33;3;596;182;92;11;70;24;12;56;32;3;10;9;6;1;3;71;11
2003-03;34;3;1012;322;175;12;115;47;19;101;39;13;17;16;7;1;9;95;8
2003-03;35;3;1381;271;325;23;91;22;27;87;83;9;31;30;9;1;7;211;23
2003-03;36;3;715;136;128;7;48;12;19;44;17;0;33;33;3;0;11;143;10
2003-03;37;3;708;238;118;17;51;14;8;90;17;9;8;4;6;4;1;78;12
2003-03;38;3;625;278;103;11;40;8;6;121;35;1;7;4;5;3;1;66;7
2003-03;39;3;626;293;81;4;105;38;14;87;18;4;52;32;6;19;1;63;4
2003-03;40;3;371;144;55;2;47;10;18;43;12;1;7;6;1;1;1;40;2
2003-03;41;3;475;147;144;5;40;17;7;44;35;3;4;4;0;0;1;46;7
2003-03;44;3;435;192;65;3;34;19;7;80;7;1;11;11;1;0;1;36;3
2003-04;1;3;622;142;199;48;78;32;10;8;19;37;0;0;0;0;1;26;2
2003-04;4;3;420;94;98;3;55;19;10;12;9;12;4;4;0;0;1;23;1
2003-04;5;3;637;107;235;31;59;21;3;1;14;35;2;1;4;1;1;49;6
2003-04;6;3;419;138;68;10;39;13;9;37;11;8;15;7;7;8;2;26;5
2003-04;7;3;118;36;31;0;2;1;0;13;5;1;4;3;0;1;0;12;0
2003-04;9;3;526;146;202;14;65;29;5;25;45;14;2;2;2;0;1;43;2
2003-04;10;3;553;112;228;30;63;32;5;12;50;14;0;0;0;0;2;55;1
2003-04;12;3;563;105;227;13;40;17;3;7;13;27;5;0;8;5;0;36;3
2003-04;13;3;368;57;171;23;22;11;2;2;12;19;1;1;0;0;0;16;2
2003-04;14;3;565;108;264;19;35;11;3;12;18;27;0;0;1;0;1;34;2
2003-04;15;3;257;45;73;10;24;6;11;7;9;7;0;0;0;0;2;15;7
2003-04;16;3;1060;204;367;58;42;12;10;51;50;16;7;7;8;0;1;132;4
2003-04;17;3;556;115;92;8;43;16;8;25;16;10;3;2;6;1;4;36;6
2003-04;18;3;405;154;138;7;68;28;4;33;49;7;3;3;4;0;0;26;0
2003-04;19;3;479;136;123;13;51;26;2;21;32;17;8;2;3;6;1;34;1
2003-04;20;3;492;167;124;7;50;21;3;49;39;8;5;4;6;1;0;29;1
2003-04;21;3;982;431;151;11;86;24;19;176;40;9;21;16;13;4;5;44;9
2003-04;22;3;676;291;136;6;56;18;13;118;42;6;11;5;2;6;1;51;5
2003-04;23;3;762;347;171;22;91;35;9;105;37;10;6;6;2;0;1;58;10
2003-04;24;3;532;222;89;11;46;18;4;87;29;4;5;4;0;0;1;51;3
2003-04;25;3;575;232;64;6;39;14;2;99;8;2;11;5;6;5;3;31;1
2003-04;26;3;1;1;0;0;0;0;0;0;0;0;0;0;0;0;0;0;0
2003-04;27;3;675;300;156;7;65;20;7;112;48;8;10;8;4;2;0;79;3
2003-04;28;3;408;145;67;7;35;6;9;47;18;3;14;11;3;3;0;55;3
2003-04;29;3;583;208;177;14;104;39;23;38;25;14;16;10;4;5;1;58;6
2003-04;30;3;535;230;108;6;71;22;21;78;31;5;15;11;2;1;0;60;1
2003-04;31;3;34;8;4;0;2;1;0;2;0;2;0;0;0;0;0;7;0
2003-04;32;3;712;163;117;12;66;32;12;43;19;6;6;5;5;1;5;112;14
2003-04;33;3;577;161;140;6;41;6;17;60;40;4;12;11;6;1;2;57;2
2003-04;34;3;968;338;170;7;110;35;22;103;45;8;22;16;10;5;9;73;5
2003-04;35;3;1429;339;317;26;117;31;36;109;66;6;39;35;3;3;9;208;16
2003-04;36;3;693;127;117;11;40;7;19;35;11;5;18;18;7;0;5;106;6
2003-04;37;3;692;206;148;17;50;14;14;78;27;13;5;2;9;3;3;57;6
2003-04;38;3;599;239;105;13;64;21;12;88;36;5;8;2;0;6;1;39;5
2003-04;39;3;746;293;124;6;91;27;26;110;10;2;36;24;2;12;3;78;4
2003-04;40;3;382;179;61;18;55;16;14;61;17;1;11;9;3;2;0;20;8
2003-04;41;3;512;155;108;8;31;11;8;56;32;3;8;5;1;1;1;67;5
2003-04;43;3;0;0;0;0;0;0;0;0;0;0;0;0;0;0;0;0;0
2003-04;44;3;452;258;60;3;31;11;3;113;11;1;8;6;2;1;1;18;0
2003-05;1;3;669;107;234;45;68;28;5;2;14;55;0;0;0;0;0;22;0
2003-05;4;3;443;82;82;12;49;17;10;10;4;12;3;1;0;0;2;18;5
2003-05;5;3;722;124;264;31;79;24;2;6;19;53;0;0;0;0;1;53;1
2003-05;6;3;503;161;100;4;55;24;8;36;19;9;10;1;7;9;2;26;4
2003-05;7;3;130;53;19;0;7;1;1;20;3;2;4;2;2;2;2;14;2
2003-05;9;3;556;141;216;17;59;21;12;30;51;21;0;0;6;0;0;47;4
2003-05;10;3;642;115;274;28;59;34;5;11;68;20;2;2;0;0;0;51;6
2003-05;12;3;497;74;194;20;36;16;3;1;11;23;2;0;1;2;3;27;2
2003-05;13;3;340;47;146;11;22;8;4;4;11;15;0;0;0;0;1;21;1
2003-05;14;3;694;163;278;19;43;23;1;14;32;29;1;1;3;0;1;39;7
2003-05;15;3;319;57;114;6;22;6;5;7;10;10;1;1;1;0;2;23;3
2003-05;16;3;1066;213;356;49;55;15;17;47;42;9;12;12;5;0;1;106;6
2003-05;17;3;614;152;93;9;51;19;15;41;19;5;1;0;9;1;2;25;3
2003-05;18;3;416;131;151;7;55;23;5;31;37;10;1;0;0;1;1;15;1
2003-05;19;3;536;134;151;24;47;18;1;25;32;17;3;1;4;1;1;39;2
2003-05;20;3;535;206;135;8;57;27;4;68;39;7;3;1;3;2;1;35;5
2003-05;21;3;1092;521;156;11;106;41;17;184;42;12;21;16;26;4;3;53;8
2003-05;22;3;736;306;143;10;72;22;14;119;38;5;9;8;1;1;0;36;6
2003-05;23;3;852;409;183;28;104;51;11;117;45;12;6;6;3;0;1;57;2
2003-05;24;3;581;295;77;14;53;16;8;122;20;1;8;6;3;1;1;51;7
2003-05;25;3;610;246;70;3;44;17;4;92;12;3;4;1;10;3;1;28;6
2003-05;26;3;6;2;0;0;0;0;0;0;0;0;0;0;0;0;1;2;0
2003-05;27;3;711;326;144;7;68;23;10;143;49;3;9;9;6;0;0;58;8
2003-05;28;3;450;151;78;14;56;22;10;46;21;3;18;14;11;4;3;68;4
2003-05;29;3;610;253;150;16;103;31;22;68;23;12;14;7;0;6;1;47;0
2003-05;30;3;520;238;89;10;65;23;9;92;33;2;14;9;3;4;3;62;6
2003-05;31;3;40;12;2;0;4;1;1;3;0;0;0;0;0;0;1;8;0
2003-05;32;3;676;159;121;13;58;25;18;31;22;9;6;3;6;3;4;109;12
2003-05;33;3;618;190;116;10;64;15;14;57;40;4;16;15;3;0;3;66;6
2003-05;34;3;1012;375;186;18;113;31;19;132;59;6;26;20;3;2;5;71;9
2003-05;35;3;1351;306;296;31;113;31;24;94;57;20;34;32;10;1;16;189;11
2003-05;36;3;737;145;129;17;33;5;12;42;18;6;21;16;19;4;8;127;11
2003-05;37;3;826;348;123;20;63;23;10;142;19;10;8;4;3;4;3;76;9
2003-05;38;3;659;296;111;7;54;22;11;122;30;2;11;10;3;1;1;52;2
2003-05;39;3;659;271;80;5;83;23;21;83;27;5;31;20;8;10;3;68;9
2003-05;40;3;411;164;36;6;38;9;15;58;6;1;10;9;5;0;2;53;6
2003-05;41;3;422;131;101;9;28;12;2;34;26;5;3;3;1;0;1;40;2
2003-05;43;3;0;0;0;0;0;0;0;0;0;0;0;0;0;0;0;0;0
2003-05;44;3;489;270;59;3;45;20;6;112;15;5;8;7;5;1;2;24;3
2003-06;1;3;587;94;163;63;57;19;4;4;13;25;0;0;0;0;0;21;3
2003-06;4;3;412;85;71;5;51;19;3;11;6;12;1;1;2;0;0;29;4
2003-06;5;3;660;125;184;31;68;28;1;10;17;30;2;1;6;0;4;49;1
2003-06;6;3;453;117;72;9;51;19;15;24;16;2;9;8;6;1;3;38;2
2003-06;7;3;135;32;30;1;7;1;0;12;7;1;3;2;0;1;0;21;1
2003-06;9;3;505;117;199;18;43;16;5;25;45;13;1;0;0;1;0;33;0
2003-06;10;3;520;95;190;20;44;22;4;17;37;22;3;2;0;0;2;33;3
2003-06;12;3;466;43;204;17;16;6;1;2;15;22;3;1;4;2;1;40;5
2003-06;13;3;343;52;118;10;29;11;5;2;11;15;0;0;1;0;0;28;1
2003-06;14;3;609;102;237;22;34;16;0;10;26;25;2;1;1;0;1;28;0
2003-06;15;3;303;47;91;8;18;4;10;7;11;7;0;0;0;0;0;20;3
2003-06;16;3;986;177;272;30;41;11;8;37;33;10;8;8;1;0;4;93;4
2003-06;17;3;659;148;106;5;52;15;11;33;13;9;7;0;0;7;1;28;1
2003-06;18;3;456;120;144;5;54;23;2;27;40;11;1;0;1;0;2;18;0
2003-06;19;3;548;124;150;15;53;23;2;20;24;15;2;2;4;0;2;48;2
2003-06;20;3;487;168;123;16;44;16;2;51;33;6;1;0;3;0;0;43;6
2003-06;21;3;934;368;122;14;114;27;38;108;32;2;20;16;21;4;2;51;9
2003-06;22;3;777;340;130;11;64;31;9;146;37;4;8;6;1;2;1;56;5
2003-06;23;3;733;303;163;26;78;40;2;90;37;11;2;1;6;1;3;51;8
2003-06;24;3;553;254;75;6;48;20;4;93;17;2;11;10;3;1;3;46;4
2003-06;25;3;482;163;68;6;42;16;1;46;10;5;9;2;7;7;0;10;2
2003-06;26;3;1;0;0;0;0;0;0;0;0;0;0;0;0;0;0;0;0
2003-06;27;3;647;314;114;14;52;22;4;122;43;5;5;3;4;1;1;62;4
2003-06;28;3;484;190;55;14;43;14;8;58;14;1;5;4;1;1;2;68;7
2003-06;29;3;565;225;131;14;91;41;16;61;18;9;7;6;1;1;0;45;3
2003-06;30;3;566;230;78;10;67;24;6;80;20;1;7;3;1;4;2;67;7
2003-06;31;3;35;6;6;0;2;0;0;2;2;0;0;0;0;0;0;10;0
2003-06;32;3;748;154;109;14;59;14;23;39;12;5;9;8;7;1;5;123;6
2003-06;33;3;680;159;120;15;42;12;5;52;40;4;15;15;5;0;1;71;11
2003-06;34;3;914;248;155;20;80;27;13;75;33;7;15;15;3;0;6;102;13
2003-06;35;3;1325;242;297;33;73;19;21;67;48;19;20;20;4;0;8;199;13
2003-06;36;3;700;114;117;3;37;10;16;32;18;3;18;17;4;1;5;113;14
2003-06;37;3;759;312;119;15;68;31;8;117;24;14;5;4;6;1;5;63;11
2003-06;38;3;719;275;92;5;56;21;8;110;33;2;1;0;3;1;0;52;8
2003-06;39;3;700;281;85;7;73;21;22;101;16;4;38;20;13;18;1;88;5
2003-06;40;3;494;180;50;10;47;11;16;68;9;1;10;5;5;5;2;46;4
2003-06;41;3;431;107;106;8;35;19;3;26;32;1;5;4;2;1;1;62;5
2003-06;43;3;0;0;0;0;0;0;0;0;0;0;0;0;0;0;0;0;0
2003-06;44;3;512;232;75;5;41;12;4;86;17;5;18;14;3;4;1;24;3
2003-07;1;3;641;107;188;82;58;24;1;8;12;47;0;0;0;0;1;14;2
2003-07;4;3;404;107;85;7;60;27;12;14;3;17;2;2;0;0;2;13;1
2003-07;5;3;814;124;198;49;74;38;0;4;17;35;2;2;5;0;2;64;3
2003-07;6;3;583;159;91;11;36;21;7;50;13;9;9;3;20;6;1;33;4
2003-07;7;3;148;57;29;1;2;0;0;28;4;0;2;1;0;0;0;14;0
2003-07;9;3;573;156;210;21;49;20;4;44;48;19;1;1;0;0;0;26;4
2003-07;10;3;570;104;247;18;37;22;1;25;62;25;2;2;0;0;1;36;0
2003-07;12;3;523;65;214;21;28;9;1;3;15;30;0;0;0;0;1;46;3
2003-07;13;3;319;54;131;15;27;11;5;2;14;10;1;1;0;0;0;16;0
2003-07;14;3;593;122;220;21;54;20;6;14;30;31;0;0;0;0;0;32;1
2003-07;15;3;307;49;79;12;9;5;2;15;14;9;2;1;2;1;1;19;2
2003-07;16;3;975;124;326;41;30;11;5;35;47;10;5;5;0;0;1;95;5
2003-07;17;3;652;142;116;16;54;19;12;32;18;12;1;1;2;0;2;27;3
2003-07;18;3;421;145;112;3;46;15;1;29;21;10;0;0;1;0;1;27;3
2003-07;19;3;596;168;189;21;53;19;4;32;25;13;2;2;0;0;1;39;0
2003-07;20;3;541;189;126;9;49;28;2;55;30;7;2;2;1;0;0;39;3
2003-07;21;3;1010;405;118;18;84;23;34;140;33;8;28;18;37;9;4;50;6
2003-07;22;3;718;283;136;15;47;18;9;110;47;7;15;6;9;9;1;59;4
2003-07;23;3;837;363;171;28;97;55;4;109;40;14;3;2;3;1;2;67;4
2003-07;24;3;466;143;62;9;34;18;0;45;11;5;8;6;7;2;3;47;3
2003-07;25;3;524;196;63;5;43;22;2;70;6;2;11;5;9;2;1;28;0
2003-07;26;3;0;0;0;0;0;0;0;0;0;0;0;0;0;0;0;0;0
2003-07;27;3;621;257;117;15;52;20;3;104;49;6;17;12;8;4;1;87;4
2003-07;28;3;493;183;87;15;55;27;7;56;26;5;8;7;2;0;5;57;9
2003-07;29;3;532;218;123;14;99;31;24;49;11;9;14;8;5;4;1;53;2
2003-07;30;3;507;206;73;11;62;20;12;73;20;4;3;3;4;0;2;70;3
2003-07;31;3;44;13;2;0;2;0;0;5;0;0;2;2;1;0;0;9;0
2003-07;32;3;698;109;112;12;33;15;5;19;13;11;4;4;3;0;5;131;6
2003-07;33;3;642;144;102;7;36;7;3;59;44;1;4;4;1;0;3;88;7
2003-07;34;3;930;227;152;21;64;16;15;83;31;6;18;14;15;4;5;83;2
2003-07;35;3;1334;219;276;24;79;30;20;57;53;13;22;18;1;0;7;195;21
2003-07;36;3;713;121;138;13;43;9;14;27;20;8;21;20;18;1;2;115;3
2003-07;37;3;775;303;115;23;78;25;15;97;28;9;6;3;12;3;4;59;3
2003-07;38;3;612;249;92;6;38;12;4;80;30;3;16;11;9;5;2;42;11
2003-07;39;3;656;283;66;4;84;31;11;91;16;3;17;15;1;2;1;61;8
2003-07;40;3;442;175;39;6;57;11;19;55;11;2;9;7;0;2;1;54;3
2003-07;41;3;481;125;114;14;38;13;4;37;43;4;1;0;1;1;0;74;2
2003-07;43;3;0;0;0;0;0;0;0;0;0;0;0;0;0;0;0;0;0
2003-07;44;3;524;260;59;2;52;16;4;93;19;6;5;4;3;1;3;31;2
2003-08;1;3;637;92;216;51;61;32;2;3;13;50;0;0;1;0;1;17;1
2003-08;4;3;434;76;89;5;57;21;3;5;6;10;3;2;0;0;2;14;3
2003-08;5;3;708;131;200;47;82;40;3;6;6;38;1;1;1;0;2;50;4
2003-08;6;3;486;139;87;8;57;30;3;23;6;9;10;9;6;1;1;19;6
2003-08;7;3;127;33;18;2;1;1;0;14;1;1;0;0;0;0;0;20;1
2003-08;9;3;530;130;200;14;44;17;6;31;52;23;1;1;2;0;1;38;3
2003-08;10;3;550;115;232;22;46;25;1;11;66;25;0;0;0;0;1;30;5
2003-08;12;3;459;43;189;20;19;10;0;1;9;23;0;0;0;0;0;43;3
2003-08;13;3;280;47;101;17;17;8;5;1;14;12;0;0;2;0;0;20;2
2003-08;14;3;547;101;234;20;36;22;0;12;31;30;0;0;0;0;0;27;2
2003-08;15;3;310;42;116;11;10;3;0;4;10;10;1;1;0;0;0;14;2
2003-08;16;3;994;143;343;39;41;22;7;31;43;10;7;7;1;0;6;83;3
2003-08;17;3;628;134;87;12;50;14;7;32;18;7;5;4;1;1;3;31;5
2003-08;18;3;411;153;120;13;64;29;1;33;24;12;1;0;1;1;1;25;3
2003-08;19;3;552;160;149;18;50;22;1;38;23;13;2;1;11;1;1;36;6
2003-08;20;3;461;169;109;9;58;26;7;42;37;7;2;0;6;2;1;35;0
2003-08;21;3;864;315;149;24;79;29;16;102;44;6;18;9;37;9;2;70;6
2003-08;22;3;747;317;159;13;70;26;9;125;60;10;15;4;15;10;1;36;5
2003-08;23;3;819;395;161;21;115;64;1;105;43;3;5;2;3;2;1;68;2
2003-08;24;3;540;210;77;12;38;15;5;83;18;6;9;8;8;1;1;40;3
2003-08;25;3;500;175;68;7;36;15;4;57;6;6;16;10;12;5;0;29;2
2003-08;26;3;1;0;0;0;0;0;0;0;0;0;0;0;0;0;0;0;0
2003-08;27;3;733;314;155;12;50;16;5;142;61;4;8;7;1;0;1;87;6
2003-08;28;3;445;154;77;9;34;14;5;56;23;5;8;5;16;2;1;46;3
2003-08;29;3;493;188;92;15;76;28;11;48;12;7;10;8;4;2;2;34;3
2003-08;30;3;510;210;80;8;57;20;8;74;26;7;9;7;0;2;0;78;5
2003-08;31;3;37;11;2;0;4;1;0;3;2;0;0;0;0;0;0;8;1
2003-08;32;3;609;114;88;15;48;22;3;29;13;6;8;6;5;2;1;129;4
2003-08;33;3;580;143;93;9;47;17;7;37;32;4;13;13;0;0;6;97;8
2003-08;34;3;945;285;140;23;74;25;8;100;41;7;21;11;20;10;4;74;6
2003-08;35;3;1340;247;269;22;87;23;13;66;54;10;21;20;4;0;6;219;20
2003-08;36;3;669;90;115;10;28;7;9;14;8;6;20;15;24;5;5;140;5
2003-08;37;3;750;297;122;27;84;27;20;91;21;5;9;4;7;4;2;61;4
2003-08;38;3;600;270;87;3;51;21;13;93;32;2;8;2;12;6;1;45;6
2003-08;39;3;690;337;72;9;91;26;14;113;17;5;33;32;7;1;2;47;8
2003-08;40;3;397;172;37;4;49;15;9;48;6;2;8;7;0;0;2;26;3
2003-08;41;3;452;108;131;13;25;11;0;28;38;5;2;2;2;0;0;52;1
2003-08;43;3;0;0;0;0;0;0;0;0;0;0;0;0;0;0;0;0;0
2003-08;44;3;392;202;43;4;23;10;2;79;10;4;4;2;2;2;0;29;6
2003-09;1;3;656;81;213;60;46;20;0;3;13;52;1;1;0;0;1;19;1
2003-09;4;3;418;75;85;2;46;19;6;7;4;19;1;1;0;0;1;17;2
2003-09;5;3;782;125;235;39;74;40;3;5;12;56;2;2;1;0;0;61;3
2003-09;6;3;468;112;77;10;50;23;5;19;18;4;5;3;4;2;3;33;1
2003-09;7;3;112;31;27;1;5;2;0;10;8;0;1;1;1;0;1;5;1
2003-09;9;3;503;123;184;13;62;37;3;16;41;16;0;0;8;0;1;36;3
2003-09;10;3;503;82;245;16;39;21;0;6;58;28;4;3;0;1;0;35;2
2003-09;12;3;481;59;204;17;24;7;3;4;14;27;0;0;2;0;2;44;1
2003-09;13;3;337;58;132;12;23;13;2;2;11;17;0;0;1;0;1;22;5
2003-09;14;3;590;109;232;27;48;30;3;8;34;37;0;0;3;0;0;38;2
2003-09;15;3;291;60;96;5;22;15;1;2;12;9;1;0;7;1;1;15;2
2003-09;16;3;1030;159;332;47;48;15;6;28;55;15;3;3;4;0;3;125;4
2003-09;17;3;673;155;111;16;58;18;11;30;25;10;1;0;2;0;0;33;2
2003-09;18;3;377;101;119;9;47;31;2;15;40;16;0;0;0;0;0;23;2
2003-09;19;3;579;170;155;34;58;20;1;30;27;15;4;4;1;0;1;57;2
2003-09;20;3;569;228;141;20;68;32;1;50;46;12;2;0;1;2;3;48;8
2003-09;21;3;918;372;135;15;88;31;18;116;35;10;21;16;5;5;1;51;8
2003-09;22;3;702;268;127;10;65;24;14;105;35;8;8;2;1;6;2;51;5
2003-09;23;3;838;385;149;24;113;58;0;125;44;9;4;0;0;3;2;64;5
2003-09;24;3;539;228;60;11;61;27;3;76;12;7;2;2;4;0;2;57;8
2003-09;25;3;581;224;62;5;46;19;0;70;3;2;10;6;3;4;1;34;10
2003-09;26;3;1;0;0;0;0;0;0;0;0;0;0;0;0;0;0;0;0
2003-09;27;3;795;337;165;6;48;17;6;134;56;7;4;4;1;0;0;87;7
2003-09;28;3;504;190;83;11;37;15;5;67;27;4;17;10;8;5;2;47;11
2003-09;29;3;555;234;120;12;98;41;16;62;10;12;11;8;0;2;0;42;3
2003-09;30;3;556;217;85;9;60;27;8;73;24;8;5;4;0;1;2;67;5
2003-09;31;3;52;20;4;0;8;1;1;4;1;0;0;0;0;0;0;9;1
2003-09;32;3;652;108;107;26;37;16;6;23;14;5;5;5;4;0;7;103;8
2003-09;33;3;623;150;103;19;41;14;9;55;35;3;13;11;5;2;1;94;6
2003-09;34;3;942;270;151;15;80;33;9;93;44;9;23;19;4;4;6;110;10
2003-09;35;3;1414;237;360;25;98;31;12;54;41;15;23;18;11;5;11;239;30
2003-09;36;3;702;89;129;11;38;9;9;12;21;3;22;19;2;3;6;121;13
2003-09;37;3;743;321;123;25;62;24;10;109;20;10;10;4;2;6;1;59;11
2003-09;38;3;688;327;109;6;51;19;11;104;31;3;9;5;1;4;1;56;4
2003-09;39;3;814;341;77;6;102;34;13;105;15;2;25;20;7;5;0;67;6
2003-09;40;3;466;199;54;5;43;15;9;62;15;0;6;3;2;2;1;42;5
2003-09;41;3;504;114;142;14;36;18;3;34;42;9;4;3;4;1;1;61;7
2003-09;43;3;0;0;0;0;0;0;0;0;0;0;0;0;0;0;0;0;0
2003-09;44;3;522;245;65;7;47;21;6;95;13;3;10;7;13;2;2;33;6
2003-10;1;3;703;100;189;141;53;26;2;5;11;42;0;0;0;0;0;18;2
2003-10;4;3;407;78;77;6;47;25;4;9;2;10;1;1;0;0;4;11;7
2003-10;5;3;737;119;262;30;70;33;5;9;15;45;1;1;8;0;2;56;3
2003-10;6;3;534;144;67;6;62;38;3;27;5;9;11;9;8;2;2;29;1
2003-10;7;3;143;74;19;0;8;5;0;21;6;1;3;3;0;0;1;4;1
2003-10;9;3;545;153;171;24;68;37;7;27;47;20;1;0;6;0;2;30;4
2003-10;10;3;603;103;284;18;57;35;5;18;79;27;0;0;1;0;0;35;0
2003-10;12;3;589;69;223;25;30;15;1;3;14;31;0;0;0;0;1;27;5
2003-10;13;3;356;62;129;16;25;15;1;2;11;21;0;0;1;0;1;24;3
2003-10;14;3;605;124;222;20;68;32;0;5;22;42;1;0;0;1;0;40;2
2003-10;15;3;289;53;87;8;22;12;2;6;14;8;0;0;1;0;0;22;3
2003-10;16;3;1004;143;348;56;57;25;14;31;53;12;4;3;9;1;7;78;2
2003-10;17;3;634;149;108;9;53;22;6;36;32;5;1;0;0;0;0;26;7
2003-10;18;3;414;146;121;8;65;38;3;24;32;10;0;0;0;0;0;18;1
2003-10;19;3;540;145;174;23;57;32;2;31;29;21;3;1;12;2;2;44;3
2003-10;20;3;568;200;129;9;60;25;3;59;51;4;4;2;2;1;1;54;2
2003-10;21;3;995;361;133;24;95;26;19;114;32;9;21;14;21;7;3;44;9
2003-10;22;3;805;360;144;5;79;38;12;146;43;10;7;1;2;6;1;44;5
2003-10;23;3;838;410;145;41;113;67;1;128;24;7;7;3;5;4;3;60;5
2003-10;24;3;520;197;81;8;67;35;3;57;12;5;6;5;7;1;3;52;2
2003-10;25;3;570;206;50;9;40;16;4;68;5;2;13;6;12;6;4;24;6
2003-10;26;3;0;0;0;0;0;0;0;0;0;0;0;0;0;0;0;0;0
2003-10;27;3;704;292;126;12;68;28;6;115;40;4;14;8;2;6;1;71;2
2003-10;28;3;467;161;71;7;48;20;3;51;11;6;14;10;7;4;2;52;2
2003-10;29;3;585;230;129;16;103;40;18;56;13;19;12;10;0;0;0;59;4
2003-10;30;3;590;208;91;8;45;25;2;85;26;9;6;2;6;4;1;83;5
2003-10;31;3;40;12;4;0;2;1;0;3;1;0;3;3;0;0;1;6;0
2003-10;32;3;668;120;83;20;43;16;8;27;13;5;6;5;9;0;2;94;6
2003-10;33;3;731;206;106;13;55;19;4;67;30;7;7;7;4;0;6;107;5
2003-10;34;3;969;274;150;17;72;28;5;95;64;15;16;11;5;4;8;84;9
2003-10;35;3;1284;237;232;23;90;25;14;66;35;20;16;11;2;5;10;211;17
2003-10;36;3;671;87;112;12;28;7;9;18;15;5;12;12;17;0;9;125;17
2003-10;37;3;779;310;152;16;56;34;2;107;25;13;16;15;2;1;0;58;4
2003-10;38;3;745;371;124;4;49;18;10;132;45;3;24;13;5;11;2;64;4
2003-10;39;3;881;403;94;8;106;41;19;138;12;7;28;21;12;7;3;73;5
2003-10;40;3;377;160;42;7;29;13;4;60;14;1;7;5;0;2;2;38;1
2003-10;41;3;481;156;108;19;32;18;3;50;33;2;2;1;1;1;0;43;3
2003-10;43;3;0;0;0;0;0;0;0;0;0;0;0;0;0;0;0;0;0
2003-10;44;3;476;240;66;7;48;21;7;87;13;9;7;5;2;2;0;28;8
2003-11;1;3;760;96;281;121;57;27;3;5;6;51;0;0;0;0;0;29;0
2003-11;4;3;401;110;71;5;80;44;2;8;5;11;4;3;0;1;3;12;3
2003-11;5;3;734;117;240;36;73;34;3;7;15;38;2;1;0;0;3;65;3
2003-11;6;3;482;121;57;6;50;20;7;28;6;8;19;17;25;2;3;41;2
2003-11;7;3;131;79;21;1;8;4;0;29;6;0;1;0;0;1;0;14;0
2003-11;9;3;486;104;207;9;50;27;2;19;75;19;1;1;2;0;0;41;1
2003-11;10;3;547;104;286;23;55;27;3;14;68;30;0;0;1;0;0;29;1
2003-11;12;3;529;75;190;19;26;10;1;0;12;17;0;0;4;0;0;33;8
2003-11;13;3;311;42;134;15;22;14;1;4;13;20;1;0;0;1;1;22;1
2003-11;14;3;537;101;207;22;47;19;3;6;33;25;1;1;1;0;1;33;3
2003-11;15;3;304;41;98;8;13;6;2;9;15;9;0;0;3;0;3;21;2
2003-11;16;3;977;134;333;48;40;20;6;36;33;24;6;6;4;0;2;118;4
2003-11;17;3;716;197;108;3;54;20;5;52;14;9;4;1;13;3;0;42;2
2003-11;18;3;386;140;130;6;63;34;7;35;41;12;5;2;2;3;0;25;1
2003-11;19;3;545;154;155;25;54;29;2;36;24;19;4;3;7;1;1;54;2
2003-11;20;3;497;171;112;13;48;23;2;50;34;11;4;2;0;2;0;40;2
2003-11;21;3;882;294;112;13;85;24;19;83;33;9;22;15;3;6;5;44;9
2003-11;22;3;756;319;152;10;80;33;19;112;55;12;4;3;11;1;5;56;3
2003-11;23;3;928;424;168;43;151;79;3;120;38;8;3;2;3;1;4;58;5
2003-11;24;3;489;220;57;6;59;32;4;69;16;5;8;7;3;1;0;52;6
2003-11;25;3;549;195;67;7;45;20;5;65;9;3;3;0;2;3;2;25;4
2003-11;26;3;5;0;0;0;0;0;0;0;0;0;0;0;0;0;0;3;0
2003-11;27;3;670;273;150;15;55;25;4;103;49;2;4;2;3;2;2;76;7
2003-11;28;3;478;180;82;12;43;12;10;65;25;6;7;2;5;4;2;39;2
2003-11;29;3;545;223;110;10;111;46;21;55;12;16;5;5;1;0;3;44;4
2003-11;30;3;614;306;87;3;67;28;10;117;27;4;12;11;6;0;4;69;3
2003-11;31;3;39;10;1;0;2;2;0;5;0;0;0;0;0;0;0;6;1
2003-11;32;3;704;109;106;13;41;21;1;21;11;12;9;8;5;1;3;118;12
2003-11;33;3;654;182;107;9;47;16;4;64;38;3;7;6;7;0;1;102;5
2003-11;34;3;1002;269;131;21;58;15;9;91;27;8;14;10;7;2;9;102;8
2003-11;35;3;1409;240;262;24;71;16;18;66;52;19;23;16;9;5;11;264;22
2003-11;36;3;764;123;103;5;42;6;12;25;11;8;20;17;11;3;9;156;22
2003-11;37;3;807;269;174;12;54;18;7;94;23;14;14;10;5;4;6;64;5
2003-11;38;3;589;255;97;5;55;19;14;67;30;7;7;6;0;0;1;67;7
2003-11;39;3;729;274;75;1;89;31;16;83;14;2;34;31;15;3;2;64;9
2003-11;40;3;355;150;37;3;30;8;5;49;5;2;2;1;2;1;1;38;6
2003-11;41;3;489;130;139;15;30;10;6;45;31;5;5;5;1;0;2;66;3
2003-11;43;3;0;0;0;0;0;0;0;0;0;0;0;0;0;0;0;0;0
2003-11;44;3;458;192;64;10;45;21;3;61;16;6;5;3;4;1;3;35;2
2003-12;1;3;725;101;282;42;63;31;4;5;18;46;1;1;1;0;0;21;4
2003-12;4;3;442;110;82;4;66;30;6;9;3;15;4;4;3;0;2;13;6
2003-12;5;3;663;122;197;37;69;28;4;3;9;28;1;1;3;0;2;48;5
2003-12;6;3;462;107;73;4;57;31;7;16;10;8;16;12;21;3;1;30;2
2003-12;7;3;106;41;28;1;4;1;1;14;9;1;1;1;0;0;0;10;0
2003-12;9;3;575;126;270;18;61;32;3;19;95;18;0;0;0;0;0;28;8
2003-12;10;3;602;117;300;13;51;25;2;17;75;19;0;0;6;0;2;36;5
2003-12;12;3;624;90;265;19;23;11;0;0;14;26;1;1;1;0;2;30;0
2003-12;13;3;334;61;141;12;23;8;0;1;16;13;0;0;0;0;0;27;1
2003-12;14;3;573;131;243;20;58;33;1;12;28;27;3;3;0;0;0;36;2
2003-12;15;3;332;67;93;4;15;9;1;8;12;7;1;0;3;1;1;13;1
2003-12;16;3;1146;142;396;44;30;15;0;43;41;20;2;2;6;0;5;116;3
2003-12;17;3;579;166;106;9;57;21;5;35;13;8;7;7;7;0;1;33;6
2003-12;18;3;391;171;112;5;55;31;2;48;32;12;0;0;0;0;0;30;3
2003-12;19;3;649;202;187;38;58;32;2;65;24;15;1;1;1;0;1;52;1
2003-12;20;3;522;182;109;15;50;27;1;57;24;7;7;6;0;0;1;30;2
2003-12;21;3;812;293;117;10;76;16;19;105;32;12;13;10;11;2;4;61;5
2003-12;22;3;813;349;176;16;81;39;8;125;49;12;15;4;5;11;6;39;2
2003-12;23;3;910;374;170;38;108;52;0;127;45;7;4;3;3;1;4;84;3
2003-12;24;3;565;260;62;7;51;22;2;90;8;4;7;6;6;0;0;40;6
2003-12;25;3;584;234;74;9;45;18;6;62;7;4;11;10;3;0;1;37;2
2003-12;26;3;1;0;0;0;0;0;0;0;0;0;0;0;0;0;0;1;0
2003-12;27;3;700;290;152;16;61;26;3;111;44;11;7;5;5;0;0;87;12
2003-12;28;3;529;230;83;7;52;22;2;93;20;3;12;7;5;5;0;76;2
2003-12;29;3;589;220;155;11;81;31;9;66;23;14;4;4;1;0;1;28;0
2003-12;30;3;553;235;92;4;55;18;13;89;28;7;6;4;6;2;3;65;2
2003-12;31;3;30;10;1;0;0;0;0;3;1;0;0;0;0;0;0;7;0
2003-12;32;3;713;135;107;11;37;17;4;27;6;6;13;11;9;2;3;118;9
2003-12;33;3;634;152;80;3;48;12;5;49;19;6;11;10;12;1;6;104;4
2003-12;34;3;937;275;139;11;74;27;7;88;29;10;22;21;5;1;6;95;13
2003-12;35;3;1500;308;247;19;89;28;16;105;40;23;35;33;10;0;10;290;13
2003-12;36;3;802;130;110;14;38;10;10;30;14;2;16;14;5;2;8;169;11
2003-12;37;3;700;204;120;14;57;19;9;68;11;10;12;10;2;2;1;80;5
2003-12;38;3;697;355;118;4;46;11;4;123;36;2;18;7;4;11;1;70;1
2003-12;39;3;750;323;85;4;78;36;10;112;16;5;36;30;2;5;2;80;6
2003-12;40;3;456;211;43;5;47;17;5;74;9;2;10;10;4;0;1;36;4
2003-12;41;3;475;138;113;7;41;16;3;48;39;7;2;2;0;0;0;47;3
2003-12;43;3;0;0;0;0;0;0;0;0;0;0;0;0;0;0;0;0;0
2003-12;44;3;443;170;70;3;44;21;2;56;6;1;9;6;6;3;2;36;3
2004-01;1;3;637;87;176;134;58;34;1;2;18;43;1;1;0;0;0;14;3
2004-01;4;3;447;118;85;7;61;32;3;18;7;8;1;1;2;0;4;32;3
2004-01;5;3;699;144;205;41;73;35;2;8;19;32;2;2;0;0;3;64;4
2004-01;6;3;455;97;78;5;63;38;3;16;7;11;6;4;4;2;2;36;2
2004-01;7;3;143;55;30;1;9;3;0;20;9;1;2;2;0;0;0;11;0
2004-01;9;3;548;115;249;17;49;34;2;25;87;21;1;1;0;0;5;41;6
2004-01;10;3;560;120;278;13;48;29;2;24;84;19;2;2;2;0;3;25;3
2004-01;12;3;699;102;321;20;30;13;1;4;21;68;0;0;2;0;0;45;6
2004-01;13;3;362;41;170;10;14;7;0;1;7;27;0;0;0;0;1;17;3
2004-01;14;3;567;122;237;19;42;19;1;15;17;34;1;1;0;0;1;36;4
2004-01;15;3;279;65;68;14;17;11;0;11;8;6;5;4;4;1;0;23;2
2004-01;16;3;1101;136;418;59;34;16;2;33;72;28;8;8;4;0;2;129;5
2004-01;17;3;645;191;134;8;61;26;12;52;28;12;8;5;6;3;1;34;5
2004-01;18;3;367;123;101;8;57;32;0;20;23;12;3;2;6;1;1;20;0
2004-01;19;3;564;136;149;28;58;38;1;28;25;20;3;3;0;0;2;56;3
2004-01;20;3;479;180;103;10;59;35;1;49;26;9;4;1;6;3;2;38;3
2004-01;21;3;852;311;134;11;76;27;18;101;39;5;27;13;10;14;0;70;13
2004-01;22;3;810;344;167;17;62;24;7;140;57;14;5;4;0;0;1;53;4
2004-01;23;3;728;332;130;24;98;51;2;100;31;12;0;0;0;0;0;70;1
2004-01;24;3;477;208;74;5;50;29;2;61;18;4;7;5;0;2;3;34;1
2004-01;25;3;522;198;53;6;46;26;2;52;10;0;10;5;14;4;0;49;3
2004-01;26;3;1;0;0;0;0;0;0;0;0;0;0;0;0;0;0;0;0
2004-01;27;3;692;328;137;30;64;32;3;134;55;6;8;7;5;0;2;61;1
2004-01;28;3;475;156;83;8;50;25;4;45;22;6;10;9;6;1;3;78;6
2004-01;29;3;545;229;111;13;97;46;18;62;23;12;3;3;1;0;1;60;9
2004-01;30;3;562;227;88;7;57;29;3;79;29;6;12;5;17;6;2;64;8
2004-01;31;3;48;12;7;1;3;2;0;3;4;0;0;0;0;0;0;16;0
2004-01;32;3;675;120;114;18;33;19;2;36;18;11;5;4;3;1;4;121;7
2004-01;33;3;681;204;102;11;48;20;8;74;42;4;16;14;7;1;4;103;8
2004-01;34;3;948;253;130;11;68;19;5;95;36;10;23;20;8;2;6;99;11
2004-01;35;3;1316;232;206;25;81;20;14;62;35;13;31;28;5;2;17;263;9
2004-01;36;3;866;125;134;16;52;16;13;27;22;3;40;36;5;3;10;168;11
2004-01;37;3;713;260;94;23;42;12;14;87;7;10;16;14;5;2;1;53;6
2004-01;38;3;652;410;95;7;52;26;7;140;30;5;6;3;1;3;3;47;5
2004-01;39;3;784;342;62;5;90;38;15;126;15;6;35;31;19;4;5;71;10
2004-01;40;3;445;215;47;4;32;14;6;82;10;1;5;2;7;1;2;36;11
2004-01;41;3;499;140;134;12;35;19;0;52;44;7;11;10;1;1;2;65;4
2004-01;43;3;0;0;0;0;0;0;0;0;0;0;0;0;0;0;0;0;0
2004-01;44;3;369;152;56;6;31;14;2;57;10;2;7;5;6;2;3;31;5
2004-02;1;3;714;113;235;110;66;27;2;4;21;46;3;2;1;0;0;16;3
2004-02;4;3;472;111;107;1;72;33;1;9;10;19;3;3;3;0;2;14;9
2004-02;5;3;652;127;257;21;66;38;1;10;22;38;1;1;0;0;2;40;5
2004-02;6;3;521;90;161;3;43;21;2;11;13;27;14;12;6;2;1;32;3
2004-02;7;3;133;40;44;0;11;2;4;7;8;4;3;3;1;0;0;16;0
2004-02;9;3;542;117;207;17;49;24;3;29;57;22;1;0;2;1;0;27;3
2004-02;10;3;488;100;219;16;43;17;3;13;49;13;1;1;1;0;0;29;2
2004-02;12;3;645;108;293;23;23;13;1;3;20;36;1;1;3;0;1;27;4
2004-02;13;3;349;67;153;7;22;6;0;6;13;15;1;1;0;0;0;32;1
2004-02;14;3;639;132;322;21;45;17;0;3;11;47;1;1;1;0;0;22;1
2004-02;15;3;304;74;106;7;21;7;4;7;10;8;5;4;12;0;1;18;4
2004-02;16;3;911;129;283;58;35;15;5;29;33;25;6;5;2;0;0;85;1
2004-02;17;3;584;169;102;5;53;20;6;48;19;11;4;3;4;1;0;18;1
2004-02;18;3;416;131;128;15;58;28;2;24;24;16;2;0;1;2;0;19;2
2004-02;19;3;504;128;146;10;43;22;0;31;23;19;1;1;5;0;1;47;2
2004-02;20;3;471;163;102;12;58;35;6;45;21;9;2;2;6;0;1;33;3
2004-02;21;3;759;351;117;14;71;26;19;122;30;6;18;13;11;3;0;38;7
2004-02;22;3;737;320;169;12;51;22;4;126;52;18;10;9;2;1;4;32;10
2004-02;23;3;741;341;156;30;123;56;5;80;32;15;5;3;4;2;1;56;7
2004-02;24;3;522;263;79;4;60;32;2;78;11;10;9;6;4;2;0;44;2
2004-02;25;3;488;198;65;2;42;18;10;56;8;4;14;3;6;10;1;21;3
2004-02;26;3;0;0;0;0;0;0;0;0;0;0;0;0;0;0;0;0;0
2004-02;27;3;649;259;135;25;57;29;4;93;56;7;4;3;1;0;2;69;2
2004-02;28;3;375;166;67;4;55;14;5;50;14;5;7;6;0;1;1;47;3
2004-02;29;3;559;216;137;12;90;31;21;54;27;9;14;12;1;0;0;36;2
2004-02;30;3;520;191;94;8;70;23;7;57;22;6;10;9;13;1;3;70;2
2004-02;31;3;42;15;6;0;4;3;0;5;2;0;0;0;0;0;0;6;0
2004-02;32;3;655;113;113;19;38;13;9;29;16;11;9;7;1;1;2;126;7
2004-02;33;3;569;143;92;11;31;17;2;60;32;8;15;15;2;0;4;77;5
2004-02;34;3;895;172;149;16;60;26;6;51;46;10;16;13;6;3;0;88;11
2004-02;35;3;1357;224;266;26;88;29;17;56;41;11;36;35;10;0;10;228;16
2004-02;36;3;580;90;97;9;39;10;12;19;14;9;32;31;8;1;8;95;9
2004-02;37;3;620;249;118;11;46;19;5;85;9;7;3;1;6;1;3;37;5
2004-02;38;3;554;279;80;4;40;23;7;98;27;3;5;3;0;1;4;28;5
2004-02;39;3;679;288;76;3;69;28;10;96;10;5;28;23;9;4;6;59;10
2004-02;40;3;357;167;38;3;37;8;8;57;7;1;7;5;6;1;3;28;4
2004-02;41;3;495;153;101;16;42;17;4;46;29;4;5;5;3;0;2;76;2
2004-02;43;3;0;0;0;0;0;0;0;0;0;0;0;0;0;0;0;0;0
2004-02;44;3;372;171;75;1;33;12;6;58;18;7;1;1;1;0;1;35;9
2004-03;1;3;829;111;304;54;67;27;2;8;31;68;0;0;0;0;2;26;0
2004-03;4;3;526;168;98;3;113;74;4;16;4;14;3;3;0;0;2;22;0
2004-03;5;3;765;132;268;42;75;41;2;13;30;56;3;3;0;0;1;51;4
2004-03;6;3;506;129;87;6;64;28;3;20;8;14;8;6;15;1;2;36;4
2004-03;7;3;143;66;30;2;8;5;0;23;10;0;1;1;0;0;0;19;0
2004-03;9;3;603;119;261;18;54;27;5;21;70;51;0;0;2;0;2;24;4
2004-03;10;3;578;95;272;22;46;28;2;11;65;33;2;1;0;1;3;26;1
2004-03;12;3;571;93;230;19;23;9;1;2;9;28;5;1;11;4;0;25;1
2004-03;13;3;306;56;116;8;14;8;0;7;5;15;2;1;0;1;2;9;4
2004-03;14;3;668;113;251;30;33;18;0;11;14;32;1;1;1;0;1;29;3
2004-03;15;3;323;59;96;7;15;8;1;2;17;9;1;1;0;0;2;20;4
2004-03;16;3;1268;169;471;65;56;34;8;40;43;30;7;7;10;0;3;125;4
2004-03;17;3;737;212;154;9;73;36;9;46;27;6;9;7;3;0;3;31;2
2004-03;18;3;475;176;138;11;73;48;2;42;30;23;3;3;0;0;7;23;0
2004-03;19;3;598;188;160;11;76;40;7;51;28;21;4;3;1;1;0;49;2
2004-03;20;3;519;168;125;13;70;46;4;32;31;9;0;0;2;0;3;43;2
2004-03;21;3;998;462;118;23;92;35;15;137;26;3;28;16;10;11;1;57;6
2004-03;22;3;850;356;187;20;84;40;12;127;56;9;6;5;0;1;3;46;15
2004-03;23;3;791;326;164;26;120;70;2;74;52;10;3;0;0;3;0;69;6
2004-03;24;3;556;275;90;7;58;24;4;86;19;5;6;2;4;4;0;35;4
2004-03;25;3;513;185;55;10;46;24;4;51;9;0;5;3;6;2;2;23;6
2004-03;26;3;6;0;0;0;0;0;0;0;0;0;0;0;0;0;0;4;0
2004-03;27;3;806;329;172;16;60;33;7;139;62;10;10;8;0;2;3;76;1
2004-03;28;3;511;226;84;7;54;14;7;80;21;6;8;5;9;3;1;37;7
2004-03;29;3;673;244;132;29;96;41;18;62;24;17;14;12;3;2;0;62;5
2004-03;30;3;623;272;104;12;86;35;10;87;32;7;7;4;5;2;2;70;3
2004-03;31;3;52;12;9;0;2;1;0;3;3;0;0;0;1;0;0;9;0
2004-03;32;3;822;141;145;13;41;18;6;42;16;15;5;5;8;0;6;124;8
2004-03;33;3;714;275;106;10;67;24;14;101;33;7;15;15;1;0;5;97;9
2004-03;34;3;970;185;147;19;54;25;8;70;37;10;36;31;6;5;13;110;10
2004-03;35;3;1517;313;237;33;132;50;14;74;30;23;34;34;15;0;16;269;26
2004-03;36;3;676;91;83;12;40;12;10;23;18;2;22;17;10;4;7;123;10
2004-03;37;3;847;320;198;15;71;25;14;113;43;12;12;4;6;7;2;65;3
2004-03;38;3;646;325;106;5;44;23;4;105;27;6;6;3;1;3;1;47;7
2004-03;39;3;752;309;81;8;88;37;11;96;19;6;24;21;11;3;3;51;5
2004-03;40;3;403;157;45;5;45;16;8;58;12;6;8;7;0;1;0;43;3
2004-03;41;3;618;212;140;22;58;26;5;68;32;11;3;3;1;0;2;59;2
2004-03;43;3;0;0;0;0;0;0;0;0;0;0;0;0;0;0;0;0;0
2004-03;44;3;446;183;75;9;32;10;7;55;24;3;1;1;4;0;1;31;6
2004-04;1;3;623;92;231;39;57;19;1;9;21;52;0;0;0;0;0;18;4
2004-04;4;3;424;113;84;4;83;41;4;3;5;11;3;3;1;0;0;20;6
2004-04;5;3;709;127;248;41;78;26;0;9;25;46;0;0;2;0;3;39;3
2004-04;6;3;469;138;49;12;75;23;10;28;7;10;8;6;8;2;0;37;8
2004-04;7;3;133;48;34;1;11;1;0;23;19;1;2;2;0;0;0;14;0
2004-04;9;3;519;96;206;12;47;22;5;18;68;27;4;4;1;0;10;23;2
2004-04;10;3;515;96;218;20;50;23;2;7;62;24;0;0;2;0;0;35;2
2004-04;12;3;526;76;205;32;20;7;1;1;15;29;7;4;0;1;2;26;3
2004-04;13;3;313;61;117;16;17;7;1;4;4;21;1;1;1;0;1;21;4
2004-04;14;3;569;116;217;24;50;14;1;8;11;37;0;0;0;0;1;25;0
2004-04;15;3;333;37;68;9;11;3;1;11;16;7;15;7;9;7;1;24;2
2004-04;16;3;937;129;313;50;52;21;5;24;50;19;2;2;3;0;4;81;5
2004-04;17;3;708;237;97;11;73;21;13;78;13;4;8;6;6;2;2;18;1
2004-04;18;3;469;133;143;10;62;24;1;27;38;21;1;1;0;0;0;21;6
2004-04;19;3;527;141;144;26;63;23;3;30;22;13;4;2;3;0;1;39;3
2004-04;20;3;481;176;122;15;75;22;7;45;41;6;3;2;0;1;2;31;13
2004-04;21;3;935;404;116;15;90;25;18;160;39;11;17;9;7;8;2;39;8
2004-04;22;3;831;296;165;29;69;17;10;143;61;9;4;1;1;1;1;48;5
2004-04;23;3;860;339;173;25;117;50;4;107;50;19;6;3;1;1;1;60;6
2004-04;24;3;613;288;75;2;79;20;7;96;15;6;4;3;3;1;3;44;2
2004-04;25;3;542;203;58;10;39;11;2;92;9;3;5;3;2;2;2;29;1
2004-04;26;3;0;0;0;0;0;0;0;0;0;0;0;0;0;0;0;0;0
2004-04;27;3;780;346;161;17;60;25;7;123;63;4;7;6;1;1;1;93;4
2004-04;28;3;502;167;64;11;57;27;4;72;8;9;3;2;4;1;2;42;6
2004-04;29;3;645;309;110;22;128;38;27;80;13;10;8;8;5;0;1;43;3
2004-04;30;3;581;228;116;4;88;23;12;89;40;10;4;4;0;0;3;51;3
2004-04;31;3;4;0;0;1;0;0;0;0;0;0;0;0;0;0;0;0;1
2004-04;32;3;662;118;100;15;45;14;5;31;13;15;9;9;2;0;7;113;7
2004-04;33;3;697;238;84;12;48;16;16;87;22;4;10;10;3;0;2;120;4
2004-04;34;3;888;185;108;25;63;21;8;74;26;5;14;12;12;2;11;106;6
2004-04;35;3;1374;248;230;29;100;25;17;63;40;25;24;22;3;2;17;236;11
2004-04;36;3;660;117;95;12;44;15;10;31;19;7;13;10;3;2;7;112;16
2004-04;37;3;671;173;118;20;52;15;5;72;26;10;14;12;2;2;5;58;8
2004-04;38;3;637;365;76;4;45;13;3;106;27;2;14;8;1;6;1;42;2
2004-04;39;3;777;366;60;12;90;42;12;121;17;5;22;19;5;3;7;60;10
2004-04;40;3;420;175;44;8;37;11;6;72;17;4;9;9;0;0;0;28;4
2004-04;41;3;559;149;111;10;47;17;2;72;34;8;4;4;0;0;3;68;4
2004-04;43;3;0;0;0;0;0;0;0;0;0;0;0;0;0;0;0;0;0
2004-04;44;3;412;186;40;3;46;19;4;72;7;1;2;2;2;0;0;30;2
2004-05;1;3;538;72;178;37;51;20;1;3;13;33;0;0;1;0;0;16;2
2004-05;4;3;602;187;127;12;124;62;4;19;7;28;0;0;3;0;0;22;9
2004-05;5;3;719;139;265;43;90;23;1;10;24;43;1;1;0;0;0;63;2
2004-05;6;3;487;129;55;7;60;18;7;31;15;8;17;12;8;5;1;31;3
2004-05;7;3;125;34;31;3;5;1;0;16;16;1;2;2;1;0;1;13;0
2004-05;9;3;513;100;161;18;49;22;4;28;57;23;3;2;1;0;1;45;4
2004-05;10;3;577;127;227;24;82;39;6;10;75;29;1;1;3;0;1;24;4
2004-05;12;3;490;77;171;28;27;12;0;1;10;34;0;0;1;0;1;46;2
2004-05;13;3;278;36;105;18;15;10;1;1;5;16;0;0;0;0;0;12;0
2004-05;14;3;577;91;189;17;48;28;0;6;15;27;0;0;0;0;0;35;3
2004-05;15;3;306;30;73;5;18;9;3;4;13;6;1;0;4;1;2;29;3
2004-05;16;3;1066;138;364;69;41;24;5;32;37;33;5;5;1;0;3;92;5
2004-05;17;3;711;239;91;7;63;25;8;81;13;7;9;6;8;1;0;21;3
2004-05;18;3;453;157;133;11;80;50;1;48;31;17;0;0;0;0;1;23;4
2004-05;19;3;596;127;161;24;47;24;1;41;32;23;1;1;4;0;0;54;2
2004-05;20;3;510;166;124;15;61;33;2;61;32;10;2;2;3;0;7;29;2
2004-05;21;3;1085;401;134;12;108;40;18;175;39;19;51;43;8;8;2;41;16
2004-05;22;3;916;325;167;12;84;31;11;150;60;7;12;4;7;6;1;47;7
2004-05;23;3;809;310;160;29;120;59;3;96;40;19;4;2;1;0;2;55;2
2004-05;24;3;563;213;74;10;64;22;3;87;17;10;5;3;0;1;2;51;2
2004-05;25;3;624;220;51;8;36;18;2;95;10;2;7;4;6;2;2;41;7
2004-05;26;3;4;1;0;0;0;0;0;0;0;0;0;0;0;0;0;1;0
2004-05;27;3;749;329;201;17;74;38;1;125;73;11;12;9;2;3;1;79;4
2004-05;28;3;506;164;76;10;59;26;4;71;21;6;12;10;6;1;3;50;5
2004-05;29;3;703;257;135;30;117;56;25;64;14;13;13;7;0;6;2;55;2
2004-05;30;3;621;220;98;9;90;38;10;90;27;7;11;7;7;3;3;66;7
2004-05;31;3;36;24;3;0;5;2;1;9;0;0;0;0;0;0;0;1;0
2004-05;32;3;663;87;101;19;41;16;4;26;13;7;14;13;6;1;2;100;11
2004-05;33;3;758;250;131;13;56;20;5;86;36;5;16;14;1;1;1;100;6
2004-05;34;3;915;178;130;19;65;31;9;70;25;10;14;9;2;5;8;90;6
2004-05;35;3;1460;252;278;32;104;39;11;92;69;20;39;32;5;7;5;223;17
2004-05;36;3;665;93;98;13;32;12;7;34;13;6;32;26;6;6;7;126;5
2004-05;37;3;772;215;133;15;71;25;11;98;32;17;9;8;12;1;1;63;1
2004-05;38;3;738;444;96;5;51;16;8;146;31;3;13;8;8;4;0;42;7
2004-05;39;3;779;323;93;11;89;44;9;125;20;2;18;14;7;4;2;58;6
2004-05;40;3;434;168;48;3;52;21;14;71;10;4;3;3;5;0;1;25;4
2004-05;41;3;548;136;118;17;44;21;4;56;24;12;3;1;3;2;3;59;5
2004-05;43;3;0;0;0;0;0;0;0;0;0;0;0;0;0;0;0;0;0
2004-05;44;3;538;235;75;2;41;16;5;94;17;4;3;2;1;1;1;19;2
2004-06;1;3;1019;150;337;60;95;47;2;3;34;70;0;0;0;0;1;32;1
2004-06;4;3;540;182;98;6;92;48;3;27;6;14;2;2;0;0;3;19;3
2004-06;5;3;680;98;192;43;58;10;5;5;9;39;1;1;1;0;1;45;2
2004-06;6;3;503;139;60;2;81;13;20;31;9;10;16;8;6;8;9;13;4
2004-06;7;3;141;44;34;0;13;3;1;22;17;1;4;3;0;1;2;14;0
2004-06;9;3;534;106;177;27;45;26;3;31;44;43;4;4;2;0;3;42;4
2004-06;10;3;512;100;214;27;57;25;3;7;44;28;1;1;0;0;1;16;3
2004-06;12;3;486;76;168;33;29;11;2;2;11;32;2;2;1;0;1;21;1
2004-06;13;3;315;64;121;24;29;10;1;2;3;25;0;0;0;0;0;23;0
2004-06;14;3;527;91;179;23;36;17;1;6;13;18;1;1;0;0;1;25;1
2004-06;15;3;281;26;80;4;11;2;4;4;13;9;1;1;3;0;0;23;4
2004-06;16;3;957;129;344;52;41;19;10;23;41;22;4;3;3;1;2;84;0
2004-06;17;3;727;204;117;9;69;26;11;67;19;14;6;6;7;0;1;20;6
2004-06;18;3;468;175;112;16;89;41;2;53;26;15;3;0;0;3;1;15;0
2004-06;19;3;598;155;150;34;71;41;3;39;30;17;2;1;2;1;1;35;5
2004-06;20;3;459;139;103;15;65;34;2;46;23;10;1;0;0;1;2;37;2
2004-06;21;3;969;318;142;17;105;33;32;107;40;12;20;12;6;7;1;49;5
2004-06;22;3;865;292;191;18;86;36;5;135;55;9;5;5;11;0;1;45;3
2004-06;23;3;716;224;169;27;106;58;5;64;41;18;1;0;3;1;0;46;1
2004-06;24;3;580;220;92;7;57;24;3;99;18;8;4;3;0;1;4;40;3
2004-06;25;3;517;176;56;4;40;17;8;61;12;7;11;9;0;0;3;28;2
2004-06;26;3;1;0;0;0;0;0;0;0;0;0;0;0;0;0;0;1;0
2004-06;27;3;649;290;170;15;73;39;6;100;76;8;5;4;1;1;1;50;6
2004-06;28;3;504;173;80;9;67;30;4;65;18;7;9;8;3;1;2;47;3
2004-06;29;3;694;263;138;22;125;46;25;61;16;17;8;7;6;1;1;43;5
2004-06;30;3;550;228;89;7;82;41;7;99;29;8;4;1;4;3;1;67;1
2004-06;31;3;44;28;0;2;4;1;0;9;0;0;0;0;1;0;0;4;0
2004-06;32;3;668;117;101;19;34;17;2;45;10;11;6;6;3;0;6;76;4
2004-06;33;3;704;186;132;11;56;21;8;58;36;8;6;6;4;0;3;86;9
2004-06;34;3;980;205;153;26;81;35;6;78;34;12;13;12;1;1;8;99;7
2004-06;35;3;1369;256;247;22;108;30;13;78;57;28;16;13;9;3;7;214;10
2004-06;36;3;678;108;93;16;45;17;6;34;20;5;18;13;9;4;8;120;8
2004-06;37;3;703;195;126;17;66;24;15;83;22;17;7;4;3;3;1;55;5
2004-06;38;3;634;340;122;8;49;27;4;111;48;5;5;3;1;1;1;48;2
2004-06;39;3;872;476;71;7;103;45;17;181;13;7;34;26;4;7;4;66;5
2004-06;40;3;421;133;44;10;42;15;10;57;8;3;9;7;2;2;0;35;7
2004-06;41;3;557;142;124;17;42;21;1;65;27;13;2;2;2;0;2;61;3
2004-06;43;3;0;0;0;0;0;0;0;0;0;0;0;0;0;0;0;0;0
2004-06;44;3;496;201;56;5;47;21;4;81;14;2;6;3;2;2;2;40;3
2004-07;1;3;615;88;200;59;56;31;0;4;14;47;1;1;0;0;1;23;0
2004-07;4;3;540;146;95;9;91;48;6;12;6;15;4;4;2;0;0;22;5
2004-07;5;3;832;115;243;69;76;20;6;9;17;44;3;3;3;0;3;53;2
2004-07;6;3;564;147;79;7;66;18;15;35;11;12;13;8;12;5;1;29;2
2004-07;7;3;166;65;34;0;16;3;2;31;9;3;2;2;0;0;0;9;0
2004-07;9;3;531;112;198;20;57;23;5;29;57;19;0;0;0;0;1;34;1
2004-07;10;3;579;100;226;26;62;26;6;8;57;21;1;1;1;0;1;25;1
2004-07;12;3;551;103;184;22;42;9;4;2;10;24;2;0;6;2;3;36;0
2004-07;13;3;314;63;108;17;30;5;8;2;4;13;0;0;0;0;1;18;0
2004-07;14;3;537;104;177;22;59;12;4;6;5;26;0;0;3;0;0;31;3
2004-07;15;3;295;44;63;6;26;5;7;4;9;6;0;0;2;0;0;16;1
2004-07;16;3;1081;153;336;73;46;21;10;38;38;24;6;6;1;0;1;79;4
2004-07;17;3;690;230;109;13;76;28;19;85;18;11;8;4;13;4;1;25;4
2004-07;18;3;497;196;119;8;102;35;7;48;37;11;4;2;1;0;0;15;3
2004-07;19;3;676;186;152;19;65;23;7;59;27;22;1;0;0;0;4;43;1
2004-07;20;3;514;184;123;12;67;15;6;67;23;10;1;0;4;0;3;25;2
2004-07;21;3;947;277;132;14;81;12;30;107;43;10;23;13;20;10;5;46;8
2004-07;22;3;798;257;170;13;69;23;11;107;64;11;14;12;2;1;1;36;6
2004-07;23;3;730;211;172;24;86;20;6;55;45;16;5;4;4;1;0;37;7
2004-07;24;3;557;159;83;8;60;15;3;64;19;5;1;0;4;1;2;46;4
2004-07;25;3;519;157;53;11;42;10;5;59;5;4;6;5;13;1;1;30;0
2004-07;26;3;4;0;0;0;0;0;0;0;0;0;0;0;0;0;0;2;0
2004-07;27;3;702;329;183;17;57;31;5;123;75;11;13;10;0;3;1;47;7
2004-07;28;3;542;198;73;20;81;22;15;69;12;12;6;1;6;5;2;41;4
2004-07;29;3;676;281;134;29;125;47;39;75;15;20;5;4;0;0;3;44;4
2004-07;30;3;537;187;90;9;68;17;10;80;26;10;4;3;1;0;5;60;4
2004-07;31;3;69;20;1;0;2;0;0;9;0;0;1;0;0;1;1;12;0
2004-07;32;3;637;113;97;7;36;12;9;41;9;14;5;4;3;1;6;102;7
2004-07;33;3;732;180;110;18;41;21;5;59;30;6;12;12;2;0;3;66;8
2004-07;34;3;977;214;141;22;98;35;18;78;32;16;44;37;7;7;4;81;4
2004-07;35;3;1384;254;229;35;92;21;27;89;50;23;21;20;7;1;14;205;15
2004-07;36;3;699;107;99;7;40;10;9;29;25;11;20;18;3;1;7;112;8
2004-07;37;3;668;167;122;20;63;8;13;61;14;21;7;4;0;3;0;40;5
2004-07;38;3;641;306;110;5;41;10;7;120;48;5;7;4;1;2;3;41;1
2004-07;39;3;896;490;63;8;103;54;13;205;19;9;20;17;12;2;2;39;7
2004-07;40;3;433;153;45;4;45;16;10;72;15;2;6;5;3;1;0;23;2
2004-07;41;3;506;137;109;12;44;15;9;57;30;9;7;7;1;0;1;54;2
2004-07;43;3;27;3;3;1;1;0;0;0;0;0;0;0;0;0;1;14;0
2004-07;44;3;504;197;65;5;50;21;5;80;18;5;12;9;3;2;0;30;1
2004-08;1;3;697;73;236;67;48;15;3;2;15;56;0;0;0;0;0;37;0
2004-08;4;3;576;126;90;5;77;23;17;11;4;21;5;5;0;0;3;22;5
2004-08;5;3;905;149;254;62;80;18;2;12;23;46;1;1;2;0;5;51;0
2004-08;6;3;513;118;61;17;52;14;2;31;9;8;12;8;3;3;6;20;3
2004-08;7;3;180;50;39;3;19;4;0;23;12;1;2;2;0;0;1;11;2
2004-08;9;3;547;99;202;17;58;15;5;21;63;26;3;3;2;0;0;27;1
2004-08;10;3;491;88;173;16;49;17;2;15;23;28;0;0;1;0;0;28;2
2004-08;12;3;557;87;170;24;34;15;6;0;9;23;1;0;1;0;1;24;3
2004-08;13;3;334;66;94;15;31;8;5;2;6;16;2;0;2;1;2;13;2
2004-08;14;3;567;97;175;24;43;15;3;6;11;18;0;0;0;0;1;29;1
2004-08;15;3;321;38;80;9;14;3;3;2;12;14;1;1;0;0;4;20;6
2004-08;16;3;1228;113;337;64;41;15;4;22;48;33;1;1;6;0;5;120;6
2004-08;17;3;681;164;146;11;64;11;20;43;16;17;2;2;0;0;1;22;0
2004-08;18;3;494;153;113;17;64;15;6;55;35;14;2;2;1;0;1;24;0
2004-08;19;3;687;164;177;15;74;22;5;38;25;30;1;1;1;0;1;36;1
2004-08;20;3;473;144;98;14;61;23;4;41;22;10;9;4;1;3;1;28;4
2004-08;21;3;868;257;110;15;85;10;24;89;33;16;41;20;22;21;6;53;2
2004-08;22;3;762;219;150;14;69;12;11;102;46;14;6;3;16;3;2;48;5
2004-08;23;3;781;226;172;27;112;20;5;59;42;23;4;0;0;4;2;49;5
2004-08;24;3;563;170;74;20;64;8;4;55;21;5;11;11;6;0;3;55;6
2004-08;25;3;453;136;53;6;42;10;3;47;4;5;4;3;3;1;1;32;5
2004-08;26;3;0;0;0;0;0;0;0;0;0;0;0;0;0;0;0;0;0
2004-08;27;3;664;229;172;25;55;21;8;100;83;10;4;1;2;3;2;69;3
2004-08;28;3;478;141;71;8;48;10;7;64;18;9;5;3;5;2;5;46;4
2004-08;29;3;704;260;149;26;152;46;47;53;13;20;9;8;3;1;4;49;6
2004-08;30;3;575;189;82;14;73;14;13;85;22;7;8;5;6;3;2;61;0
2004-08;31;3;0;0;0;0;0;0;0;0;0;0;0;0;0;0;0;0;0
2004-08;32;3;701;104;97;21;41;12;6;27;11;17;7;4;1;2;12;87;8
2004-08;33;3;740;145;135;10;47;15;7;53;32;13;3;3;0;0;3;98;8
2004-08;34;3;992;203;155;19;96;8;9;67;47;12;19;16;14;3;4;93;9
2004-08;35;3;1300;185;232;35;94;10;14;48;38;22;18;14;11;4;11;176;13
2004-08;36;3;721;79;100;12;27;3;7;28;23;8;24;22;2;2;13;138;8
2004-08;37;3;696;173;115;16;72;17;12;67;21;12;8;7;6;1;4;61;4
2004-08;38;3;638;224;120;11;34;6;6;108;38;8;6;5;3;0;3;65;4
2004-08;39;3;994;425;75;3;101;29;22;188;13;6;18;12;1;6;2;76;5
2004-08;40;3;464;153;52;6;41;5;11;72;16;11;5;2;0;3;0;32;1
2004-08;41;3;556;129;113;15;44;13;6;41;27;13;2;2;0;0;1;55;2
2004-08;43;3;164;18;29;0;4;1;1;6;3;3;2;1;0;0;2;34;3
2004-08;44;3;388;126;59;2;34;12;3;62;9;7;4;3;2;0;4;28;1
2004-09;1;3;723;69;247;38;47;10;4;5;10;47;1;0;1;1;0;25;3
2004-09;4;3;451;102;67;5;60;9;13;9;1;9;4;2;5;2;0;21;4
2004-09;5;3;822;103;251;50;58;18;8;6;10;47;2;1;2;1;1;56;6
2004-09;6;3;485;114;73;3;47;8;17;29;10;6;9;7;17;2;6;29;0
2004-09;7;3;156;50;28;0;17;2;1;19;8;1;1;0;3;1;0;16;1
2004-09;9;3;566;109;215;13;58;7;9;20;69;24;5;4;0;0;1;37;5
2004-09;10;3;498;93;184;18;46;6;8;18;32;22;2;2;0;0;2;33;3
2004-09;12;3;556;94;199;21;22;2;2;1;9;36;2;0;0;0;1;26;1
2004-09;13;3;360;61;122;11;27;9;4;2;11;13;1;1;1;0;0;12;0
2004-09;14;3;482;97;172;15;40;4;6;8;4;20;2;2;1;0;0;21;3
2004-09;15;3;300;37;76;11;5;2;0;12;16;7;5;2;1;3;4;23;2
2004-09;16;3;1180;151;380;63;48;8;14;33;51;44;5;5;4;0;2;113;2
2004-09;17;3;682;172;132;7;55;11;16;55;15;17;2;1;0;0;3;27;10
2004-09;18;3;480;141;122;9;59;14;6;48;35;14;1;1;0;0;0;34;2
2004-09;19;3;683;162;178;22;64;8;11;50;28;15;2;1;1;1;2;39;1
2004-09;20;3;508;179;100;4;62;12;7;55;22;9;1;1;3;0;1;31;5
2004-09;21;3;910;290;125;19;103;11;32;113;30;20;25;19;2;4;2;37;9
2004-09;22;3;786;263;133;8;72;14;13;126;41;8;5;4;9;1;3;38;4
2004-09;23;3;747;248;130;29;112;11;12;76;29;12;2;2;2;0;4;56;4
2004-09;24;3;578;185;72;18;69;6;11;65;13;9;6;4;2;0;1;51;5
2004-09;25;3;510;180;54;6;62;8;9;69;5;2;7;1;8;2;2;26;3
2004-09;26;3;0;0;0;0;0;0;0;0;0;0;0;0;0;0;0;0;0
2004-09;27;3;720;231;165;15;68;12;14;119;74;12;2;1;2;1;0;54;5
2004-09;28;3;467;146;81;11;55;10;9;59;13;10;8;7;1;1;0;39;6
2004-09;29;3;714;209;147;28;114;21;32;54;13;12;11;6;2;5;3;58;4
2004-09;30;3;547;197;69;8;79;11;22;81;22;3;4;4;2;0;4;49;4
2004-09;31;3;0;0;0;0;0;0;0;0;0;0;0;0;0;0;0;0;0
2004-09;32;3;697;109;96;13;38;17;8;31;6;18;4;4;5;0;4;117;11
2004-09;33;3;713;130;92;11;45;4;8;57;23;7;10;10;4;0;6;106;13
2004-09;34;3;930;199;168;22;76;9;12;76;31;10;20;18;8;2;4;83;6
2004-09;35;3;1335;188;216;35;82;14;27;55;40;21;20;19;5;0;17;233;13
2004-09;36;3;758;111;89;12;41;6;10;30;19;8;12;11;10;1;8;129;12
2004-09;37;3;668;135;158;17;51;6;10;47;21;29;13;9;3;4;3;60;4
2004-09;38;3;789;280;100;9;63;12;13;145;33;5;12;6;2;6;2;62;3
2004-09;39;3;981;357;82;7;115;15;44;183;15;3;36;25;8;10;5;70;11
2004-09;40;3;443;170;43;4;51;8;12;67;15;4;3;1;1;2;2;29;5
2004-09;41;3;574;145;120;15;47;11;7;61;22;17;9;8;2;1;1;62;4
2004-09;43;3;180;10;23;5;4;2;0;6;8;0;9;9;3;0;2;34;6
2004-09;44;3;458;182;56;9;42;7;2;89;9;6;7;4;8;3;1;30;3
2004-10;1;3;679;70;225;43;51;6;9;2;7;47;3;2;0;0;3;22;0
2004-10;4;3;422;109;60;7;75;11;10;5;3;6;5;3;0;2;0;20;7
2004-10;5;3;682;120;239;42;58;7;6;11;5;50;1;1;5;0;2;31;1
2004-10;6;3;555;138;85;18;56;5;13;42;9;8;10;4;15;6;1;32;2
2004-10;7;3;161;51;30;0;15;1;1;20;6;0;1;1;0;0;0;19;1
2004-10;9;3;511;125;177;21;80;8;22;11;43;21;2;1;5;0;1;34;2
2004-10;10;3;523;74;234;35;49;9;7;5;43;32;2;2;1;0;1;21;0
2004-10;12;3;512;69;181;16;16;1;2;2;13;29;0;0;2;0;5;29;0
2004-10;13;3;317;56;98;15;21;5;2;2;5;15;0;0;0;0;0;26;0
2004-10;14;3;490;71;180;29;47;8;6;7;10;25;0;0;1;0;0;31;1
2004-10;15;3;287;26;72;4;13;4;4;2;11;6;5;5;5;0;2;16;4
2004-10;16;3;1145;139;382;58;54;10;11;24;45;35;1;0;1;0;4;105;2
2004-10;17;3;718;177;128;5;62;15;8;58;20;11;2;1;3;1;2;29;4
2004-10;18;3;534;178;154;16;72;18;7;67;41;23;3;3;0;0;1;29;1
2004-10;19;3;617;167;158;26;70;9;12;52;23;13;5;2;10;3;3;40;0
2004-10;20;3;518;154;106;12;54;12;3;41;21;9;2;1;1;0;3;41;4
2004-10;21;3;959;308;121;24;76;8;23;138;20;13;20;15;7;3;4;47;6
2004-10;22;3;744;254;131;9;71;6;15;92;39;15;4;1;4;3;0;41;2
2004-10;23;3;747;255;142;30;117;12;10;66;22;23;2;1;0;1;4;51;5
2004-10;24;3;586;171;89;13;53;5;6;65;13;8;8;5;2;3;1;75;3
2004-10;25;3;480;174;48;10;51;7;12;70;4;3;5;2;3;2;0;29;4
2004-10;26;3;0;0;0;0;0;0;0;0;0;0;0;0;0;0;0;0;0
2004-10;27;3;735;268;141;17;74;10;13;146;48;8;6;4;1;1;2;54;4
2004-10;28;3;503;169;85;10;59;10;14;74;16;10;11;9;5;2;1;53;3
2004-10;29;3;735;240;140;24;127;18;32;68;23;13;17;12;5;4;1;42;9
2004-10;30;3;530;161;88;7;73;6;23;60;26;6;10;9;8;1;7;59;4
2004-10;31;3;0;0;0;0;0;0;0;0;0;0;0;0;0;0;0;0;0
2004-10;32;3;733;118;117;13;46;6;9;27;7;17;10;10;3;0;4;113;6
2004-10;33;3;700;168;97;17;58;3;15;67;25;7;9;9;5;0;5;78;9
2004-10;34;3;1009;239;154;19;87;4;18;99;45;20;29;25;13;2;3;69;11
2004-10;35;3;1266;215;226;32;105;12;29;59;42;19;20;16;4;4;13;191;12
2004-10;36;3;680;114;93;13;48;2;12;36;28;9;24;19;15;5;5;113;13
2004-10;37;3;607;108;146;11;46;5;7;32;7;28;3;1;6;2;4;55;4
2004-10;38;3;693;234;69;11;52;7;12;113;31;3;25;12;3;12;5;50;6
2004-10;39;3;937;360;83;7;95;7;15;193;20;3;41;36;9;5;6;75;5
2004-10;40;3;430;155;54;5;44;6;17;68;24;8;6;4;2;1;3;13;1
2004-10;41;3;576;156;120;18;54;5;10;72;25;21;0;0;2;0;0;59;5
2004-10;43;3;173;12;27;1;1;0;0;6;6;2;5;5;4;0;2;35;3
2004-10;44;3;542;250;63;7;65;10;5;108;15;8;8;7;0;1;0;28;5
2004-11;1;3;729;66;249;67;33;7;3;2;5;55;1;1;0;0;1;34;1
2004-11;4;3;493;122;101;5;83;14;16;11;5;9;1;1;4;0;1;25;5
2004-11;5;3;708;118;255;41;60;11;6;10;3;40;2;2;0;0;0;28;3
2004-11;6;3;534;135;96;15;60;10;18;29;8;10;21;9;11;12;3;31;4
2004-11;7;3;125;29;33;0;13;2;1;6;3;2;1;1;0;0;0;13;1
2004-11;9;3;540;112;200;19;63;17;17;23;67;30;2;1;2;0;1;29;2
2004-11;10;3;564;107;228;15;60;9;14;19;41;23;3;3;0;0;1;34;2
2004-11;12;3;570;89;214;35;33;5;6;0;8;38;2;2;0;0;1;29;4
2004-11;13;3;344;67;119;14;23;5;5;4;5;14;1;1;1;0;0;21;0
2004-11;14;3;562;87;187;17;43;6;4;5;13;20;1;1;1;0;4;34;2
2004-11;15;3;308;41;75;9;22;3;5;5;17;11;4;3;1;1;0;19;5
2004-11;16;3;1131;158;352;61;61;7;11;43;60;35;3;3;4;0;2;119;2
2004-11;17;3;623;180;104;9;82;19;11;39;18;12;4;1;1;2;0;24;3
2004-11;18;3;508;165;130;13;71;18;7;53;32;11;2;2;0;0;1;39;0
2004-11;19;3;630;168;173;26;46;10;2;45;22;24;4;2;10;2;1;41;1
2004-11;20;3;505;149;103;16;47;6;5;56;23;13;5;4;8;1;1;44;1
2004-11;21;3;957;325;132;23;98;18;35;124;28;12;24;16;5;6;2;54;3
2004-11;22;3;704;211;134;10;66;14;6;82;45;9;5;4;4;0;1;40;8
2004-11;23;3;773;236;158;24;126;24;8;49;27;22;4;1;2;1;3;56;5
2004-11;24;3;633;226;76;19;70;13;8;90;15;6;7;2;0;4;0;66;1
2004-11;25;3;514;183;56;9;52;7;11;65;6;9;12;3;5;9;2;30;0
2004-11;26;3;0;0;0;0;0;0;0;0;0;0;0;0;0;0;0;0;0
2004-11;27;3;669;229;147;8;62;8;6;115;67;10;10;10;1;0;3;57;6
2004-11;28;3;481;144;69;13;50;6;14;60;16;6;6;5;4;0;3;55;5
2004-11;29;3;685;190;134;33;116;10;32;35;17;10;7;6;0;1;3;70;2
2004-11;30;3;552;158;101;13;63;7;11;60;37;5;12;9;7;2;2;77;3
2004-11;31;3;0;0;0;0;0;0;0;0;0;0;0;0;0;0;0;0;0
2004-11;32;3;758;132;123;19;57;4;15;35;15;14;14;12;3;0;3;91;7
2004-11;33;3;703;184;95;9;63;5;10;82;27;5;14;14;3;0;3;83;4
2004-11;34;3;958;227;147;23;93;8;18;100;31;14;32;27;4;5;8;81;5
2004-11;35;3;1308;228;240;33;99;7;28;76;38;28;18;17;4;1;4;192;8
2004-11;36;3;787;128;138;12;47;9;5;36;26;8;23;22;6;0;15;114;15
2004-11;37;3;698;154;139;24;60;2;5;49;9;12;15;12;6;3;5;68;2
2004-11;38;3;633;186;98;9;48;3;9;77;23;2;14;11;2;3;4;54;3
2004-11;39;3;913;432;80;3;108;8;21;216;14;5;27;22;6;5;3;49;7
2004-11;40;3;435;180;39;7;56;10;20;65;12;6;11;8;1;3;1;28;2
2004-11;41;3;549;116;137;16;49;4;10;42;30;6;5;5;2;0;1;72;4
2004-11;43;3;223;15;43;4;3;0;3;7;11;3;9;9;6;0;3;39;2
2004-11;44;3;568;254;71;5;50;7;11;108;10;5;9;5;1;4;2;29;5
2004-12;1;3;736;56;291;57;33;2;3;3;30;43;1;1;0;0;0;18;0
2004-12;4;3;542;130;122;9;92;10;12;7;10;19;4;3;1;1;3;25;0
2004-12;5;3;781;134;316;40;77;11;10;8;14;47;1;1;0;0;2;43;5
2004-12;6;3;550;118;101;20;45;7;8;33;15;10;18;13;21;4;1;21;0
2004-12;7;3;121;35;34;1;7;1;2;9;8;1;2;2;2;0;0;12;0
2004-12;9;3;485;101;174;12;57;2;9;20;40;17;3;2;2;1;2;41;3
2004-12;10;3;558;89;227;35;50;8;8;4;35;32;0;0;0;0;0;26;1
2004-12;12;3;585;91;213;34;34;3;5;1;13;29;1;1;0;0;2;48;2
2004-12;13;3;345;61;138;18;22;2;4;2;1;16;0;0;2;0;1;19;2
2004-12;14;3;582;88;202;44;37;6;4;12;10;20;0;0;0;0;0;32;2
2004-12;15;3;321;39;96;10;16;7;4;3;12;11;3;2;2;1;1;22;2
2004-12;16;3;1228;160;423;71;68;11;7;42;53;35;5;5;5;0;4;137;5
2004-12;17;3;644;162;103;18;57;10;9;38;15;7;3;3;1;0;1;22;3
2004-12;18;3;499;174;140;6;76;10;16;45;32;12;0;0;0;0;0;22;2
2004-12;19;3;714;191;191;24;54;13;8;69;23;23;3;1;8;2;0;40;7
2004-12;20;3;536;208;96;12;83;6;7;66;21;4;8;3;6;4;0;43;5
2004-12;21;3;1030;383;131;23;120;16;47;147;27;12;22;20;1;2;2;46;4
2004-12;22;3;721;271;115;18;87;9;15;94;41;14;3;2;11;1;0;59;4
2004-12;23;3;849;305;189;43;161;13;17;54;36;21;1;0;3;0;1;69;3
2004-12;24;3;580;196;82;13;55;5;6;73;7;12;4;3;3;1;9;53;3
2004-12;25;3;543;191;55;9;61;8;10;57;7;6;3;1;1;2;0;39;8
2004-12;26;3;0;0;0;0;0;0;0;0;0;0;0;0;0;0;0;0;0
2004-12;27;3;769;251;155;16;73;7;12;117;72;8;4;4;0;0;1;75;3
2004-12;28;3;486;149;82;15;74;9;14;49;20;8;3;2;3;1;1;42;3
2004-12;29;3;721;206;146;27;120;9;33;51;16;10;9;7;4;2;5;38;3
2004-12;30;3;601;193;81;9;66;5;12;87;15;8;9;6;4;3;5;69;5
2004-12;31;3;0;0;0;0;0;0;0;0;0;0;0;0;0;0;0;0;0
2004-12;32;3;771;132;129;23;46;11;8;31;15;19;8;8;0;0;3;93;3
2004-12;33;3;772;163;100;14;51;8;13;78;22;6;17;17;6;0;2;107;10
2004-12;34;3;1087;274;153;17;91;8;9;99;30;15;16;13;2;3;9;87;6
2004-12;35;3;1441;267;255;23;111;7;29;89;55;22;25;25;5;0;9;223;19
2004-12;36;3;747;118;102;12;41;5;12;36;24;8;14;13;10;0;10;127;17
2004-12;37;3;721;172;187;14;71;14;13;55;15;24;7;4;4;3;2;69;2
2004-12;38;3;644;214;99;16;53;4;12;102;36;2;13;9;2;4;4;57;3
2004-12;39;3;856;358;70;8;94;9;17;190;22;6;29;24;5;5;4;74;8
2004-12;40;3;395;156;47;1;52;7;11;61;9;5;6;2;5;4;0;36;1
2004-12;41;3;577;122;133;18;45;3;7;51;32;8;5;5;1;0;5;62;4
2004-12;43;3;181;21;32;1;4;0;2;8;6;2;7;6;1;1;2;40;0
2004-12;44;3;670;310;81;2;59;4;17;119;10;2;10;7;2;3;1;26;5
2005-01;1;3;597;68;241;51;48;12;4;3;26;49;1;0;0;0;0;14;1
2005-01;4;3;525;118;130;5;88;11;21;8;6;15;7;7;1;0;1;15;3
2005-01;5;3;891;150;352;56;99;18;8;12;14;53;3;3;0;0;4;52;6
2005-01;6;3;511;120;111;9;58;7;10;29;3;12;3;3;3;0;2;34;4
2005-01;7;3;158;38;36;1;9;0;0;13;9;2;1;1;1;0;0;22;2
2005-01;9;3;512;100;194;23;54;9;9;18;60;30;1;1;1;0;3;39;0
2005-01;10;3;544;92;236;30;49;5;5;17;48;27;1;1;0;0;1;30;3
2005-01;12;3;786;146;348;26;33;5;2;2;7;56;1;1;1;0;3;54;5
2005-01;13;3;264;53;103;19;38;5;5;4;3;26;1;0;7;1;0;5;3
2005-01;14;3;668;109;319;25;42;7;3;10;8;43;0;0;1;0;1;33;2
2005-01;15;3;359;56;125;13;31;3;7;4;17;22;10;3;0;6;0;20;4
2005-01;16;3;1244;131;456;49;48;5;7;34;74;52;2;2;5;0;5;123;3
2005-01;17;3;661;149;129;12;57;2;11;35;15;19;8;6;8;2;3;27;6
2005-01;18;3;429;160;113;14;68;13;6;52;31;15;4;2;4;2;2;20;4
2005-01;19;3;592;139;164;39;49;8;3;43;19;14;3;1;8;2;4;51;2
2005-01;20;3;507;156;124;13;77;12;4;41;27;14;3;1;2;0;0;47;3
2005-01;21;3;957;340;140;13;92;6;35;144;31;8;17;11;10;5;5;44;10
2005-01;22;3;802;278;154;17;94;11;20;114;71;16;10;7;4;3;5;69;4
2005-01;23;3;880;354;177;46;164;26;12;109;45;15;1;1;3;0;1;71;7
2005-01;24;3;585;198;70;22;70;6;3;81;14;4;4;3;5;0;2;56;9
2005-01;25;3;505;193;65;10;51;4;4;60;11;5;9;2;1;6;0;33;3
2005-01;26;3;4;0;0;0;0;0;0;0;0;0;0;0;0;0;0;4;0
2005-01;27;3;789;294;145;19;97;14;14;146;63;11;9;7;7;2;1;84;3
2005-01;28;3;469;158;73;10;56;6;16;68;23;9;10;9;5;0;0;49;2
2005-01;29;3;753;223;150;35;114;14;29;66;24;12;7;6;5;1;0;76;2
2005-01;30;3;567;168;98;10;74;6;18;69;26;9;4;4;5;0;2;63;5
2005-01;31;3;13;0;0;0;0;0;0;0;0;0;0;0;0;0;0;9;0
2005-01;32;3;690;110;128;16;44;7;5;30;10;31;10;10;3;0;10;109;11
2005-01;33;3;720;165;102;12;49;6;8;81;37;3;19;19;1;0;6;95;6
2005-01;34;3;913;211;132;19;83;6;7;95;31;17;25;24;2;1;9;82;8
2005-01;35;3;1374;250;243;33;89;8;26;96;46;24;21;21;9;0;22;220;7
2005-01;36;3;687;85;86;10;36;9;10;23;18;9;18;18;8;0;7;121;14
2005-01;37;3;693;127;166;16;53;12;7;44;12;30;0;0;2;0;4;82;6
2005-01;38;3;712;265;98;20;62;14;12;150;39;6;8;7;0;1;1;58;8
2005-01;39;3;873;319;90;5;93;4;12;153;27;3;26;20;4;5;4;72;5
2005-01;40;3;422;133;57;6;46;10;7;64;16;7;4;3;0;1;5;33;2
2005-01;41;3;559;135;103;20;54;6;4;48;18;10;9;8;7;1;2;73;8
2005-01;43;3;208;21;39;1;7;0;3;8;12;5;6;6;2;0;1;42;3
2005-01;44;3;545;232;75;8;55;8;10;104;8;6;4;3;0;1;1;36;3
2005-02;1;3;581;80;232;68;46;8;4;3;18;57;1;1;0;0;0;16;0
2005-02;4;3;524;131;141;8;90;12;13;8;6;8;3;3;1;0;2;17;3
2005-02;5;3;903;156;441;33;104;18;5;3;20;76;0;0;2;0;0;43;6
2005-02;6;3;585;129;171;8;58;6;9;29;11;13;11;8;0;3;6;24;2
2005-02;7;3;179;44;72;2;10;2;1;14;15;7;0;0;2;0;0;8;3
2005-02;9;3;511;91;198;23;54;9;13;11;48;43;1;1;3;0;1;33;2
2005-02;10;3;484;107;188;20;56;9;9;14;22;30;0;0;0;0;0;23;2
2005-02;12;3;722;157;325;31;37;6;5;3;7;32;1;1;0;0;1;35;1
2005-02;13;3;266;43;107;23;18;3;1;1;2;29;1;1;0;0;1;14;1
2005-02;14;3;658;84;345;16;28;2;3;3;11;38;0;0;2;0;3;27;2
2005-02;15;3;314;67;107;12;23;4;2;8;11;19;5;5;0;0;1;16;4
2005-02;16;3;1109;148;414;47;71;11;14;28;67;42;6;6;1;0;4;66;6
2005-02;17;3;547;140;77;7;40;4;8;38;7;9;2;0;9;2;3;23;1
2005-02;18;3;434;112;139;6;62;5;5;29;30;13;9;4;3;4;0;20;4
2005-02;19;3;613;149;185;26;62;8;4;43;20;21;3;2;2;1;1;25;2
2005-02;20;3;480;166;104;15;87;14;3;35;18;14;3;2;0;1;1;29;6
2005-02;21;3;886;353;107;12;106;11;29;156;22;15;15;13;8;2;1;35;6
2005-02;22;3;663;278;102;17;85;9;14;122;23;10;3;2;1;0;1;34;2
2005-02;23;3;858;355;165;23;152;39;5;117;46;15;4;2;6;2;3;54;2
2005-02;24;3;611;246;79;16;64;4;4;111;23;6;3;3;5;0;0;64;8
2005-02;25;3;509;189;33;11;61;6;4;57;5;4;4;1;5;3;0;39;3
2005-02;26;3;1;0;0;0;0;0;0;0;0;0;0;0;0;0;0;0;0
2005-02;27;3;665;252;91;10;84;9;17;108;43;11;12;12;0;0;1;73;4
2005-02;28;3;447;147;75;8;59;4;12;54;24;6;14;11;5;3;0;58;1
2005-02;29;3;717;221;140;27;126;8;26;59;31;8;10;8;9;2;5;45;1
2005-02;30;3;493;149;71;8;81;6;17;43;20;4;10;9;8;0;7;68;5
2005-02;31;3;8;0;0;0;0;0;0;0;0;0;0;0;0;0;0;8;0
2005-02;32;3;628;114;98;16;62;7;10;25;5;21;7;7;5;0;3;118;2
2005-02;33;3;762;217;87;10;70;12;9;109;29;9;23;22;3;1;3;98;7
2005-02;34;3;949;238;141;13;95;8;18;101;29;12;15;14;6;0;10;88;9
2005-02;35;3;1232;260;223;26;103;7;17;98;45;15;28;26;6;1;9;183;7
2005-02;36;3;666;115;93;14;58;10;12;32;17;11;25;23;7;2;6;102;6
2005-02;37;3;617;138;158;10;50;5;4;54;13;29;3;3;1;0;5;51;3
2005-02;38;3;691;270;84;12;67;11;12;140;28;0;19;18;5;1;3;54;3
2005-02;39;3;728;307;83;9;98;3;13;130;30;4;19;17;6;2;2;49;1
2005-02;40;3;316;108;38;4;34;3;6;46;10;6;7;6;1;1;0;15;0
2005-02;41;3;506;130;103;14;50;3;5;47;17;12;7;7;2;0;0;52;2
2005-02;43;3;182;12;44;5;4;1;2;5;13;4;6;6;0;0;0;24;2
2005-02;44;3;538;255;72;2;73;8;10;115;14;12;2;2;0;0;0;33;0
2005-03;1;3;769;98;253;87;54;13;5;3;21;72;1;0;0;0;3;26;5
2005-03;4;3;614;150;146;7;103;16;10;14;12;11;2;2;3;0;0;20;2
2005-03;5;3;796;140;367;37;92;15;5;9;20;62;1;1;1;0;0;37;1
2005-03;6;3;500;152;86;5;68;9;9;41;13;3;7;4;7;2;7;26;4
2005-03;7;3;162;25;29;0;7;0;0;15;7;1;3;3;0;0;0;27;0
2005-03;9;3;519;110;216;11;58;13;7;21;44;48;4;4;0;0;1;39;2
2005-03;10;3;557;95;235;30;59;12;8;5;44;39;0;0;0;0;1;37;5
2005-03;12;3;619;74;270;34;49;5;4;2;15;87;1;1;2;0;0;58;4
2005-03;13;3;308;51;113;19;30;3;2;4;5;27;1;1;1;0;2;33;0
2005-03;14;3;505;80;191;25;50;11;2;1;9;32;3;3;1;0;1;24;3
2005-03;15;3;320;68;85;10;21;5;5;3;15;14;2;2;6;0;3;32;0
2005-03;16;3;1201;154;465;52;58;11;12;33;61;85;4;4;0;0;5;115;2
2005-03;17;3;829;171;90;13;70;11;13;55;10;11;7;4;5;3;9;111;3
2005-03;18;3;583;162;190;10;79;10;13;33;54;21;3;2;6;0;0;42;3
2005-03;19;3;744;174;204;25;61;8;9;51;36;21;2;0;9;2;4;54;1
2005-03;20;3;662;213;105;12;97;10;9;62;15;14;5;1;5;3;5;86;6
2005-03;21;3;1124;449;150;22;132;13;43;204;31;15;29;20;8;9;2;51;8
2005-03;22;3;939;302;208;18;100;14;24;113;48;29;14;9;1;4;2;54;9
2005-03;23;3;1006;383;206;34;180;35;7;95;59;12;10;1;6;9;3;62;7
2005-03;24;3;699;302;97;16;97;17;12;111;36;9;9;7;1;2;1;39;5
2005-03;25;3;482;175;54;12;60;3;11;48;4;3;4;3;4;1;1;31;4
2005-03;26;3;62;1;0;0;0;0;0;0;0;0;0;0;0;0;0;26;0
2005-03;27;3;879;320;156;24;101;18;18;146;58;14;15;13;0;2;1;81;4
2005-03;28;3;546;192;100;15;71;8;17;86;28;22;8;7;2;1;2;49;5
2005-03;29;3;852;259;139;31;153;14;47;65;20;10;13;9;0;3;10;64;9
2005-03;30;3;697;237;116;11;107;17;12;89;39;14;10;10;4;0;2;61;5
2005-03;31;3;31;6;6;0;1;0;0;4;2;1;2;2;0;0;0;5;0
2005-03;32;3;677;137;155;21;62;11;13;35;14;29;17;16;5;1;12;70;3
2005-03;33;3;830;202;130;6;66;9;14;89;31;12;16;16;7;0;5;93;7
2005-03;34;3;1111;294;167;22;127;5;19;119;35;23;23;19;9;4;14;94;4
2005-03;35;3;1286;243;257;36;116;12;30;77;58;34;37;35;6;1;8;184;13
2005-03;36;3;651;95;91;10;40;3;10;32;24;6;18;13;7;5;9;91;8
2005-03;37;3;708;159;147;17;65;13;16;59;18;24;6;5;0;1;7;58;1
2005-03;38;3;770;291;89;14;76;7;18;149;29;3;8;4;2;1;3;58;8
2005-03;39;3;953;372;69;8;126;12;28;172;12;8;24;17;6;7;6;108;5
2005-03;40;3;470;206;62;4;77;12;16;84;15;8;8;6;1;2;0;27;2
2005-03;41;3;512;145;117;17;60;5;5;54;26;11;4;4;1;0;1;63;4
2005-03;43;3;189;20;35;2;7;1;3;8;7;3;8;7;1;0;2;42;3
2005-03;44;3;663;328;86;12;65;11;4;153;11;8;7;5;2;2;4;32;2
2005-04;1;3;738;85;273;50;55;11;7;5;21;50;1;1;0;0;0;43;0
2005-04;4;3;615;174;122;3;107;18;16;16;6;16;2;2;3;0;2;30;5
2005-04;5;3;785;163;301;49;118;17;13;10;14;69;0;0;2;0;2;44;4
2005-04;6;3;623;152;91;8;78;11;12;45;12;14;10;1;9;6;12;41;5
2005-04;7;3;180;50;37;5;15;3;0;20;8;2;4;2;4;2;1;23;0
2005-04;9;3;624;125;241;14;69;22;12;28;48;39;0;0;3;0;0;40;0
2005-04;10;3;529;94;211;25;59;8;6;7;40;18;0;0;0;0;2;32;2
2005-04;12;3;521;59;178;28;36;5;7;0;7;47;0;0;1;0;1;37;0
2005-04;13;3;371;61;137;17;45;6;5;2;5;24;0;0;0;0;2;35;2
2005-04;14;3;524;101;189;28;42;3;2;7;7;33;0;0;0;0;0;36;2
2005-04;15;3;370;67;100;11;22;2;6;10;9;13;7;4;4;3;3;30;0
2005-04;16;3;1270;149;465;82;72;11;29;28;74;85;2;2;4;0;5;117;3
2005-04;17;3;930;145;128;14;58;13;11;49;14;13;2;1;2;1;6;146;0
2005-04;18;3;573;167;182;12;90;14;13;31;46;31;1;1;1;0;2;25;1
2005-04;19;3;755;167;185;21;56;13;2;49;27;28;7;1;12;6;4;74;5
2005-04;20;3;656;184;112;12;71;5;2;61;24;11;9;3;2;5;5;78;1
2005-04;21;3;1048;403;142;17;119;12;54;160;26;21;11;8;4;2;0;56;8
2005-04;22;3;878;287;177;20;116;11;21;80;33;15;14;12;5;1;2;49;5
2005-04;23;3;995;392;177;28;166;25;16;118;48;17;4;4;3;0;5;56;4
2005-04;24;3;644;230;91;15;71;13;6;91;24;14;2;2;3;0;2;43;0
2005-04;25;3;557;223;48;2;74;17;9;80;7;7;4;4;5;0;1;29;2
2005-04;26;3;107;0;0;0;0;0;0;0;0;0;0;0;0;0;0;53;0
2005-04;27;3;809;329;135;16;97;24;7;173;58;10;7;5;1;2;4;52;3
2005-04;28;3;560;197;93;11;73;17;8;83;24;9;7;5;2;1;3;46;3
2005-04;29;3;782;259;126;17;129;11;38;77;27;16;9;7;2;1;3;64;6
2005-04;30;3;548;204;81;5;89;9;16;79;15;7;5;5;4;0;0;64;3
2005-04;31;3;140;44;23;0;12;2;0;26;12;1;3;3;2;0;2;13;0
2005-04;32;3;691;143;159;19;61;8;9;37;17;33;11;9;10;2;8;54;6
2005-04;33;3;834;194;122;7;57;6;11;99;38;12;10;10;4;0;1;75;6
2005-04;34;3;960;255;146;19;108;12;8;105;46;10;21;18;7;3;3;62;5
2005-04;35;3;1183;269;226;29;130;16;28;95;44;35;27;25;7;1;5;143;13
2005-04;36;3;622;95;92;8;40;5;10;32;26;11;16;13;4;1;7;97;4
2005-04;37;3;600;119;138;11;51;7;10;41;13;19;3;1;2;2;1;53;9
2005-04;38;3;757;299;74;9;70;11;16;166;31;8;3;3;3;0;2;43;4
2005-04;39;3;856;315;60;5;83;7;21;168;14;6;14;10;7;3;6;111;5
2005-04;40;3;428;184;56;5;67;16;17;69;12;11;16;10;1;6;6;23;4
2005-04;41;3;514;132;134;14;61;9;1;43;29;19;7;6;5;1;0;39;3
2005-04;43;3;202;18;32;1;6;1;2;3;2;4;7;6;1;0;1;38;2
2005-04;44;3;631;346;52;6;80;16;16;130;7;4;14;9;11;5;1;19;2
2005-05;1;3;685;93;246;62;52;11;4;4;17;46;1;1;0;0;0;25;3
2005-05;4;3;590;163;129;11;116;23;17;6;4;22;13;10;3;2;0;19;5
2005-05;5;3;790;129;342;41;93;10;3;3;13;66;1;1;3;0;1;39;4
2005-05;6;3;551;152;65;14;67;7;10;37;7;5;10;6;5;4;2;38;3
2005-05;7;3;134;43;24;1;13;1;2;18;6;1;0;0;0;0;0;14;0
2005-05;9;3;615;140;249;29;95;16;11;22;65;45;1;1;3;0;2;33;0
2005-05;10;3;550;91;201;35;55;2;5;12;43;11;2;0;3;1;2;48;2
2005-05;12;3;563;91;236;26;46;12;5;3;7;60;1;1;0;0;1;36;6
2005-05;13;3;377;65;154;18;38;8;6;3;5;41;1;1;2;0;1;35;1
2005-05;14;3;566;98;204;23;49;6;4;4;8;31;0;0;1;0;0;43;0
2005-05;15;3;357;88;84;13;31;3;11;11;11;10;5;3;10;2;0;19;3
2005-05;16;3;1349;185;478;62;97;14;19;30;93;75;4;4;2;0;3;103;2
2005-05;17;3;673;140;109;9;51;2;10;42;12;17;4;4;2;0;3;56;3
2005-05;18;3;507;168;143;18;109;18;12;27;48;21;2;1;2;0;3;34;2
2005-05;19;3;740;199;191;21;59;7;3;70;33;30;2;1;4;1;2;67;3
2005-05;20;3;652;203;123;11;74;12;6;72;26;15;6;2;6;4;1;67;1
2005-05;21;3;1146;448;143;16;154;13;56;176;27;22;21;16;9;5;3;66;6
2005-05;22;3;872;256;194;22;110;14;21;78;47;22;12;6;8;6;2;52;2
2005-05;23;3;908;375;180;49;208;25;10;79;50;15;3;0;2;2;3;51;2
2005-05;24;3;641;262;97;16;102;17;8;85;37;6;4;2;10;1;4;47;3
2005-05;25;3;526;213;69;9;67;4;12;70;5;8;11;10;13;1;4;25;1
2005-05;26;3;31;1;0;0;0;0;0;0;0;0;0;0;0;0;0;12;0
2005-05;27;3;910;366;156;13;117;22;11;183;75;12;5;5;7;0;2;77;5
2005-05;28;3;530;185;86;9;77;16;13;77;23;9;4;4;4;0;2;63;7
2005-05;29;3;834;272;140;29;174;17;46;61;17;14;8;8;4;0;5;56;5
2005-05;30;3;612;228;91;20;94;14;13;94;22;9;6;6;1;0;3;64;3
2005-05;31;3;153;51;12;1;14;4;3;27;4;0;3;3;0;0;0;25;2
2005-05;32;3;779;192;144;26;73;10;18;63;18;28;17;14;2;2;4;75;5
2005-05;33;3;844;203;116;17;77;5;17;85;36;16;15;14;1;1;5;79;10
2005-05;34;3;1044;247;179;18;98;8;13;109;45;14;30;12;11;18;7;87;8
2005-05;35;3;1300;229;286;29;104;16;13;79;78;32;22;21;4;0;4;175;13
2005-05;36;3;612;69;95;15;38;0;5;18;11;8;16;12;5;3;7;85;9
2005-05;37;3;730;189;151;25;73;15;9;66;21;18;12;5;5;7;2;50;5
2005-05;38;3;772;286;89;16;83;14;11;145;39;5;8;6;2;2;5;65;7
2005-05;39;3;828;269;58;11;80;14;14;139;13;7;20;14;4;6;1;73;5
2005-05;40;3;473;170;67;7;68;16;16;71;16;5;12;8;2;4;1;32;2
2005-05;41;3;597;160;149;17;67;10;5;62;37;25;10;10;3;0;2;63;6
2005-05;43;3;180;19;31;4;5;0;0;8;5;2;2;2;2;0;2;37;2
2005-05;44;3;642;293;85;10;52;6;9;141;5;12;4;0;15;3;0;22;1
2005-06;1;3;747;112;242;59;69;15;7;3;24;60;3;2;0;1;3;20;5
2005-06;4;3;618;163;119;11;94;14;12;9;2;17;4;3;4;1;3;16;7
2005-06;5;3;809;133;304;42;88;12;5;3;8;45;2;2;0;0;1;37;4
2005-06;6;3;580;134;104;9;74;8;12;19;15;11;10;7;3;3;10;28;3
2005-06;7;3;167;42;42;5;11;0;3;16;8;0;1;1;0;0;0;13;2
2005-06;9;3;559;134;214;18;86;18;21;20;55;42;1;0;1;1;0;31;0
2005-06;10;3;569;102;203;24;60;4;12;11;54;3;1;1;0;0;2;32;4
2005-06;12;3;601;95;247;22;46;9;5;4;7;63;1;0;7;1;1;30;3
2005-06;13;3;422;89;150;15;46;14;4;0;4;33;1;1;2;0;0;19;2
2005-06;14;3;613;119;229;25;62;4;7;9;2;26;1;1;0;0;1;29;4
2005-06;15;3;381;64;99;15;35;5;8;6;14;9;7;6;2;1;1;17;1
2005-06;16;3;1297;187;467;53;99;21;24;42;96;83;3;3;1;0;4;99;6
2005-06;17;3;610;157;135;8;81;11;8;38;14;21;3;1;2;1;4;25;2
2005-06;18;3;501;145;147;11;81;16;3;27;47;21;4;3;3;1;1;16;1
2005-06;19;3;761;174;210;29;66;12;3;44;34;25;4;2;6;2;2;32;5
2005-06;20;3;523;142;126;21;85;6;11;25;19;11;6;2;5;4;2;29;2
2005-06;21;3;982;356;143;25;119;15;34;126;33;14;15;9;6;6;1;34;9
2005-06;22;3;884;301;182;25;119;22;17;110;35;16;13;8;7;4;2;40;4
2005-06;23;3;855;277;195;55;172;45;12;51;45;24;2;2;2;0;1;53;5
2005-06;24;3;725;303;103;19;119;13;10;111;21;7;2;1;3;1;3;54;5
2005-06;25;3;515;168;63;9;71;10;13;52;5;4;3;1;8;2;1;34;3
2005-06;26;3;8;0;0;0;0;0;0;0;0;0;0;0;0;0;0;3;0
2005-06;27;3;915;341;154;12;127;16;21;138;52;18;10;8;5;2;2;51;5
2005-06;28;3;537;165;91;14;76;7;13;71;16;18;8;8;4;0;0;49;3
2005-06;29;3;796;226;150;32;119;18;26;65;23;16;3;3;1;0;3;77;7
2005-06;30;3;515;172;95;12;86;12;16;56;21;8;9;5;3;3;3;53;6
2005-06;31;3;136;44;18;2;15;5;2;25;6;0;4;4;0;0;0;19;0
2005-06;32;3;799;163;168;15;61;15;9;47;14;36;17;7;8;10;8;84;4
2005-06;33;3;717;172;119;14;49;12;7;87;36;6;8;7;2;0;4;77;6
2005-06;34;3;1001;249;166;16;102;4;12;106;45;17;20;15;13;5;7;76;7
2005-06;35;3;1411;253;265;41;132;9;27;70;63;34;21;21;8;0;11;216;9
2005-06;36;3;680;110;122;15;60;5;13;19;17;11;15;8;6;7;14;99;8
2005-06;37;3;691;158;163;22;76;8;10;52;22;20;9;6;10;3;1;60;3
2005-06;38;3;730;232;95;13;64;8;12;113;28;12;8;5;3;3;2;82;2
2005-06;39;3;787;290;67;16;101;10;25;128;16;4;15;10;2;4;5;58;0
2005-06;40;3;432;179;49;3;79;15;9;67;11;5;7;3;1;4;0;33;0
2005-06;41;3;592;138;120;18;60;3;12;42;28;13;4;4;1;0;0;79;2
2005-06;43;3;202;18;32;7;9;1;1;3;4;2;3;1;6;0;1;34;0
2005-06;44;3;593;272;85;8;56;7;2;120;8;13;4;1;3;3;0;23;3
2005-07;1;3;730;101;220;93;63;10;4;1;12;44;1;0;1;0;0;23;1
2005-07;4;3;558;143;122;10;96;10;21;11;8;18;6;4;1;2;2;13;1
2005-07;5;3;896;139;329;74;95;13;6;2;9;61;4;1;1;2;2;44;9
2005-07;6;3;510;138;82;16;68;2;13;32;8;10;13;7;8;5;2;25;3
2005-07;7;3;136;41;30;3;8;1;0;17;1;1;4;3;2;1;0;14;0
2005-07;9;3;549;133;186;19;75;14;16;19;33;29;0;0;2;0;0;34;1
2005-07;10;3;546;87;194;30;49;3;7;9;34;2;0;0;0;0;1;34;2
2005-07;12;3;527;98;215;13;48;20;4;1;9;48;0;0;0;0;0;36;2
2005-07;13;3;395;90;152;8;52;9;12;1;3;29;0;0;0;0;0;16;3
2005-07;14;3;601;113;243;29;58;10;1;7;9;18;0;0;2;0;1;31;1
2005-07;15;3;311;68;92;5;41;9;6;5;11;19;4;2;14;1;1;14;6
2005-07;16;3;1193;178;469;58;68;17;13;35;99;91;2;2;1;0;3;91;6
2005-07;17;3;511;119;108;8;55;4;8;27;12;7;2;2;0;0;4;15;1
2005-07;18;3;456;165;131;15;93;17;13;31;42;13;0;0;1;0;2;28;1
2005-07;19;3;663;141;194;48;62;10;2;30;29;34;7;4;8;3;1;36;5
2005-07;20;3;502;149;126;19;69;10;5;46;28;15;3;3;0;0;1;41;0
2005-07;21;3;1006;371;144;25;141;14;45;130;28;18;20;15;4;4;2;50;4
2005-07;22;3;774;278;163;17;113;9;11;102;45;25;10;8;8;2;4;38;6
2005-07;23;3;928;345;187;88;164;41;5;96;47;24;3;1;2;1;0;36;1
2005-07;24;3;611;231;77;19;76;6;6;94;14;11;6;3;1;2;0;60;4
2005-07;25;3;516;198;56;7;62;14;8;60;4;6;4;1;4;3;3;26;4
2005-07;26;3;6;0;0;0;0;0;0;0;0;0;0;0;0;0;0;1;0
2005-07;27;3;748;259;129;14;107;20;10;105;50;22;14;11;7;3;5;61;1
2005-07;28;3;481;174;67;4;78;13;8;64;19;5;7;5;8;2;1;46;6
2005-07;29;3;689;207;145;20;133;14;28;51;19;20;15;10;0;4;1;48;0
2005-07;30;3;468;145;93;9;71;9;10;49;22;8;1;1;2;0;1;58;3
2005-07;31;3;138;49;21;1;17;0;2;22;13;1;2;2;0;0;0;14;0
2005-07;32;3;708;153;154;24;57;15;10;45;11;25;11;10;0;1;5;84;9
2005-07;33;3;611;150;112;14;75;11;8;46;29;15;8;8;3;0;6;68;7
2005-07;34;3;927;264;164;23;130;9;19;102;40;16;19;15;6;4;6;67;7
2005-07;35;3;1399;299;264;33;182;14;37;70;66;34;15;15;5;0;13;181;9
2005-07;36;3;648;101;100;12;61;4;12;14;16;11;20;20;4;0;6;76;1
2005-07;37;3;671;125;191;31;69;10;8;34;31;29;6;0;8;6;3;65;6
2005-07;38;3;761;266;102;10;72;9;15;131;30;4;4;2;0;2;4;63;5
2005-07;39;3;646;222;59;2;78;14;24;98;22;6;7;1;5;3;6;42;2
2005-07;40;3;415;181;59;4;85;14;22;63;20;6;6;6;2;0;0;25;2
2005-07;41;3;538;136;119;14;63;12;6;33;29;17;4;1;0;3;4;56;3
2005-07;43;3;213;17;35;8;5;1;1;3;7;3;10;8;0;1;0;42;0
2005-07;44;3;481;216;68;9;61;10;7;71;11;7;13;11;7;2;2;19;4
2005-08;1;3;938;105;314;87;67;12;5;1;10;89;0;0;0;0;0;36;5
2005-08;4;3;653;176;143;8;101;24;21;27;17;12;9;9;0;0;2;13;4
2005-08;5;3;911;144;368;65;98;10;6;5;17;66;1;1;4;0;5;38;2
2005-08;6;3;561;138;103;15;86;6;13;21;15;10;12;5;7;7;2;34;5
2005-08;7;3;149;27;35;2;6;2;0;8;5;3;1;1;0;0;0;17;2
2005-08;9;3;560;131;201;24;87;12;10;15;32;34;3;3;3;0;0;27;3
2005-08;10;3;548;90;219;34;56;1;9;11;35;4;0;0;9;0;3;28;2
2005-08;12;3;558;90;238;21;40;9;4;2;10;46;2;0;0;2;1;37;0
2005-08;13;3;380;69;178;12;36;9;2;1;4;25;4;2;1;2;0;26;1
2005-08;14;3;556;80;248;31;47;8;3;3;6;28;1;1;0;0;0;35;2
2005-08;15;3;318;46;89;11;26;5;8;8;10;16;5;2;2;3;0;16;7
2005-08;16;3;1190;161;455;61;79;13;17;26;81;95;3;2;9;1;1;116;7
2005-08;17;3;611;159;122;12;77;13;11;33;18;25;6;3;4;2;2;23;5
2005-08;18;3;530;193;156;14;116;15;9;33;31;18;0;0;1;0;4;30;0
2005-08;19;3;674;184;208;45;80;8;9;40;24;29;5;2;6;3;1;42;2
2005-08;20;3;549;164;134;19;58;16;5;59;22;10;8;2;0;6;0;45;2
2005-08;21;3;1073;413;166;24;173;22;37;121;32;11;18;9;5;8;0;50;7
2005-08;22;3;822;268;164;22;104;20;23;98;44;24;5;5;1;0;2;63;5
2005-08;23;3;986;338;213;62;180;48;7;75;54;23;2;2;1;0;1;46;2
2005-08;24;3;697;267;82;10;102;16;7;100;16;13;8;2;3;5;1;55;4
2005-08;25;3;499;178;73;9;56;7;5;56;11;6;5;1;6;4;4;29;4
2005-08;26;3;9;0;0;0;0;0;0;0;0;0;0;0;0;0;0;2;0
2005-08;27;3;771;273;166;8;119;25;23;98;60;21;10;9;1;1;2;59;3
2005-08;28;3;522;203;84;13;102;13;26;74;16;5;4;4;0;0;0;51;1
2005-08;29;3;804;233;172;23;140;7;29;51;23;17;11;9;5;1;0;79;7
2005-08;30;3;508;121;98;20;76;6;10;31;20;10;8;5;1;3;6;58;2
2005-08;31;3;229;87;26;1;28;0;5;48;9;1;9;9;2;0;2;23;3
2005-08;32;3;821;149;159;27;76;17;16;27;26;24;8;4;10;4;10;100;10
2005-08;33;3;625;159;123;18;64;7;7;61;27;18;11;10;1;1;2;63;5
2005-08;34;3;1083;276;202;17;113;15;11;124;34;18;22;13;17;8;7;94;11
2005-08;35;3;1513;311;298;42;175;18;28;72;55;37;19;16;3;1;13;207;9
2005-08;36;3;694;60;91;12;42;6;10;3;8;4;23;15;10;8;15;119;12
2005-08;37;3;721;143;211;28;70;9;8;32;34;32;6;4;1;2;3;57;1
2005-08;38;3;738;230;116;15;81;14;9;92;42;7;14;11;1;3;1;76;10
2005-08;39;3;699;235;70;8;72;4;26;112;17;9;26;19;4;3;5;44;2
2005-08;40;3;442;168;58;6;68;9;14;65;8;7;5;2;3;3;3;32;5
2005-08;41;3;553;137;123;22;62;10;5;34;22;17;5;2;4;3;1;69;2
2005-08;43;3;218;16;45;2;10;3;0;2;5;3;9;9;0;0;1;47;1
2005-08;44;3;567;273;81;11;80;9;18;105;17;17;7;7;4;0;1;26;2
2005-09;1;3;869;108;263;66;58;10;10;2;14;73;0;0;0;0;0;30;4
2005-09;4;3;599;133;147;8;90;14;11;7;8;15;4;2;2;2;2;19;2
2005-09;5;3;774;119;271;42;93;8;5;5;8;54;1;1;2;0;5;32;1
2005-09;6;3;560;103;50;11;61;8;6;23;8;12;9;8;3;1;11;26;2
2005-09;7;3;143;35;30;3;9;1;1;9;8;2;1;1;2;0;0;21;1
2005-09;9;3;534;96;171;21;62;13;3;23;27;50;2;1;1;0;3;34;5
2005-09;10;3;495;83;152;26;59;0;11;9;19;5;0;0;6;0;3;27;2
2005-09;12;3;531;88;195;24;44;12;6;4;9;55;1;0;5;1;2;27;5
2005-09;13;3;372;61;146;17;37;4;6;1;9;28;0;0;0;0;0;21;1
2005-09;14;3;558;65;219;25;43;7;5;1;13;44;0;0;3;0;3;23;0
2005-09;15;3;299;39;78;6;26;1;12;3;5;5;10;5;17;5;0;17;1
2005-09;16;3;1081;130;364;56;74;16;13;25;55;98;6;6;4;0;10;81;1
2005-09;17;3;597;140;85;8;71;13;11;35;13;23;4;3;1;1;1;22;2
2005-09;18;3;512;154;138;16;93;10;5;41;40;21;3;1;1;2;1;21;0
2005-09;19;3;683;156;149;25;64;11;6;55;17;22;4;4;4;0;2;35;1
2005-09;20;3;528;162;114;9;69;7;7;60;27;14;6;5;0;0;1;29;4
2005-09;21;3;1035;360;115;23;133;18;26;155;31;16;11;7;5;2;10;42;4
2005-09;22;3;767;251;124;17;110;12;21;103;40;20;15;7;11;8;3;38;3
2005-09;23;3;946;293;169;42;164;43;9;92;57;20;4;1;7;3;4;36;3
2005-09;24;3;703;258;72;16;99;11;10;120;22;15;5;3;0;1;5;63;4
2005-09;25;3;532;181;53;5;73;10;6;75;7;5;5;3;8;2;1;24;5
2005-09;26;3;7;0;0;0;0;0;0;0;0;0;0;0;0;0;1;1;0
2005-09;27;3;736;301;133;14;99;13;10;144;62;16;5;5;5;0;1;44;3
2005-09;28;3;573;187;85;14;86;10;14;77;13;15;6;5;3;1;2;47;1
2005-09;29;3;758;214;183;28;130;6;35;47;27;13;13;8;4;5;8;56;2
2005-09;30;3;547;138;89;15;76;10;16;47;25;11;3;3;0;0;2;65;2
2005-09;31;3;168;66;16;3;25;2;2;35;6;0;3;2;0;1;1;21;1
2005-09;32;3;648;101;122;21;53;10;11;23;20;27;8;4;6;4;8;89;7
2005-09;33;3;598;144;89;21;65;9;8;61;38;8;10;10;0;0;3;47;6
2005-09;34;3;952;225;139;19;86;14;12;121;47;22;19;14;6;5;11;74;10
2005-09;35;3;1421;245;269;26;134;13;27;74;80;36;27;24;10;2;16;196;6
2005-09;36;3;637;67;87;9;40;0;19;11;21;7;8;4;2;4;7;93;10
2005-09;37;3;701;146;138;25;72;11;7;48;31;27;14;6;10;8;4;53;6
2005-09;38;3;762;269;117;15;95;13;25;104;33;15;11;6;4;4;7;67;3
2005-09;39;3;671;232;48;9;99;7;26;92;17;4;13;10;4;2;1;45;1
2005-09;40;3;419;153;55;4;72;12;17;60;16;6;6;3;2;3;4;20;2
2005-09;41;3;532;95;79;20;45;9;1;35;18;17;4;4;0;0;2;82;3
2005-09;43;3;234;23;27;2;7;1;1;9;6;2;7;7;4;0;5;46;2
2005-09;44;3;530;225;48;7;81;13;11;109;5;10;1;1;11;0;0;24;2
2005-10;1;3;790;116;269;51;70;22;5;1;17;62;0;0;0;0;1;22;2
2005-10;4;3;601;164;146;7;109;15;20;14;4;23;0;0;0;0;0;24;6
2005-10;5;3;855;132;294;52;102;10;4;6;17;63;2;2;0;0;0;41;3
2005-10;6;3;515;119;66;9;55;6;9;37;11;13;12;9;9;3;15;26;4
2005-10;7;3;152;30;38;3;8;0;2;9;10;2;1;1;0;0;3;15;1
2005-10;9;3;526;100;190;26;70;12;8;14;30;27;0;0;0;0;4;36;0
2005-10;10;3;518;94;140;29;75;2;14;5;20;4;0;0;0;0;1;41;1
2005-10;12;3;607;100;241;29;43;13;4;2;7;48;1;1;2;0;0;33;2
2005-10;13;3;403;58;178;14;35;7;5;0;4;35;1;1;0;0;0;20;0
2005-10;14;3;482;66;172;30;40;9;0;2;3;37;0;0;0;0;0;24;2
2005-10;15;3;338;42;86;8;33;4;14;4;8;15;8;2;10;5;0;21;5
2005-10;16;3;1169;126;445;46;74;12;9;23;78;120;7;7;1;0;4;95;2
2005-10;17;3;631;134;141;8;64;11;13;43;24;23;4;4;2;0;0;24;1
2005-10;18;3;538;191;137;15;126;19;4;30;33;22;3;2;1;0;2;16;1
2005-10;19;3;733;183;181;22;74;7;2;79;20;27;3;2;4;1;3;33;3
2005-10;20;3;557;158;126;14;63;10;5;52;31;13;9;3;4;6;2;31;6
2005-10;21;3;1134;375;150;21;154;16;26;159;29;25;17;12;13;5;6;56;12
2005-10;22;3;793;268;161;18;129;12;9;105;49;21;4;2;5;2;9;39;5
2005-10;23;3;923;309;185;28;169;45;14;90;45;33;8;5;1;3;0;60;2
2005-10;24;3;726;261;78;12;109;17;9;108;24;17;2;1;3;1;1;52;6
2005-10;25;3;557;150;48;14;67;9;8;45;3;8;5;1;5;2;0;43;1
2005-10;26;3;7;0;0;0;0;0;0;0;0;0;0;0;0;0;0;1;0
2005-10;27;3;797;281;152;13;134;14;22;108;52;18;15;14;4;1;3;61;10
2005-10;28;3;527;189;73;8;97;11;21;78;18;11;2;1;1;0;2;38;4
2005-10;29;3;702;234;129;32;145;19;25;49;13;8;7;6;5;1;2;60;4
2005-10;30;3;590;181;77;14;74;6;13;77;17;15;6;6;3;0;1;61;9
2005-10;31;3;189;74;19;0;28;2;3;42;2;2;5;3;0;0;1;25;1
2005-10;32;3;755;113;128;14;72;15;7;21;23;32;10;8;2;2;7;108;6
2005-10;33;3;665;185;114;17;88;11;17;73;25;26;7;7;2;0;2;75;8
2005-10;34;3;1005;279;124;7;125;18;20;134;37;24;16;11;8;4;5;118;13
2005-10;35;3;1479;278;237;58;157;5;50;76;47;45;16;13;9;1;13;213;17
2005-10;36;3;691;92;87;15;63;0;24;16;15;10;19;13;4;6;16;113;10
2005-10;37;3;793;187;171;18;81;8;7;80;27;39;8;1;2;7;2;51;5
2005-10;38;3;765;256;83;15;95;12;13;113;30;4;10;7;5;3;5;92;6
2005-10;39;3;737;287;91;8;126;13;28;122;14;8;8;6;5;2;3;49;4
2005-10;40;3;460;159;60;9;68;15;6;66;14;12;2;2;3;0;3;22;5
2005-10;41;3;569;103;122;20;63;10;0;33;33;23;2;2;4;0;4;73;12
2005-10;43;3;269;16;60;4;11;4;0;2;14;6;12;11;3;1;1;50;5
2005-10;44;3;517;222;54;5;75;9;6;110;7;10;5;2;3;3;2;29;1
2005-11;1;3;758;119;285;89;78;22;7;2;23;57;1;1;0;0;0;26;1
2005-11;4;3;592;127;131;6;89;12;13;11;5;17;2;1;2;0;1;21;7
2005-11;5;3;953;140;359;40;102;11;3;6;17;89;0;0;0;0;0;50;1
2005-11;6;3;471;96;74;13;60;6;15;14;23;12;9;5;17;3;5;23;4
2005-11;7;3;124;35;37;1;10;1;2;6;18;1;1;1;0;0;0;8;0
2005-11;9;3;435;95;132;24;58;4;12;18;39;2;4;4;1;0;0;24;0
2005-11;10;3;506;89;161;41;57;0;10;8;36;1;1;0;0;1;5;15;1
2005-11;12;3;586;124;226;31;65;20;5;0;12;46;0;0;0;0;0;35;3
2005-11;13;3;342;40;151;9;26;3;3;1;6;20;4;4;0;0;0;19;2
2005-11;14;3;554;89;189;17;60;12;5;2;5;28;0;0;0;0;3;36;1
2005-11;15;3;289;33;89;13;21;2;6;5;8;14;1;1;4;0;4;21;1
2005-11;16;3;1226;128;483;88;67;14;6;27;81;121;6;6;5;0;4;83;3
2005-11;17;3;519;129;112;8;70;8;10;37;16;23;2;2;4;0;2;20;3
2005-11;18;3;479;147;139;12;91;10;8;32;34;17;0;0;1;0;1;17;1
2005-11;19;3;704;150;184;37;61;16;4;66;26;27;5;2;7;3;2;43;3
2005-11;20;3;552;154;134;17;82;12;3;44;42;17;1;1;4;0;0;35;4
2005-11;21;3;995;328;158;27;146;14;35;121;30;26;13;8;3;5;3;50;9
2005-11;22;3;733;236;144;16;114;14;15;90;47;19;5;3;2;2;6;35;4
2005-11;23;3;831;262;185;37;151;44;9;68;46;30;3;2;2;0;1;59;3
2005-11;24;3;737;271;95;16;123;18;23;103;24;10;6;3;1;3;0;49;1
2005-11;25;3;494;154;64;6;60;8;8;45;11;10;5;2;2;3;3;27;5
2005-11;26;3;10;1;1;0;0;0;0;1;1;0;0;0;0;0;0;1;0
2005-11;27;3;877;367;154;25;151;12;16;165;55;15;14;11;2;3;1;66;5
2005-11;28;3;574;204;85;16;106;14;24;81;21;12;7;7;3;0;3;44;2
2005-11;29;3;781;248;141;37;148;4;34;52;24;8;13;8;1;5;1;72;3
2005-11;30;3;553;179;60;14;73;8;10;84;14;10;8;7;3;1;0;65;3
2005-11;31;3;204;67;24;2;26;4;0;36;13;1;11;9;1;0;0;32;0
2005-11;32;3;714;105;152;28;61;10;11;31;17;34;12;2;1;9;5;100;4
2005-11;33;3;735;187;122;24;97;22;15;66;38;14;9;8;11;1;2;58;5
2005-11;34;3;1009;315;156;20;157;10;26;137;54;19;27;18;13;9;3;60;5
2005-11;35;3;1454;290;271;43;172;13;47;80;61;37;17;17;6;0;17;163;11
2005-11;36;3;682;87;87;10;57;1;19;17;19;10;25;23;7;1;8;89;9
2005-11;37;3;687;144;153;23;60;7;10;63;34;26;10;10;1;0;2;50;2
2005-11;38;3;725;263;82;13;85;7;11;127;29;3;8;5;5;3;3;63;4
2005-11;39;3;708;265;59;7;93;8;19;140;15;3;18;14;6;4;4;47;5
2005-11;40;3;446;177;67;5;72;13;12;81;12;10;6;4;2;1;1;22;4
2005-11;41;3;563;136;116;22;77;10;4;36;23;14;5;5;1;0;5;65;2
2005-11;43;3;239;22;37;6;6;0;0;8;9;5;2;1;4;0;3;45;3
2005-11;44;3;421;164;61;7;80;7;16;62;11;10;2;1;2;1;3;19;0
2005-12;1;3;801;100;305;83;75;20;4;1;14;68;0;0;1;0;0;22;2
2005-12;4;3;618;130;138;4;91;15;8;12;8;15;6;6;3;0;2;28;2
2005-12;5;3;812;134;271;44;104;13;9;3;19;66;2;2;2;0;0;42;5
2005-12;6;3;594;94;119;14;61;7;5;16;9;19;7;5;8;2;9;32;7
2005-12;7;3;141;33;31;2;6;0;3;8;9;1;3;1;0;1;0;10;1
2005-12;9;3;532;98;169;19;53;3;8;20;38;3;5;3;1;2;1;39;1
2005-12;10;3;567;86;191;44;60;1;7;3;42;8;0;0;0;0;0;21;3
2005-12;12;3;622;113;215;23;60;15;10;2;16;43;4;1;0;0;3;30;4
2005-12;13;3;374;60;135;18;30;10;5;1;5;22;2;2;0;0;2;22;1
2005-12;14;3;610;94;227;34;66;9;7;2;14;27;0;0;0;0;0;35;2
2005-12;15;3;324;45;100;17;33;6;5;6;9;19;1;1;11;0;2;23;1
2005-12;16;3;1272;131;445;94;76;15;9;26;63;99;2;2;2;0;4;99;3
2005-12;17;3;612;126;102;9;64;18;5;37;11;25;5;3;3;1;0;23;2
2005-12;18;3;467;145;133;16;81;20;4;32;27;25;2;1;2;0;0;27;0
2005-12;19;3;747;162;212;29;73;15;7;56;36;42;4;2;1;0;2;55;8
2005-12;20;3;539;153;128;11;76;16;1;47;31;18;6;2;1;4;2;29;1
2005-12;21;3;1064;353;150;33;117;19;21;144;21;30;13;9;10;4;6;47;2
2005-12;22;3;747;236;158;21;104;8;18;76;49;13;5;2;0;3;2;42;5
2005-12;23;3;705;196;145;36;110;21;13;53;19;19;3;2;0;0;0;46;3
2005-12;24;3;464;137;66;11;71;13;6;49;9;11;6;1;0;5;2;36;1
2005-12;25;3;588;172;51;18;57;7;7;42;10;7;7;7;2;0;2;45;5
2005-12;26;3;376;146;64;6;66;11;5;61;17;15;1;1;0;0;4;21;1
2005-12;27;3;857;343;152;19;132;12;15;147;54;17;14;10;6;3;0;70;10
2005-12;28;3;569;205;76;10;97;8;10;91;17;13;2;2;0;0;0;62;3
2005-12;29;3;839;231;244;35;132;11;23;50;25;10;10;5;2;3;1;49;6
2005-12;30;3;536;188;85;11;95;15;12;55;17;14;6;6;5;0;3;46;3
2005-12;31;3;179;67;16;1;26;2;0;35;7;1;3;3;1;0;0;27;1
2005-12;32;3;795;136;154;19;78;11;16;30;24;38;8;5;5;3;8;91;5
2005-12;33;3;650;156;97;18;84;10;12;48;35;11;9;9;2;0;3;60;7
2005-12;34;3;986;288;179;30;152;10;22;110;47;21;18;15;5;2;5;83;8
2005-12;35;3;1577;292;379;37;167;3;55;85;55;48;24;23;11;1;13;201;10
2005-12;36;3;696;92;91;17;65;1;23;16;14;9;21;20;9;1;7;101;15
2005-12;37;3;739;174;181;28;84;16;5;71;30;29;9;8;1;1;1;45;2
2005-12;38;3;784;285;83;12;85;12;15;124;28;11;8;4;3;4;1;65;4
2005-12;39;3;740;262;67;7;93;8;21;113;12;10;9;7;1;2;5;40;11
2005-12;40;3;422;157;55;2;55;10;10;59;7;10;3;2;2;0;4;33;4
2005-12;41;3;529;119;101;29;69;6;6;32;22;17;2;1;2;1;2;68;1
2005-12;43;3;206;22;38;5;13;1;1;3;9;5;5;5;2;0;6;40;1
2005-12;44;3;459;186;67;7;72;10;10;76;7;18;3;2;2;1;1;22;2
2006-01;1;3;759;84;256;115;48;15;2;1;10;51;1;1;0;0;1;27;1
2006-01;4;3;579;111;140;8;69;10;14;18;5;16;1;1;1;0;1;26;3
2006-01;5;3;762;126;246;46;90;17;3;6;13;49;1;1;0;0;1;42;6
2006-01;6;3;525;115;99;11;72;9;8;24;16;14;3;3;3;0;4;38;1
2006-01;7;3;145;37;32;2;15;0;1;7;5;1;0;0;1;0;0;15;0
2006-01;9;3;675;122;275;34;82;8;6;17;62;24;3;3;2;0;0;26;8
2006-01;10;3;563;72;160;50;47;2;7;9;31;5;0;0;0;0;2;38;1
2006-01;12;3;1024;124;381;26;69;15;5;4;15;71;0;0;1;0;3;28;2
2006-01;13;3;446;76;205;11;42;9;8;4;5;42;1;1;0;0;0;25;1
2006-01;14;3;667;85;281;25;59;12;5;5;12;46;0;0;0;0;0;25;2
2006-01;15;3;331;41;100;12;31;5;11;2;13;21;1;0;8;1;0;22;6
2006-01;16;3;1479;183;577;62;110;7;13;41;125;130;11;11;6;0;7;109;6
2006-01;17;3;565;128;107;7;72;11;6;26;16;28;5;5;3;0;1;26;4
2006-01;18;3;445;119;134;13;73;12;2;27;27;14;2;2;2;0;0;29;0
2006-01;19;3;660;148;173;27;73;13;5;53;20;42;7;3;8;4;1;45;1
2006-01;20;3;483;135;108;21;67;6;2;47;30;18;3;3;1;0;0;31;1
2006-01;21;3;938;306;155;25;125;13;31;123;40;27;14;11;3;3;4;38;11
2006-01;22;3;797;268;177;14;108;6;15;111;45;35;8;4;2;4;7;44;4
2006-01;23;3;636;169;138;51;114;22;6;37;25;20;2;2;2;0;3;25;1
2006-01;24;3;467;137;65;9;76;14;7;40;11;8;2;2;1;0;0;31;4
2006-01;25;3;525;131;67;18;63;9;3;38;10;10;4;2;7;2;0;35;8
2006-01;26;3;463;178;61;15;76;7;8;69;19;5;5;3;6;2;1;34;2
2006-01;27;3;859;315;159;26;142;10;10;107;71;11;9;6;3;3;3;74;5
2006-01;28;3;549;177;71;11;88;20;14;70;12;14;6;3;4;3;6;55;7
2006-01;29;3;720;224;139;25;142;12;30;50;26;11;11;7;0;4;2;69;9
2006-01;30;3;499;129;81;13;59;5;12;46;15;16;4;4;2;0;1;59;10
2006-01;31;3;184;58;18;1;29;2;8;26;4;0;2;2;0;0;4;45;3
2006-01;32;3;829;133;170;33;71;6;17;36;16;48;7;5;4;2;6;114;9
2006-01;33;3;677;175;105;13;88;9;13;67;37;16;9;9;2;0;3;85;5
2006-01;34;3;1031;281;146;27;138;9;26;129;28;20;20;19;12;1;8;90;9
2006-01;35;3;1653;328;286;43;210;16;71;81;34;62;26;18;4;1;18;234;12
2006-01;36;3;831;108;98;22;70;8;27;16;16;18;19;18;6;1;18;145;7
2006-01;37;3;697;148;161;12;72;14;6;52;30;28;10;6;4;4;4;54;6
2006-01;38;3;828;244;107;14;67;4;14;115;46;8;9;5;3;4;2;83;5
2006-01;39;3;781;282;77;7;100;5;19;142;17;6;13;9;2;3;4;62;5
2006-01;40;3;419;151;60;1;75;16;13;49;18;9;3;3;1;0;0;28;5
2006-01;41;3;561;127;99;24;63;11;6;48;21;25;2;2;1;0;2;82;4
2006-01;43;3;255;18;49;5;7;0;2;5;10;8;4;4;1;0;4;62;2
2006-01;44;3;444;159;71;7;67;8;11;61;8;17;2;2;1;0;2;34;2
2006-02;1;3;729;105;294;95;66;8;7;6;6;58;0;0;1;0;0;19;0
2006-02;4;3;618;154;165;9;116;6;20;5;4;14;2;2;4;0;0;16;5
2006-02;5;3;927;157;460;43;112;14;8;3;9;109;2;2;2;0;3;26;0
2006-02;6;3;633;133;159;9;80;7;6;29;17;22;10;8;1;0;6;29;3
2006-02;7;3;221;40;96;2;9;0;0;10;7;12;1;1;0;0;0;17;0
2006-02;9;3;578;104;246;17;53;1;6;25;56;5;2;1;3;1;0;27;1
2006-02;10;3;558;88;183;29;55;0;6;2;26;3;3;2;1;1;0;31;2
2006-02;12;3;1263;132;737;23;54;5;4;4;15;110;0;0;7;0;0;34;7
2006-02;13;3;450;73;216;12;40;13;2;1;7;32;0;0;0;0;1;22;2
2006-02;14;3;795;117;366;35;79;10;2;3;9;58;0;0;1;0;0;31;1
2006-02;15;3;366;50;125;17;32;2;12;6;6;31;9;8;5;1;2;29;3
2006-02;16;3;1257;158;464;67;81;14;9;37;76;107;3;3;2;0;5;104;3
2006-02;17;3;578;157;118;8;88;16;13;37;12;29;5;5;7;0;1;20;1
2006-02;18;3;502;150;144;16;89;15;7;47;27;15;0;0;0;0;0;27;0
2006-02;19;3;693;153;211;26;70;6;10;48;27;34;3;2;1;0;0;44;0
2006-02;20;3;537;164;121;16;87;11;2;52;29;17;5;4;3;1;0;37;5
2006-02;21;3;1033;329;133;24;129;11;38;139;19;25;10;9;6;1;3;65;12
2006-02;22;3;723;240;167;16;109;20;14;95;63;21;6;4;8;2;1;43;5
2006-02;23;3;667;218;128;33;125;23;9;48;19;20;3;2;2;0;6;30;8
2006-02;24;3;457;138;56;8;52;8;3;62;8;11;4;3;1;0;0;29;3
2006-02;25;3;442;147;45;13;48;8;2;59;7;4;4;1;17;2;0;28;2
2006-02;26;3;435;187;49;15;75;8;3;89;15;4;9;7;3;2;2;20;4
2006-02;27;3;790;249;190;15;99;11;15;111;71;20;10;10;2;0;2;80;3
2006-02;28;3;564;217;75;14;95;14;10;108;15;12;6;5;2;0;3;43;2
2006-02;29;3;613;191;134;30;116;11;26;44;23;19;9;7;1;2;1;46;4
2006-02;30;3;541;149;85;12;73;8;9;54;10;13;6;5;3;1;5;83;7
2006-02;31;3;175;65;11;1;21;2;1;38;1;1;7;6;0;1;0;26;2
2006-02;32;3;799;120;143;25;62;7;17;27;18;37;13;11;4;2;10;99;4
2006-02;33;3;634;184;95;15;88;12;15;66;20;16;6;6;5;0;3;53;4
2006-02;34;3;1053;318;126;16;118;12;22;168;25;14;21;19;4;2;3;94;8
2006-02;35;3;1594;331;273;68;174;14;55;112;74;44;19;17;1;2;20;212;22
2006-02;36;3;837;103;109;20;61;2;17;18;25;10;16;15;5;1;14;131;5
2006-02;37;3;667;158;161;21;79;11;5;54;23;35;10;5;0;5;5;38;3
2006-02;38;3;748;222;116;12;57;7;7;102;38;15;12;11;4;1;1;61;3
2006-02;39;3;782;302;72;11;115;16;18;121;8;8;24;15;4;8;7;52;6
2006-02;40;3;385;149;52;5;64;8;12;61;13;7;8;7;2;1;1;31;3
2006-02;41;3;575;140;122;20;75;12;7;51;26;26;11;7;2;4;2;66;1
2006-02;43;3;235;25;36;5;8;0;2;8;15;0;8;8;1;0;1;50;4
2006-02;44;3;461;184;63;13;74;14;10;78;9;6;1;1;0;0;0;41;0
2006-03;1;3;824;101;261;89;57;12;8;5;16;71;0;0;1;0;0;23;4
2006-03;4;3;567;133;147;3;94;4;12;11;4;24;3;3;8;0;1;26;4
2006-03;5;3;1024;143;335;40;101;8;8;2;10;64;1;1;1;0;4;31;1
2006-03;6;3;535;108;115;12;61;2;6;26;8;13;10;6;10;3;4;30;3
2006-03;7;3;220;32;95;1;9;2;1;8;5;18;4;2;4;2;0;17;2
2006-03;9;3;506;122;164;18;81;4;10;16;42;2;0;0;2;0;0;32;0
2006-03;10;3;480;80;157;37;55;0;15;6;33;10;2;1;5;1;2;20;0
2006-03;12;3;719;120;328;36;52;13;4;0;9;47;0;0;0;0;1;49;1
2006-03;13;3;434;78;192;19;49;12;9;3;3;34;2;1;1;1;1;16;1
2006-03;14;3;702;107;322;30;70;12;4;1;4;53;0;0;2;0;3;22;0
2006-03;15;3;320;40;86;14;27;3;16;5;6;17;2;0;14;2;1;18;2
2006-03;16;3;1212;158;403;73;79;16;7;37;85;72;4;4;2;0;6;92;7
2006-03;17;3;673;165;131;10;84;10;9;42;20;25;8;6;5;1;0;18;3
2006-03;18;3;561;191;158;8;110;14;7;58;37;20;0;0;0;0;3;27;1
2006-03;19;3;696;155;187;19;64;7;3;64;31;36;6;3;5;3;1;26;1
2006-03;20;3;561;170;133;18;80;9;2;62;28;17;11;2;9;9;1;33;2
2006-03;21;3;952;305;153;18;113;12;36;146;31;29;11;8;12;2;0;42;4
2006-03;22;3;798;284;176;13;114;23;13;121;52;32;8;6;2;1;2;37;7
2006-03;23;3;662;193;125;38;116;35;7;56;24;20;2;0;3;0;1;48;1
2006-03;24;3;470;173;57;15;86;14;9;64;11;9;3;0;0;3;0;35;0
2006-03;25;3;463;128;63;12;53;8;6;40;8;9;7;6;3;0;1;37;3
2006-03;26;3;455;196;77;4;84;8;4;77;27;9;3;1;3;2;1;22;1
2006-03;27;3;892;356;167;20;138;10;12;167;62;20;11;8;1;2;4;77;6
2006-03;28;3;587;198;92;19;109;17;16;76;16;15;7;6;0;1;1;45;6
2006-03;29;3;823;257;169;32;150;6;30;61;16;10;9;7;1;2;1;65;6
2006-03;30;3;566;171;82;10;97;17;10;51;20;13;5;3;4;2;0;79;5
2006-03;31;3;164;60;16;3;24;3;3;31;4;1;4;4;0;0;3;13;1
2006-03;32;3;798;141;142;19;72;12;13;44;19;36;9;9;2;0;7;91;6
2006-03;33;3;724;218;110;21;77;12;12;114;25;20;12;11;7;1;8;73;3
2006-03;34;3;1121;337;137;27;127;14;15;171;39;27;32;27;13;1;10;89;12
2006-03;35;3;1674;303;282;59;149;11;32;104;50;43;36;35;5;0;14;263;14
2006-03;36;3;863;109;113;25;81;2;25;14;15;11;18;18;15;0;8;154;21
2006-03;37;3;660;150;149;21;60;11;8;63;33;27;3;3;4;0;3;43;2
2006-03;38;3;853;265;113;9;59;4;8;140;33;9;6;5;5;1;0;71;5
2006-03;39;3;670;229;60;5;94;9;15;80;7;8;23;13;2;10;4;43;2
2006-03;40;3;465;147;46;5;72;4;17;57;14;5;15;12;2;3;2;41;3
2006-03;41;3;673;192;137;24;101;8;11;72;24;22;3;3;0;0;4;69;2
2006-03;43;3;244;26;33;4;13;1;2;8;6;3;4;4;1;0;1;67;6
2006-03;44;3;426;153;71;7;71;7;12;61;8;13;10;4;2;6;2;29;2
2006-04;1;3;710;121;280;53;84;24;7;2;4;83;0;0;1;0;1;28;4
2006-04;4;3;501;118;158;1;77;12;12;16;5;26;7;6;5;1;0;14;7
2006-04;5;3;837;131;348;36;110;16;9;1;13;80;2;2;1;0;0;39;2
2006-04;6;3;543;128;99;11;79;7;10;29;6;16;4;2;3;2;0;23;7
2006-04;7;3;133;46;17;1;10;0;1;12;5;2;0;0;0;0;0;12;3
2006-04;9;3;572;142;183;24;86;19;6;25;45;21;3;2;6;1;1;32;6
2006-04;10;3;598;126;209;41;88;3;15;9;36;12;1;1;0;0;0;30;2
2006-04;12;3;634;109;242;39;39;9;7;2;10;41;10;1;2;0;0;40;0
2006-04;13;3;403;63;189;16;33;10;3;2;6;31;0;0;0;0;0;16;4
2006-04;14;3;610;100;257;27;72;9;11;1;5;35;2;2;4;0;0;22;3
2006-04;15;3;303;64;70;10;36;1;13;4;6;13;2;2;0;0;0;15;2
2006-04;16;3;1303;165;456;73;102;14;8;23;58;106;4;4;5;0;3;98;3
2006-04;17;3;665;205;123;7;108;12;15;57;15;32;4;3;10;0;0;18;3
2006-04;18;3;552;182;166;10;94;11;6;59;33;25;3;2;1;0;2;26;4
2006-04;19;3;778;202;264;15;101;13;7;69;44;43;4;1;5;3;0;23;4
2006-04;20;3;546;187;125;10;93;2;2;63;26;21;6;5;1;1;0;25;2
2006-04;21;3;1081;413;146;23;188;21;44;136;20;30;15;6;6;9;2;49;4
2006-04;22;3;818;308;155;19;164;21;22;103;48;12;13;2;4;3;1;43;2
2006-04;23;3;718;249;165;30;159;33;18;66;23;36;1;0;4;1;2;31;4
2006-04;24;3;493;192;57;11;91;20;9;76;13;12;4;2;3;2;0;23;1
2006-04;25;3;495;170;71;11;76;9;8;49;11;11;3;2;7;0;0;34;3
2006-04;26;3;389;172;62;7;81;11;2;68;33;4;1;1;1;0;1;16;3
2006-04;27;3;887;366;159;31;144;16;11;158;52;16;15;12;6;3;2;68;4
2006-04;28;3;611;228;101;8;104;18;15;101;19;11;6;4;1;2;0;53;2
2006-04;29;3;754;269;173;16;156;7;25;70;15;13;13;12;5;1;1;53;5
2006-04;30;3;508;168;84;17;85;9;9;60;16;13;10;6;1;4;2;49;6
2006-04;31;3;130;50;10;2;16;0;5;24;3;2;5;3;2;2;2;16;1
2006-04;32;3;826;174;148;20;96;14;26;44;13;35;16;13;3;3;9;96;8
2006-04;33;3;620;184;92;19;89;17;12;80;18;15;20;13;9;7;1;48;4
2006-04;34;3;1020;344;113;20;133;14;21;181;29;14;22;19;12;3;7;92;5
2006-04;35;3;1518;314;295;47;179;12;50;104;81;43;23;23;6;0;9;189;10
2006-04;36;3;785;122;106;14;81;7;24;19;23;14;18;18;14;0;7;123;16
2006-04;37;3;712;183;163;16;96;19;10;56;31;28;6;5;4;1;2;49;6
2006-04;38;3;782;246;106;15;63;8;12;120;36;16;16;11;9;5;6;63;4
2006-04;39;3;741;285;81;7;115;14;25;102;10;17;28;18;5;7;2;37;4
2006-04;40;3;447;171;48;4;75;9;14;63;7;5;8;7;0;1;2;15;5
2006-04;41;3;596;158;116;17;79;11;9;53;30;18;4;4;3;0;0;79;7
2006-04;43;3;238;20;33;2;10;0;3;5;5;4;12;12;1;0;0;41;3
2006-04;44;3;579;234;75;9;91;12;5;102;9;7;5;4;1;1;4;26;2
2006-05;1;3;837;130;319;76;89;24;6;2;11;112;0;0;0;0;0;27;2
2006-05;4;3;593;130;161;3;90;13;8;14;2;37;8;6;1;0;0;25;5
2006-05;5;3;881;158;317;55;125;14;6;6;9;98;0;0;9;0;4;36;2
2006-05;6;3;573;153;72;22;89;6;10;38;9;22;7;7;5;0;0;23;6
2006-05;7;3;144;39;24;1;9;0;1;17;6;2;2;2;1;0;0;12;0
2006-05;9;3;609;154;235;14;103;13;22;22;45;34;2;1;9;1;0;35;0
2006-05;10;3;566;126;175;42;89;1;18;6;39;4;0;0;0;0;0;32;5
2006-05;12;3;645;118;249;35;62;16;6;1;9;52;0;0;0;0;4;36;3
2006-05;13;3;415;76;160;26;45;6;7;3;4;31;0;0;1;0;1;17;0
2006-05;14;3;583;89;246;36;72;19;6;3;5;47;3;2;0;1;1;21;3
2006-05;15;3;371;53;109;17;37;4;15;4;7;19;4;0;6;3;1;15;4
2006-05;16;3;1480;217;514;117;142;16;19;36;52;132;6;6;6;0;5;104;5
2006-05;17;3;692;197;152;9;126;20;15;45;18;24;3;3;0;0;1;13;5
2006-05;18;3;675;222;219;13;116;15;5;79;48;44;2;2;1;0;2;25;0
2006-05;19;3;775;209;209;32;114;14;7;58;33;43;6;4;9;2;2;37;0
2006-05;20;3;617;215;146;21;93;17;6;76;31;29;11;3;9;5;2;20;2
2006-05;21;3;1154;414;207;24;184;18;55;161;37;32;15;12;14;2;3;37;4
2006-05;22;3;844;316;183;15;173;14;28;94;59;31;10;6;3;4;4;46;6
2006-05;23;3;815;278;198;41;176;46;14;71;37;43;8;4;0;3;0;32;3
2006-05;24;3;529;165;72;19;80;11;8;65;16;17;2;2;0;0;2;31;3
2006-05;25;3;573;185;80;19;62;12;9;81;20;9;14;8;1;4;1;34;5
2006-05;26;3;382;165;67;8;75;5;3;76;26;7;3;3;0;0;0;25;0
2006-05;27;3;940;386;165;29;144;15;12;159;65;13;8;4;3;2;2;55;8
2006-05;28;3;594;204;104;13;109;14;19;75;22;23;4;3;1;1;4;48;0
2006-05;29;3;740;243;169;31;145;9;31;75;21;26;11;9;1;1;3;51;4
2006-05;30;3;520;189;82;13;104;17;10;68;7;17;3;3;1;0;1;40;6
2006-05;31;3;160;61;18;1;25;4;6;30;2;1;4;4;2;0;5;22;1
2006-05;32;3;792;155;179;31;85;19;18;42;27;47;16;12;12;4;2;77;1
2006-05;33;3;662;220;129;13;103;14;17;99;35;22;13;8;4;5;4;35;5
2006-05;34;3;1118;391;152;34;203;29;34;157;43;10;25;23;12;2;4;80;7
2006-05;35;3;1527;332;361;37;184;24;45;107;79;71;27;26;5;0;4;163;10
2006-05;36;3;801;123;113;26;70;4;21;22;21;11;24;17;18;7;7;116;12
2006-05;37;3;714;165;180;18;70;12;11;65;40;27;11;8;5;3;4;47;0
2006-05;38;3;878;278;121;12;84;18;12;141;43;13;6;6;0;0;3;76;8
2006-05;39;3;818;332;73;9;137;16;26;136;10;8;17;15;3;2;5;50;6
2006-05;40;3;450;180;49;1;75;6;7;74;15;7;7;7;0;0;0;30;3
2006-05;41;3;580;166;129;17;98;18;11;47;44;28;2;2;0;0;5;62;0
2006-05;43;3;224;15;30;7;6;1;0;6;5;3;11;9;2;2;1;43;1
2006-05;44;3;588;255;64;15;105;4;13;109;13;9;6;2;6;4;0;42;1
2006-06;1;3;719;113;249;81;83;21;6;5;12;78;0;0;0;0;1;34;3
2006-06;4;3;519;119;150;7;96;11;5;11;5;35;1;1;1;0;1;10;5
2006-06;5;3;878;184;320;61;149;28;8;7;11;79;1;1;4;0;3;38;3
2006-06;6;3;479;109;66;9;62;5;15;29;10;11;10;1;6;9;2;27;4
2006-06;7;3;142;52;23;1;20;1;1;12;3;5;0;0;0;0;2;7;0
2006-06;9;3;644;185;238;23;126;19;24;28;44;46;4;4;0;0;0;23;2
2006-06;10;3;623;156;196;36;131;14;43;2;38;23;0;0;0;0;1;27;0
2006-06;12;3;563;93;245;19;52;10;2;0;5;60;1;1;0;0;1;21;3
2006-06;13;3;340;79;97;24;52;9;6;1;4;13;0;0;0;0;0;19;1
2006-06;14;3;566;111;236;29;78;12;4;2;6;38;0;0;1;0;0;24;4
2006-06;15;3;307;44;109;14;28;3;10;1;5;17;3;1;2;2;0;13;0
2006-06;16;3;1385;177;464;135;120;19;21;29;71;122;6;6;5;0;3;106;5
2006-06;17;3;583;178;101;12;100;15;17;34;9;22;4;2;2;2;2;17;3
2006-06;18;3;554;180;155;13;98;22;4;58;36;31;2;2;1;0;0;30;1
2006-06;19;3;788;221;250;27;118;17;7;65;32;43;3;1;2;0;1;37;1
2006-06;20;3;591;230;118;18;115;13;5;86;30;12;4;1;1;2;3;30;2
2006-06;21;3;1008;319;179;26;155;20;49;116;42;28;14;9;14;4;2;36;4
2006-06;22;3;783;269;172;20;142;15;23;91;50;29;7;3;18;2;3;41;4
2006-06;23;3;720;226;173;30;136;32;8;59;35;33;0;0;2;0;2;29;5
2006-06;24;3;512;171;78;9;90;12;6;56;20;14;5;1;9;4;2;28;3
2006-06;25;3;466;125;46;12;54;8;9;35;6;12;19;8;16;10;2;30;4
2006-06;26;3;408;159;74;9;74;8;3;72;43;8;2;1;0;1;2;24;3
2006-06;27;3;837;351;161;19;140;15;20;139;59;17;8;7;2;1;3;68;11
2006-06;28;3;602;209;83;15;103;7;14;84;26;14;7;5;5;2;0;62;3
2006-06;29;3;698;199;171;17;112;18;23;42;23;15;5;4;3;1;1;59;7
2006-06;30;3;479;163;75;7;90;6;9;57;14;13;6;2;2;4;3;58;7
2006-06;31;3;168;71;14;2;28;1;1;36;4;3;2;2;2;0;4;19;0
2006-06;32;3;837;156;175;29;88;14;26;37;19;41;8;4;6;2;3;112;4
2006-06;33;3;656;185;132;9;90;11;20;72;43;23;17;16;4;0;0;57;1
2006-06;34;3;1054;319;149;28;170;28;27;114;44;17;29;20;9;9;11;76;6
2006-06;35;3;1510;251;325;43;141;16;25;78;84;55;13;11;7;1;13;211;9
2006-06;36;3;716;70;108;21;43;4;9;13;26;20;17;13;9;4;17;109;4
2006-06;37;3;690;156;194;21;65;8;17;65;37;39;7;5;7;2;4;50;1
2006-06;38;3;726;231;119;9;87;13;17;92;35;14;6;4;4;1;1;55;7
2006-06;39;3;793;294;97;14;117;16;23;119;8;11;14;9;6;5;5;41;9
2006-06;40;3;410;164;56;7;66;11;15;62;10;8;11;10;0;1;1;20;2
2006-06;41;3;519;135;133;16;64;16;6;59;40;26;4;4;1;0;5;69;1
2006-06;43;3;215;19;39;3;12;2;3;4;9;7;3;2;1;1;2;44;1
2006-06;44;3;486;194;76;9;81;3;16;75;12;8;6;3;1;3;0;28;3
2006-07;1;3;814;134;309;102;104;19;12;2;9;88;0;0;1;0;5;25;4
2006-07;4;3;521;110;159;8;85;9;8;13;2;20;6;4;1;2;0;17;1
2006-07;5;3;964;159;378;66;122;11;15;7;9;79;0;0;2;0;0;40;5
2006-07;6;3;493;95;72;10;51;3;8;25;13;6;8;8;3;0;4;14;2
2006-07;7;3;139;45;19;2;16;0;2;11;7;1;1;0;0;0;1;4;1
2006-07;9;3;697;222;239;15;164;31;41;27;39;36;5;4;4;1;0;36;2
2006-07;10;3;695;142;236;54;99;13;26;14;27;30;0;0;0;0;1;22;0
2006-07;12;3;625;127;260;32;70;5;5;1;14;42;1;0;0;1;2;27;2
2006-07;13;3;324;84;102;19;53;3;8;2;5;9;4;2;4;2;1;20;6
2006-07;14;3;589;111;258;30;71;9;8;6;10;39;0;0;1;0;1;19;2
2006-07;15;3;334;58;111;10;28;8;11;7;8;29;2;1;3;1;1;19;3
2006-07;16;3;1472;188;561;106;126;26;20;41;91;144;1;1;2;0;9;97;2
2006-07;17;3;711;164;122;12;89;11;21;38;12;29;8;6;4;2;0;17;3
2006-07;18;3;562;161;182;12;87;19;4;44;26;28;1;0;0;0;2;24;2
2006-07;19;3;749;192;227;39;90;11;5;57;22;39;0;0;6;0;0;28;2
2006-07;20;3;541;165;126;26;75;13;4;65;23;16;5;1;8;4;3;22;1
2006-07;21;3;1070;305;171;31;142;15;40;124;36;39;13;11;3;2;5;44;8
2006-07;22;3;809;278;183;20;146;19;16;95;39;39;1;0;2;1;1;39;4
2006-07;23;3;735;231;177;31;151;30;11;44;31;29;2;0;2;2;1;26;4
2006-07;24;3;429;140;55;12;75;10;4;47;12;10;4;4;5;0;3;21;3
2006-07;25;3;516;120;81;22;58;4;10;41;11;10;12;11;16;1;0;17;7
2006-07;26;3;448;179;87;7;88;13;5;61;29;9;2;0;6;2;1;25;2
2006-07;27;3;853;313;164;27;141;13;14;120;58;18;5;4;2;1;2;69;6
2006-07;28;3;544;172;77;8;84;5;17;71;17;10;5;4;3;1;1;49;3
2006-07;29;3;733;221;163;37;145;23;27;42;20;18;6;5;5;1;0;76;2
2006-07;30;3;469;133;63;6;73;7;13;43;16;12;5;2;3;2;3;51;4
2006-07;31;3;176;128;31;3;51;1;3;61;17;1;8;8;0;0;0;23;3
2006-07;32;3;840;121;193;25;72;12;13;25;32;63;9;5;3;3;1;92;8
2006-07;33;3;602;142;103;11;69;16;10;52;31;17;11;11;5;0;2;65;1
2006-07;34;3;1053;332;161;24;171;28;33;131;44;25;22;15;6;7;2;93;5
2006-07;35;3;1466;250;339;39;165;25;30;63;94;55;18;15;3;2;8;234;7
2006-07;36;3;767;99;106;20;62;5;11;14;23;22;22;22;7;0;12;104;10
2006-07;37;3;719;184;181;23;78;8;14;68;46;35;15;8;1;7;3;37;6
2006-07;38;3;852;303;144;13;97;8;19;130;41;12;9;6;15;3;1;71;6
2006-07;39;3;888;275;114;10;111;7;22;86;12;5;12;7;0;4;2;63;5
2006-07;40;3;441;161;61;8;78;10;13;50;16;6;5;5;2;0;1;35;3
2006-07;41;3;563;147;119;28;79;14;10;52;35;25;1;1;0;0;4;75;2
2006-07;43;3;229;23;38;1;12;0;5;8;3;3;7;6;0;1;2;30;0
2006-07;44;3;470;182;63;15;90;9;8;61;7;7;8;1;1;5;2;36;2
2006-08;1;3;868;122;328;147;83;17;11;4;11;76;1;0;0;0;0;27;1
2006-08;4;3;513;98;152;4;81;12;15;5;5;15;2;1;0;0;1;23;3
2006-08;5;3;974;156;355;61;131;18;8;5;16;67;3;3;4;0;2;53;2
2006-08;6;3;431;67;46;18;49;3;7;11;8;5;7;7;1;0;0;33;7
2006-08;7;3;167;43;30;3;13;2;0;15;2;3;0;0;0;0;1;13;3
2006-08;9;3;687;180;249;23;117;24;26;30;60;56;1;0;0;1;0;41;2
2006-08;10;3;707;145;254;44;111;27;24;9;52;56;1;1;0;0;1;19;0
2006-08;12;3;601;107;239;28;61;11;10;3;9;32;1;0;5;1;0;40;2
2006-08;13;3;328;57;114;24;37;5;8;1;1;13;2;1;0;0;4;22;5
2006-08;14;3;581;109;246;37;64;6;4;4;13;28;2;2;8;0;0;23;2
2006-08;15;3;325;49;107;13;30;3;13;5;9;19;17;7;9;9;0;23;1
2006-08;16;3;1407;211;489;89;125;26;21;45;93;100;0;0;1;0;0;116;1
2006-08;17;3;672;183;134;15;90;17;12;46;12;29;4;1;3;1;1;17;3
2006-08;18;3;566;170;170;7;93;21;9;49;23;31;0;0;0;0;0;29;0
2006-08;19;3;728;148;247;40;76;6;6;54;30;55;1;0;3;1;4;19;1
2006-08;20;3;614;176;156;14;80;10;2;68;22;23;5;3;2;2;0;26;1
2006-08;21;3;1103;359;157;24;156;16;43;146;29;25;5;5;8;0;3;50;7
2006-08;22;3;862;323;180;16;161;19;22;106;41;38;14;5;5;9;0;56;3
2006-08;23;3;784;226;212;41;147;29;10;49;30;36;2;2;0;0;1;35;4
2006-08;24;3;451;149;65;15;71;10;4;51;9;12;5;2;4;3;0;18;1
2006-08;25;3;482;123;67;12;58;4;10;25;9;8;7;5;9;2;2;39;5
2006-08;26;3;432;157;86;5;77;10;1;49;27;12;3;2;4;1;0;19;1
2006-08;27;3;811;299;151;32;125;13;9;124;56;9;18;8;1;10;1;76;3
2006-08;28;3;535;187;85;11;97;12;10;73;19;7;6;5;4;1;0;55;5
2006-08;29;3;708;229;154;34;154;17;35;35;28;22;5;5;0;0;3;56;3
2006-08;30;3;537;155;92;10;78;12;18;50;20;17;7;1;1;2;1;55;2
2006-08;31;3;331;108;37;9;52;5;4;41;11;1;10;8;3;2;1;42;5
2006-08;32;3;847;118;199;25;81;10;24;19;19;60;3;2;2;1;0;89;11
2006-08;33;3;686;192;125;13;101;9;19;78;46;21;14;10;11;3;6;52;6
2006-08;34;3;1132;333;182;26;170;20;29;132;49;35;25;16;8;7;4;84;10
2006-08;35;3;1628;285;334;42;168;23;38;82;73;69;18;18;1;0;11;219;11
2006-08;36;3;828;123;110;15;72;15;15;22;21;19;25;20;6;5;14;103;20
2006-08;37;3;796;205;186;22;83;11;16;87;29;43;8;7;0;1;4;42;2
2006-08;38;3;837;252;146;18;98;8;21;99;41;9;8;4;3;4;7;78;4
2006-08;39;3;770;262;121;14;106;11;20;80;12;18;14;6;7;8;5;53;5
2006-08;40;3;451;181;63;2;87;12;9;53;15;12;9;7;4;2;3;43;1
2006-08;41;3;584;150;137;13;83;16;14;40;45;17;3;2;1;0;2;65;2
2006-08;43;3;240;19;46;5;11;0;5;4;9;6;4;4;7;0;1;36;0
2006-08;44;3;522;215;86;12;91;5;8;94;15;17;9;6;8;3;1;30;3
2006-09;1;3;815;104;267;115;70;17;9;4;10;62;0;0;4;0;5;39;4
2006-09;4;3;553;125;150;6;102;11;21;9;2;18;4;4;0;0;1;21;3
2006-09;5;3;869;168;357;46;136;23;9;8;9;93;1;1;2;0;2;35;2
2006-09;6;3;484;95;55;29;50;3;6;20;12;4;5;4;2;0;0;34;1
2006-09;7;3;155;34;40;0;18;1;2;4;15;1;1;1;2;0;2;13;3
2006-09;9;3;596;137;231;26;92;21;16;21;52;45;4;2;0;0;2;33;0
2006-09;10;3;644;140;246;37;109;15;22;9;36;35;3;3;1;0;0;22;4
2006-09;12;3;576;102;237;35;64;10;4;1;8;37;0;0;2;0;2;38;2
2006-09;13;3;309;87;77;24;52;11;6;1;2;10;2;2;0;0;0;16;0
2006-09;14;3;546;85;210;37;57;3;12;2;9;32;0;0;0;0;0;19;1
2006-09;15;3;329;54;112;15;28;5;10;1;5;22;2;2;1;0;0;11;1
2006-09;16;3;1275;193;427;79;117;34;20;47;52;101;3;3;4;0;7;94;5
2006-09;17;3;655;194;113;13;81;8;21;58;20;24;9;5;9;4;2;19;4
2006-09;18;3;480;143;137;11;82;8;12;38;32;35;3;3;4;0;1;29;0
2006-09;19;3;706;197;182;35;93;8;11;69;23;38;9;8;3;1;0;20;2
2006-09;20;3;672;256;121;15;126;18;8;84;27;23;4;4;6;0;3;29;2
2006-09;21;3;1093;397;149;25;165;18;51;160;21;33;11;9;13;2;4;48;7
2006-09;22;3;841;313;170;23;149;21;17;110;56;34;7;5;5;0;1;38;1
2006-09;23;3;812;244;177;41;160;29;11;64;33;33;2;1;5;1;1;38;6
2006-09;24;3;458;183;58;13;90;9;6;61;13;8;7;5;6;1;0;35;0
2006-09;25;3;494;167;57;9;82;9;12;46;7;9;10;4;8;6;3;34;7
2006-09;26;3;406;172;65;7;76;9;1;76;29;6;6;1;5;4;0;26;3
2006-09;27;3;641;256;123;15;105;12;13;118;57;19;7;6;1;0;7;42;6
2006-09;28;3;531;185;77;9;79;10;9;84;19;18;7;5;1;0;3;37;6
2006-09;29;3;656;179;147;31;106;10;24;44;20;18;5;2;4;3;3;65;6
2006-09;30;3;481;155;83;11;73;15;3;69;28;13;10;10;1;0;1;56;10
2006-09;31;3;344;124;59;6;53;7;3;61;15;4;7;6;0;1;2;34;3
2006-09;32;3;859;146;193;29;83;16;16;38;27;66;8;8;6;0;3;93;6
2006-09;33;3;646;198;96;16;91;15;13;85;19;21;13;10;2;3;1;70;4
2006-09;34;3;1149;335;163;24;158;21;23;146;43;24;26;24;12;2;2;84;1
2006-09;35;3;1576;268;347;42;166;30;25;71;89;62;25;23;16;0;9;216;10
2006-09;36;3;721;104;103;13;61;7;19;25;22;16;34;25;8;9;8;132;8
2006-09;37;3;734;191;141;20;70;6;15;78;21;31;6;4;4;1;2;39;3
2006-09;38;3;741;263;121;15;116;6;29;96;44;2;6;4;5;2;4;61;9
2006-09;39;3;631;229;97;8;100;10;18;81;9;10;6;3;5;3;3;40;5
2006-09;40;3;399;165;59;7;63;6;10;71;12;14;6;5;0;1;1;30;6
2006-09;41;3;496;139;108;35;63;13;8;61;21;20;3;3;2;0;3;50;2
2006-09;43;3;217;16;41;2;9;1;5;2;11;8;4;4;5;0;2;35;1
2006-09;44;3;471;201;72;8;97;5;15;75;9;11;6;3;7;2;2;26;1
2006-10;1;3;808;123;296;135;88;16;14;6;10;71;0;0;1;0;2;17;1
2006-10;4;3;478;94;136;4;58;5;14;20;5;24;3;3;1;0;0;18;2
2006-10;5;3;862;176;363;72;142;22;6;6;5;77;0;0;1;0;0;38;5
2006-10;6;3;481;85;72;54;48;4;6;10;14;4;4;4;4;0;7;26;0
2006-10;7;3;171;34;54;1;14;1;0;8;8;3;1;1;1;0;0;17;0
2006-10;9;3;637;143;253;16;83;13;16;13;58;31;2;1;2;1;1;30;0
2006-10;10;3;665;144;284;40;103;9;14;8;59;32;1;1;3;0;2;19;5
2006-10;12;3;601;96;245;41;54;9;7;2;10;33;0;0;1;0;2;35;1
2006-10;13;3;353;65;130;35;42;5;2;0;7;19;0;0;1;0;0;12;1
2006-10;14;3;605;126;236;39;68;13;6;3;7;28;1;1;0;0;0;46;0
2006-10;15;3;355;55;125;22;23;3;12;6;13;16;0;0;2;0;0;13;2
2006-10;16;3;1411;251;544;82;127;23;18;54;97;122;5;4;4;1;6;107;12
2006-10;17;3;678;174;145;23;79;14;15;44;22;20;2;1;4;1;1;31;3
2006-10;18;3;524;170;171;16;93;13;9;38;26;35;0;0;0;0;0;30;4
2006-10;19;3;777;260;234;31;117;11;9;74;26;42;4;4;0;0;0;31;4
2006-10;20;3;607;234;142;21;100;12;2;74;32;28;5;5;1;0;3;23;3
2006-10;21;3;1140;458;192;19;206;18;76;143;31;25;14;13;15;1;0;42;7
2006-10;22;3;907;348;219;19;147;18;26;119;71;29;18;10;10;8;10;26;10
2006-10;23;3;760;277;180;36;179;38;19;58;28;37;4;0;2;0;2;28;2
2006-10;24;3;459;177;82;22;74;12;6;62;15;12;6;6;2;0;1;22;0
2006-10;25;3;475;166;78;16;77;16;5;32;10;16;1;1;1;0;1;33;5
2006-10;26;3;397;187;83;4;88;8;7;57;29;4;4;1;2;3;0;27;2
2006-10;27;3;758;295;148;37;134;9;14;120;56;23;9;7;3;2;1;57;2
2006-10;28;3;542;198;108;16;86;16;5;80;22;15;2;2;3;0;1;49;3
2006-10;29;3;741;240;179;26;131;19;20;66;19;22;9;6;2;3;5;37;4
2006-10;30;3;475;156;102;14;94;8;9;48;21;20;4;3;4;0;3;52;2
2006-10;31;3;314;124;47;7;49;5;5;59;11;5;9;9;3;0;1;34;2
2006-10;32;3;856;171;226;25;99;21;25;36;27;51;14;11;8;3;9;84;3
2006-10;33;3;765;224;132;17;91;12;13;91;25;35;15;11;5;4;7;77;7
2006-10;34;3;1186;405;206;28;183;15;18;163;41;17;34;22;15;12;6;81;10
2006-10;35;3;1627;307;404;58;183;16;44;72;93;75;33;32;3;1;10;210;22
2006-10;36;3;772;100;146;13;61;4;13;17;18;15;25;21;2;4;6;113;13
2006-10;37;3;732;222;177;29;72;7;10;83;22;38;5;3;7;2;1;41;1
2006-10;38;3;786;272;144;16;113;6;23;91;55;11;10;8;3;2;5;57;6
2006-10;39;3;743;305;73;6;117;16;27;116;14;9;17;13;11;4;1;38;5
2006-10;40;3;476;219;66;6;73;5;12;91;16;9;8;6;2;2;2;25;9
2006-10;41;3;544;157;128;9;85;10;7;47;29;23;5;5;3;0;1;38;4
2006-10;43;3;280;22;71;5;5;1;2;9;11;7;4;4;4;0;1;57;2
2006-10;44;3;502;228;83;14;99;14;14;72;9;9;5;2;10;2;2;17;1
2006-11;1;3;816;120;317;126;83;12;5;7;6;69;0;0;3;0;0;13;3
2006-11;4;3;513;105;156;6;83;6;20;4;3;21;0;0;1;0;4;15;3
2006-11;5;3;834;175;351;48;128;22;7;8;8;72;3;3;2;0;1;35;3
2006-11;6;3;518;112;110;34;70;3;16;22;18;10;11;4;4;7;0;17;2
2006-11;7;3;146;31;39;1;15;0;0;6;18;3;0;0;2;0;0;18;1
2006-11;9;3;667;178;250;31;120;24;30;11;48;30;1;1;0;0;1;26;0
2006-11;10;3;658;146;288;38;100;6;16;12;52;36;0;0;1;0;4;26;2
2006-11;12;3;635;96;270;37;66;7;6;1;13;45;0;0;0;0;2;29;2
2006-11;13;3;322;50;114;31;29;1;4;1;6;13;0;0;3;0;0;26;1
2006-11;14;3;628;142;251;30;82;11;10;6;5;35;1;0;1;0;1;24;5
2006-11;15;3;353;59;148;17;22;2;3;4;8;24;2;1;0;0;0;20;0
2006-11;16;3;1469;239;594;87;116;26;16;67;73;150;2;2;4;0;9;103;8
2006-11;17;3;616;190;162;20;85;7;16;49;21;16;8;3;2;5;1;14;1
2006-11;18;3;480;176;150;10;90;16;7;35;27;32;3;1;0;1;0;25;3
2006-11;19;3;725;207;246;36;94;11;5;45;19;35;3;0;3;3;1;42;0
2006-11;20;3;609;226;130;19;99;10;2;60;24;29;9;4;1;5;1;34;0
2006-11;21;3;1101;403;164;16;135;11;30;144;27;26;11;8;7;3;3;56;8
2006-11;22;3;847;332;198;15;162;21;21;99;58;33;10;6;5;1;2;40;5
2006-11;23;3;812;294;209;47;198;44;14;43;21;41;2;2;0;0;1;17;1
2006-11;24;3;455;204;67;12;108;18;8;50;10;13;5;5;3;0;2;27;0
2006-11;25;3;451;150;91;11;70;7;12;32;9;15;5;5;5;0;0;24;3
2006-11;26;3;480;211;81;12;91;12;6;73;21;5;8;2;7;6;0;37;3
2006-11;27;3;753;299;157;29;116;7;16;132;61;16;9;8;3;1;1;49;1
2006-11;28;3;494;199;82;9;81;8;7;70;13;12;8;6;1;2;2;43;5
2006-11;29;3;705;232;164;23;107;21;22;72;24;22;10;10;1;0;3;46;2
2006-11;30;3;505;173;84;14;87;9;14;63;24;10;3;3;2;0;2;40;2
2006-11;31;3;188;126;43;4;55;1;11;51;9;2;4;4;1;0;1;31;4
2006-11;32;3;844;173;230;29;95;30;16;34;34;56;11;9;13;2;3;95;7
2006-11;33;3;727;200;131;24;91;10;10;83;25;19;8;5;6;3;3;60;4
2006-11;34;3;1113;355;194;38;152;14;16;157;40;18;25;18;4;7;3;93;11
2006-11;35;3;1589;282;413;36;165;23;13;62;81;69;31;30;6;0;9;211;7
2006-11;36;3;657;103;93;15;62;4;16;18;10;15;28;27;9;1;5;108;7
2006-11;37;3;705;182;187;29;68;14;7;83;21;36;5;4;4;1;1;31;3
2006-11;38;3;765;295;129;10;123;4;25;118;40;11;12;8;3;3;4;53;2
2006-11;39;3;798;279;69;7;130;10;28;86;10;6;12;10;3;2;0;38;4
2006-11;40;3;485;233;79;4;95;13;18;75;25;14;3;2;0;0;3;31;5
2006-11;41;3;480;131;148;22;61;13;3;56;31;26;5;0;2;0;1;48;0
2006-11;43;3;233;21;52;3;11;1;0;7;8;5;5;5;1;0;3;55;2
2006-11;44;3;534;264;92;7;108;8;22;92;9;6;6;1;6;4;3;18;2
2006-12;1;3;849;123;369;98;78;16;5;3;11;83;2;2;0;0;2;19;1
2006-12;4;3;529;115;161;3;87;4;22;10;3;18;9;8;4;1;0;16;4
2006-12;5;3;833;178;352;54;146;13;5;6;7;70;0;0;3;0;0;30;2
2006-12;6;3;469;101;84;21;56;1;7;13;6;6;11;9;7;1;3;24;3
2006-12;7;3;125;24;37;2;13;0;2;2;9;2;1;1;1;0;1;8;1
2006-12;9;3;682;154;281;27;99;12;14;20;60;31;1;1;6;0;1;31;1
2006-12;10;3;606;129;250;32;89;16;17;8;25;39;4;4;2;0;0;30;4
2006-12;12;3;575;82;258;33;49;8;4;3;10;29;1;1;3;0;1;25;3
2006-12;13;3;310;54;101;30;34;1;1;2;4;6;1;1;0;0;0;22;2
2006-12;14;3;677;126;312;29;73;9;8;11;11;43;1;1;0;0;1;28;1
2006-12;15;3;348;47;121;25;28;5;9;8;10;19;3;3;3;0;0;17;5
2006-12;16;3;1439;209;632;84;115;20;11;39;96;136;7;7;7;0;6;92;1
2006-12;17;3;595;175;150;4;75;10;12;40;11;36;4;3;2;0;2;13;3
2006-12;18;3;533;176;200;12;84;19;2;42;22;40;1;1;2;0;1;24;0
2006-12;19;3;735;226;245;28;109;5;10;68;18;38;1;1;11;0;3;31;1
2006-12;20;3;639;238;182;11;95;12;1;72;38;20;6;4;5;2;0;23;2
2006-12;21;3;1065;407;178;31;176;11;53;130;33;21;19;9;13;9;2;43;15
2006-12;22;3;771;273;205;18;135;14;22;76;42;39;15;13;2;1;1;31;4
2006-12;23;3;726;239;210;33;152;24;14;46;25;41;0;0;0;0;0;28;3
2006-12;24;3;451;158;88;8;80;12;6;46;17;21;6;6;1;0;1;22;1
2006-12;25;3;499;183;86;13;78;7;20;45;7;8;5;3;8;2;3;29;3
2006-12;26;3;400;158;74;6;69;11;6;56;19;14;8;5;0;3;1;32;4
2006-12;27;3;862;361;189;22;176;20;22;125;71;37;11;7;8;3;1;43;2
2006-12;28;3;485;153;75;15;74;10;10;47;10;13;7;6;26;0;5;57;6
2006-12;29;3;899;246;261;50;120;16;21;67;26;31;12;11;1;0;1;64;7
2006-12;30;3;508;156;104;12;101;8;17;45;24;23;8;3;0;5;3;49;3
2006-12;31;3;311;106;36;4;46;4;2;38;8;4;5;5;0;0;0;42;7
2006-12;32;3;834;174;217;25;80;15;20;56;22;61;13;10;9;1;3;84;5
2006-12;33;3;738;199;136;23;94;14;9;75;38;21;10;9;5;1;2;84;5
2006-12;34;3;1118;322;258;39;147;12;24;136;31;26;12;12;12;0;6;89;8
2006-12;35;3;1709;288;459;51;164;18;24;74;79;94;27;24;21;3;13;227;18
2006-12;36;3;673;101;85;12;62;8;14;25;16;11;19;18;6;1;9;111;6
2006-12;37;3;665;187;184;28;81;16;9;64;19;34;2;1;3;1;3;29;0
2006-12;38;3;672;223;113;24;81;1;17;87;43;7;17;14;24;1;0;44;11
2006-12;39;3;715;282;84;3;104;16;20;108;8;11;13;9;9;2;2;46;4
2006-12;40;3;506;245;71;7;97;16;11;85;26;8;12;11;0;1;2;21;0
2006-12;41;3;481;107;115;21;56;15;7;30;21;27;1;1;6;0;4;51;1
2006-12;43;3;240;18;58;3;6;2;3;8;8;7;11;10;4;1;2;35;6
2006-12;44;3;552;256;90;5;110;7;22;89;13;15;5;3;9;2;3;28;7
2007-01;1;3;949;124;299;175;92;14;8;5;4;70;3;3;0;0;1;22;2
2007-01;4;3;633;139;188;16;114;9;17;14;3;28;2;1;1;1;5;24;4
2007-01;5;3;918;197;415;57;156;17;4;4;12;75;1;1;0;0;1;32;1
2007-01;6;3;525;106;125;35;67;9;8;11;6;5;9;7;5;2;5;23;6
2007-01;7;3;175;46;51;2;19;1;0;6;12;4;1;1;4;0;0;10;1
2007-01;9;3;677;177;314;23;107;16;11;18;79;46;1;1;0;0;1;20;0
2007-01;10;3;655;134;294;35;77;12;11;7;45;36;1;1;0;0;0;25;2
2007-01;12;3;705;127;343;35;64;4;8;2;10;40;0;0;0;0;2;31;3
2007-01;13;3;435;66;163;55;38;4;4;4;7;8;1;0;5;1;3;24;5
2007-01;14;3;720;118;372;52;67;6;4;8;8;57;1;1;0;0;1;31;4
2007-01;15;3;362;51;132;18;33;4;13;2;10;24;1;1;3;0;1;26;4
2007-01;16;3;1393;211;622;73;127;14;17;40;114;139;3;3;7;0;1;85;2
2007-01;17;3;587;162;140;13;87;14;15;25;11;20;3;0;2;3;3;25;2
2007-01;18;3;500;162;160;20;90;12;4;39;39;28;2;1;1;0;0;22;0
2007-01;19;3;731;229;249;31;107;13;8;60;27;29;4;3;1;1;1;37;4
2007-01;20;3;673;300;162;19;113;10;12;96;41;24;12;4;0;8;0;29;1
2007-01;21;3;965;336;181;36;164;7;58;95;24;19;20;16;7;4;4;45;13
2007-01;22;3;830;310;190;26;154;22;20;97;38;46;13;5;8;8;1;52;6
2007-01;23;3;671;227;179;49;148;32;12;40;31;33;2;2;1;0;0;19;2
2007-01;24;3;500;188;79;16;79;7;10;65;11;11;4;4;1;0;4;38;5
2007-01;25;3;494;158;87;30;64;2;15;34;17;5;5;0;10;5;1;35;10
2007-01;26;3;410;149;99;12;68;1;4;52;35;8;11;9;5;2;0;23;1
2007-01;27;3;850;350;181;18;135;15;15;160;61;34;17;15;4;2;1;48;4
2007-01;28;3;563;197;97;16;99;9;16;52;20;19;3;3;8;0;0;65;2
2007-01;29;3;814;231;195;38;135;10;25;54;23;12;9;9;1;0;5;65;10
2007-01;30;3;468;140;103;11;94;13;7;36;32;13;3;3;0;0;5;49;2
2007-01;31;3;302;108;43;2;43;4;4;41;12;2;12;12;1;0;5;44;6
2007-01;32;3;897;167;225;39;81;18;19;50;27;68;8;7;8;1;6;101;3
2007-01;33;3;679;212;128;18;92;14;14;92;32;25;21;16;9;5;1;56;2
2007-01;34;3;1176;343;230;29;156;19;11;144;41;24;18;13;10;5;7;94;5
2007-01;35;3;1570;242;409;32;146;24;27;65;82;89;30;26;5;4;11;246;13
2007-01;36;3;725;101;122;19;62;7;10;20;23;18;15;11;5;3;10;128;11
2007-01;37;3;592;142;169;28;69;9;15;44;10;39;6;3;0;3;2;43;6
2007-01;38;3;799;282;136;22;113;7;21;119;37;19;14;7;1;7;4;63;8
2007-01;39;3;708;321;80;11;146;9;39;103;10;13;16;13;3;3;6;37;3
2007-01;40;3;428;210;40;17;91;9;14;79;4;11;4;4;1;0;0;28;3
2007-01;41;3;528;120;137;26;65;15;4;39;29;28;6;6;0;0;3;69;3
2007-01;43;3;217;17;49;3;10;1;2;4;9;8;4;4;0;0;2;47;1
2007-01;44;3;543;261;81;5;98;10;14;111;15;12;13;11;3;0;3;20;2
2007-02;1;3;912;122;388;108;70;17;3;8;7;84;1;1;2;0;0;21;6
2007-02;4;3;685;142;237;14;117;5;10;8;4;22;4;3;5;1;2;27;4
2007-02;5;3;1070;181;612;37;124;9;3;7;15;78;1;1;3;0;0;39;1
2007-02;6;3;567;104;155;30;65;3;8;9;7;16;4;4;2;0;1;19;4
2007-02;7;3;245;49;111;7;26;0;1;4;11;11;0;0;3;0;0;19;1
2007-02;9;3;653;131;305;27;88;6;7;9;39;41;0;0;0;0;0;27;1
2007-02;10;3;595;143;238;42;89;9;8;11;28;47;0;0;0;0;0;39;1
2007-02;12;3;692;144;311;41;60;8;6;3;14;34;4;3;0;0;1;28;1
2007-02;13;3;371;68;159;31;37;4;7;0;4;7;1;1;0;0;1;12;0
2007-02;14;3;1021;128;646;41;81;11;12;10;13;87;0;0;2;0;1;36;1
2007-02;15;3;324;39;123;12;26;6;7;3;2;24;3;3;1;0;1;21;4
2007-02;16;3;1281;179;505;80;89;13;10;46;173;12;5;5;2;0;1;107;1
2007-02;17;3;632;190;145;13;99;12;19;44;8;28;2;2;5;0;2;30;2
2007-02;18;3;480;157;150;14;101;15;5;33;18;18;0;0;1;0;0;25;0
2007-02;19;3;636;210;206;28;110;13;5;55;15;29;0;0;3;0;0;27;2
2007-02;20;3;632;235;148;31;88;14;8;71;33;35;11;9;0;1;0;33;0
2007-02;21;3;977;373;184;30;165;11;38;124;18;22;12;11;10;1;3;52;9
2007-02;22;3;692;234;153;23;136;14;14;60;27;37;41;13;8;27;2;39;7
2007-02;23;3;648;220;173;20;142;23;5;41;17;24;0;0;0;0;2;37;2
2007-02;24;3;445;156;73;17;73;11;5;45;11;12;1;1;1;0;5;34;9
2007-02;25;3;434;154;83;18;70;8;12;39;10;5;1;1;7;0;1;29;5
2007-02;26;3;358;144;76;5;62;5;6;47;25;5;2;2;0;0;1;22;3
2007-02;27;3;743;254;131;32;122;13;9;96;37;29;8;7;3;1;1;65;3
2007-02;28;3;472;141;90;11;79;7;10;38;13;14;2;1;0;0;5;47;0
2007-02;29;3;698;201;178;26;114;5;20;61;24;9;9;7;2;0;1;45;0
2007-02;30;3;434;125;98;18;66;7;6;40;25;17;11;3;4;7;2;47;1
2007-02;31;3;180;80;23;1;23;1;4;39;6;3;3;3;2;0;0;17;2
2007-02;32;3;814;154;194;36;74;12;19;44;19;48;11;10;6;1;3;106;8
2007-02;33;3;637;184;140;10;71;8;5;83;32;15;12;12;6;0;3;51;7
2007-02;34;3;1184;388;217;38;219;9;15;132;34;21;15;12;7;3;5;99;3
2007-02;35;3;1451;262;347;31;132;15;19;79;85;72;27;20;6;7;10;202;13
2007-02;36;3;752;94;128;12;61;2;13;19;26;11;22;21;6;0;13;137;12
2007-02;37;3;560;112;163;23;56;5;8;34;15;35;10;6;6;4;1;44;4
2007-02;38;3;682;268;95;24;114;7;16;107;14;11;4;4;2;0;1;53;6
2007-02;39;3;718;296;84;12;124;8;36;108;15;9;17;12;4;4;5;37;9
2007-02;40;3;446;211;59;9;92;9;6;87;5;8;4;2;2;2;0;22;2
2007-02;41;3;516;143;117;24;81;11;6;37;21;23;2;2;0;0;2;50;2
2007-02;43;3;231;20;62;2;6;0;4;6;22;12;6;6;0;0;2;46;1
2007-02;44;3;490;222;67;15;98;3;19;72;11;11;5;4;3;0;2;28;2
2007-03;1;3;1155;151;354;184;99;19;10;12;7;87;0;0;0;0;0;24;2
2007-03;4;3;686;133;186;11;97;13;13;10;1;27;3;3;1;0;1;34;3
2007-03;5;3;973;227;394;39;176;17;8;3;8;83;4;3;4;0;1;37;2
2007-03;6;3;500;102;91;30;60;2;4;15;2;8;4;3;2;1;2;24;3
2007-03;7;3;162;36;50;1;19;1;1;9;5;2;0;0;0;0;1;10;2
2007-03;9;3;731;168;306;26;86;9;5;28;60;41;1;1;4;0;2;33;3
2007-03;10;3;750;173;327;31;111;10;22;22;49;43;1;0;2;1;0;28;0
2007-03;12;3;726;141;281;37;72;9;9;3;10;34;4;1;0;3;3;52;4
2007-03;13;3;410;60;174;34;43;3;4;4;6;9;0;0;0;0;0;35;5
2007-03;14;3;719;117;351;42;79;6;14;2;12;50;1;1;0;0;1;18;3
2007-03;15;3;381;71;132;10;43;5;18;7;8;18;5;2;10;3;2;22;4
2007-03;16;3;1444;270;544;82;142;22;22;76;139;20;3;3;2;0;3;120;6
2007-03;17;3;781;239;151;13;114;10;20;47;9;27;3;1;5;2;5;28;3
2007-03;18;3;630;208;228;18;125;23;8;39;31;33;3;3;0;0;1;23;2
2007-03;19;3;754;232;207;62;109;13;3;65;21;30;0;0;2;0;0;35;3
2007-03;20;3;745;294;165;45;144;15;15;95;39;17;15;11;2;3;0;46;0
2007-03;21;3;1165;475;174;38;186;18;44;170;22;24;15;14;11;0;5;54;12
2007-03;22;3;814;301;161;21;157;28;23;88;33;19;8;7;9;1;1;44;4
2007-03;23;3;826;298;190;49;197;35;14;47;27;31;2;1;1;1;0;33;4
2007-03;24;3;557;235;64;25;106;11;11;66;10;6;9;7;2;0;0;38;2
2007-03;25;3;596;237;86;14;124;5;23;52;13;8;4;1;1;3;0;37;2
2007-03;26;3;443;199;61;6;84;8;3;65;16;10;2;1;3;0;0;20;1
2007-03;27;3;925;346;167;26;134;12;12;150;55;19;13;10;2;3;1;58;4
2007-03;28;3;540;177;90;19;89;8;11;63;12;19;2;2;4;0;0;63;3
2007-03;29;3;824;234;176;49;136;6;34;51;27;6;23;14;3;9;6;71;7
2007-03;30;3;474;160;66;9;92;9;11;41;17;10;1;0;1;0;2;54;4
2007-03;31;3;274;129;21;2;42;2;4;59;9;2;7;6;1;0;0;28;3
2007-03;32;3;1012;231;210;41;135;30;40;50;27;50;8;8;13;0;4;116;8
2007-03;33;3;871;278;184;8;100;9;10;129;51;33;20;16;17;3;2;92;3
2007-03;34;3;1387;482;214;35;262;15;22;171;58;15;26;16;17;8;0;114;8
2007-03;35;3;1816;307;399;46;176;17;39;71;75;68;34;33;10;1;10;219;20
2007-03;36;3;823;107;136;19;54;5;9;21;9;12;19;16;13;2;6;136;14
2007-03;37;3;694;176;191;24;83;10;7;54;30;27;10;7;4;2;5;40;4
2007-03;38;3;805;305;115;29;111;10;19;135;24;12;12;5;1;3;4;66;4
2007-03;39;3;826;351;74;6;115;7;14;150;9;9;31;21;7;9;2;58;12
2007-03;40;3;531;267;66;6;117;9;8;102;13;13;8;6;0;2;0;20;2
2007-03;41;3;632;189;138;17;91;21;9;67;17;32;5;5;1;0;1;72;3
2007-03;43;3;295;30;58;8;12;1;5;10;6;6;6;6;4;0;6;59;1
2007-03;44;3;611;281;98;9;93;10;12;113;16;15;4;3;7;0;0;31;6
2007-04;1;3;934;166;292;141;116;22;6;6;7;67;0;0;1;0;0;22;1
2007-04;4;3;577;119;160;11;83;9;10;14;2;24;9;9;9;0;1;23;3
2007-04;5;3;922;211;386;42;178;18;9;8;9;38;0;0;1;0;0;32;5
2007-04;6;3;461;97;77;19;69;6;1;12;6;9;30;13;2;17;2;30;4
2007-04;7;3;141;34;34;2;13;0;3;14;13;3;5;5;1;0;0;12;2
2007-04;9;3;652;171;231;31;104;12;18;18;33;21;2;1;0;1;3;33;2
2007-04;10;3;659;121;298;30;76;6;13;12;37;33;1;1;0;0;0;36;2
2007-04;12;3;617;110;259;32;63;6;7;2;14;33;2;1;1;1;0;27;2
2007-04;13;3;355;68;133;26;41;5;2;1;10;10;2;1;0;1;0;31;1
2007-04;14;3;621;136;275;35;83;11;8;7;6;32;1;0;0;1;0;25;4
2007-04;15;3;343;57;116;25;39;4;15;4;7;30;0;0;1;0;1;22;2
2007-04;16;3;1297;186;451;90;91;12;16;56;78;33;6;5;6;1;2;81;5
2007-04;17;3;632;204;150;10;118;15;15;32;19;25;4;2;3;1;2;21;3
2007-04;18;3;638;206;220;22;138;23;9;27;21;40;1;1;1;0;1;16;0
2007-04;19;3;703;227;194;52;112;13;7;56;11;24;5;3;16;2;1;34;4
2007-04;20;3;660;275;138;24;132;17;6;60;29;15;6;4;3;2;2;28;0
2007-04;21;3;1093;425;181;30;185;17;43;155;19;16;10;5;3;4;2;52;19
2007-04;22;3;803;314;173;10;171;11;21;80;53;21;13;11;7;2;1;28;6
2007-04;23;3;770;286;165;41;201;40;7;50;30;32;1;0;4;1;0;39;5
2007-04;24;3;469;171;78;20;100;14;11;36;8;10;3;0;1;3;2;30;3
2007-04;25;3;467;163;78;7;75;7;12;44;7;11;10;5;8;5;3;28;3
2007-04;26;3;405;176;69;8;92;9;2;53;35;4;6;3;4;1;0;30;2
2007-04;27;3;863;318;172;22;133;5;11;125;51;19;8;4;3;3;3;59;5
2007-04;28;3;486;150;90;17;83;13;6;31;15;12;3;3;0;0;4;45;2
2007-04;29;3;758;245;165;38;144;8;29;55;16;7;11;7;1;4;5;43;3
2007-04;30;3;474;153;90;14;90;11;11;36;17;10;9;4;10;4;0;41;3
2007-04;31;3;222;103;36;3;50;2;3;42;8;2;3;3;0;0;0;14;2
2007-04;32;3;902;173;216;23;94;23;24;52;24;57;17;15;9;2;8;96;6
2007-04;33;3;758;225;125;23;99;11;12;91;32;16;18;17;12;1;3;87;5
2007-04;34;3;1263;426;204;33;224;11;13;138;40;28;25;12;6;11;5;109;10
2007-04;35;3;1624;299;350;36;179;16;28;78;56;68;19;18;9;1;14;222;12
2007-04;36;3;665;100;92;9;54;6;9;24;14;13;41;33;8;8;11;115;11
2007-04;37;3;641;145;180;30;63;10;8;43;32;33;6;3;6;3;2;51;2
2007-04;38;3;811;313;118;18;119;9;13;132;22;13;23;7;3;15;4;67;8
2007-04;39;3;715;284;82;10;99;3;15;123;20;5;22;17;6;4;1;43;7
2007-04;40;3;465;213;58;9;121;14;23;58;6;10;10;8;1;2;3;28;1
2007-04;41;3;530;140;153;21;66;13;6;40;30;25;0;0;0;0;2;70;2
2007-04;43;3;237;26;46;8;18;0;5;5;7;6;2;2;2;0;3;42;1
2007-04;44;3;572;296;87;2;99;4;17;118;15;12;4;4;2;0;1;24;2
2007-05;1;3;1157;174;359;143;126;34;7;6;8;105;0;0;1;0;1;30;1
2007-05;4;3;585;152;173;12;118;16;9;7;5;17;3;3;1;0;1;19;6
2007-05;5;3;919;228;384;41;174;17;8;2;4;83;1;1;0;0;3;42;3
2007-05;6;3;434;102;69;23;66;6;12;12;7;12;0;0;1;0;1;17;2
2007-05;7;3;152;38;41;4;13;1;0;12;8;5;1;1;2;0;0;8;1
2007-05;9;3;676;152;288;24;98;11;11;26;44;36;3;2;2;1;0;41;1
2007-05;10;3;661;172;270;38;98;12;14;16;37;40;3;1;1;2;2;22;2
2007-05;12;3;752;95;398;34;64;11;7;2;12;41;0;0;1;0;0;24;2
2007-05;13;3;374;65;143;33;50;0;8;2;8;14;0;0;1;0;1;22;0
2007-05;14;3;656;140;291;38;92;7;16;8;5;45;2;2;5;0;0;22;1
2007-05;15;3;339;66;126;12;41;9;7;7;3;15;1;1;0;0;0;27;3
2007-05;16;3;1296;246;444;103;123;22;19;57;44;33;5;4;5;1;5;83;5
2007-05;17;3;655;160;154;15;90;14;11;26;17;29;5;2;4;2;2;26;4
2007-05;18;3;731;238;275;11;139;22;16;45;31;35;2;1;0;0;0;20;0
2007-05;19;3;740;228;246;53;118;14;5;60;24;42;3;2;8;1;1;28;2
2007-05;20;3;637;268;143;20;119;10;13;84;27;19;6;3;6;3;0;28;4
2007-05;21;3;1168;436;192;39;205;17;41;134;22;23;13;9;5;4;2;44;14
2007-05;22;3;836;304;157;17;182;10;18;66;40;10;24;8;12;15;0;20;2
2007-05;23;3;807;281;179;47;197;33;12;53;16;39;1;1;6;0;2;29;4
2007-05;24;3;491;178;81;18;74;4;3;68;8;15;8;1;0;7;2;22;2
2007-05;25;3;491;152;81;8;86;4;7;27;12;9;7;3;7;4;1;19;2
2007-05;26;3;440;187;90;11;83;5;8;79;30;10;7;6;6;1;2;27;0
2007-05;27;3;915;385;153;31;214;21;18;120;50;19;4;2;2;2;2;57;4
2007-05;28;3;491;165;88;19;93;12;10;35;12;14;4;4;5;0;0;34;0
2007-05;29;3;812;257;181;47;147;10;28;61;24;5;7;3;7;4;4;41;2
2007-05;30;3;452;151;110;14;80;12;4;35;16;15;6;4;2;0;3;34;3
2007-05;31;3;250;117;36;0;48;0;4;51;8;1;4;3;2;0;0;21;3
2007-05;32;3;894;197;219;35;115;15;26;37;28;48;15;6;9;9;5;78;10
2007-05;33;3;733;282;139;19;136;20;16;96;37;19;19;11;6;8;2;55;1
2007-05;34;3;1315;439;267;31;230;12;32;140;56;37;21;13;10;8;4;87;2
2007-05;35;3;1713;300;434;59;193;22;26;63;72;92;28;28;2;0;7;223;12
2007-05;36;3;714;97;148;19;72;6;11;10;23;19;26;18;5;8;3;96;11
2007-05;37;3;698;190;211;29;84;6;14;46;35;37;8;3;10;5;1;47;3
2007-05;38;3;759;299;128;16;132;3;14;115;27;11;5;1;2;3;4;52;7
2007-05;39;3;723;303;100;7;148;10;28;95;13;4;13;5;2;7;3;36;4
2007-05;40;3;492;210;82;10;109;6;16;55;14;11;8;4;6;3;2;33;4
2007-05;41;3;602;158;197;21;90;11;9;40;43;38;4;4;2;0;0;58;5
2007-05;43;3;228;25;38;7;12;1;4;5;12;3;4;4;0;0;6;30;2
2007-05;44;3;666;371;96;9;157;12;34;115;11;15;7;4;8;2;0;20;6
2007-06;1;3;1280;175;297;279;134;37;3;1;4;59;2;1;0;0;0;34;2
2007-06;4;3;632;155;157;9;120;4;14;11;4;13;3;1;3;2;3;27;3
2007-06;5;3;944;225;388;46;182;24;6;10;8;56;1;0;1;0;1;32;1
2007-06;6;3;414;86;79;10;49;4;6;7;6;19;1;1;5;0;2;31;4
2007-06;7;3;154;57;30;3;29;1;6;12;5;0;3;3;0;0;1;18;1
2007-06;9;3;704;166;271;28;92;15;6;31;47;28;3;3;0;0;0;31;2
2007-06;10;3;673;146;271;53;87;10;13;8;42;35;2;1;0;0;1;22;5
2007-06;12;3;588;91;241;36;57;10;7;4;10;34;0;0;3;0;0;25;4
2007-06;13;3;399;85;163;34;61;6;10;4;4;21;0;0;1;0;0;21;2
2007-06;14;3;618;123;278;38;78;5;9;7;9;44;4;1;0;3;0;27;2
2007-06;15;3;315;50;121;7;29;1;10;8;3;24;2;1;0;1;2;26;1
2007-06;16;3;1217;215;381;93;88;12;4;72;35;25;3;3;2;0;1;100;8
2007-06;17;3;646;174;158;11;108;19;16;21;17;21;2;0;4;2;1;20;5
2007-06;18;3;522;153;178;13;108;27;9;19;35;35;5;4;0;1;1;27;1
2007-06;19;3;754;246;244;49;122;19;9;51;23;37;1;0;5;1;1;31;2
2007-06;20;3;687;269;172;27;126;10;8;89;35;13;1;1;2;0;1;23;0
2007-06;21;3;1167;384;219;32;216;20;41;93;24;15;12;8;9;4;2;48;9
2007-06;22;3;693;231;166;20;136;10;19;54;34;33;12;4;5;8;0;23;3
2007-06;23;3;771;245;189;35;153;26;9;61;27;25;3;3;0;0;1;23;2
2007-06;24;3;372;124;65;11;67;6;6;35;9;4;5;4;1;1;0;30;5
2007-06;25;3;503;197;66;11;90;7;13;59;11;5;5;5;2;0;6;31;10
2007-06;26;3;398;154;83;7;88;3;6;32;32;8;6;2;12;4;1;18;1
2007-06;27;3;887;302;175;26;145;13;10;112;70;20;9;7;2;2;0;73;5
2007-06;28;3;487;167;93;14;107;9;23;29;13;9;6;2;5;4;4;30;6
2007-06;29;3;774;219;186;36;142;9;41;45;18;7;15;13;0;2;2;49;4
2007-06;30;3;473;146;87;14;106;12;11;27;16;14;3;3;2;0;1;48;6
2007-06;31;3;264;131;26;0;57;3;3;56;5;1;5;3;3;2;2;19;3
2007-06;32;3;846;175;201;30;103;10;21;28;26;49;11;9;7;1;3;92;7
2007-06;33;3;717;264;128;14;138;14;15;78;37;20;10;9;6;1;3;62;3
2007-06;34;3;1173;402;208;29;189;6;26;143;40;19;20;11;10;9;5;63;9
2007-06;35;3;1680;331;406;42;188;11;49;100;76;64;20;18;13;2;8;215;12
2007-06;36;3;713;90;124;21;63;3;20;13;24;13;22;22;8;0;12;115;19
2007-06;37;3;705;183;192;29;88;8;12;44;27;28;9;1;6;7;0;51;6
2007-06;38;3;764;265;131;25;111;3;6;105;36;8;10;4;5;4;4;54;15
2007-06;39;3;688;276;74;1;132;11;19;91;11;1;16;7;7;7;4;45;11
2007-06;40;3;466;236;62;6;133;13;14;51;9;8;4;3;6;1;1;15;4
2007-06;41;3;564;175;125;14;91;13;8;48;23;15;3;3;0;0;1;53;1
2007-06;43;3;240;20;67;4;12;1;4;5;15;6;3;3;2;0;4;46;2
2007-06;44;3;566;284;72;6;98;7;18;105;7;9;5;4;14;1;1;16;1
2007-07;1;3;1060;157;296;169;112;17;6;2;10;68;1;1;0;0;0;30;2
2007-07;4;3;745;150;186;18;109;11;16;16;6;19;4;1;0;2;0;32;3
2007-07;5;3;942;204;377;57;164;15;8;6;8;57;0;0;1;0;4;31;8
2007-07;6;3;452;93;84;21;56;8;7;11;5;12;4;1;0;2;1;23;6
2007-07;7;3;149;27;39;2;11;0;1;2;4;2;0;0;0;0;0;15;0
2007-07;9;3;586;117;258;28;68;12;7;15;41;28;0;0;0;0;1;33;1
2007-07;10;3;615;146;270;30;91;10;8;13;61;35;0;0;2;0;0;15;0
2007-07;12;3;708;82;381;38;60;9;7;2;10;36;0;0;2;0;0;34;1
2007-07;13;3;363;46;141;26;34;3;2;2;3;10;1;1;0;0;0;22;0
2007-07;14;3;578;98;242;35;69;3;6;4;4;27;0;0;1;0;2;22;0
2007-07;15;3;294;47;97;10;32;3;10;3;3;15;3;3;3;0;1;16;2
2007-07;16;3;1238;172;398;88;74;9;9;57;31;40;2;2;3;0;5;101;3
2007-07;17;3;623;163;162;19;96;8;16;12;21;24;4;3;7;1;1;24;2
2007-07;18;3;515;127;179;12;85;12;2;16;12;24;4;4;0;0;1;16;1
2007-07;19;3;699;250;200;26;104;5;8;53;13;29;3;1;0;2;0;34;0
2007-07;20;3;605;253;140;17;127;6;10;71;34;12;4;3;2;1;0;39;4
2007-07;21;3;1011;313;202;36;185;15;31;61;20;10;8;5;1;3;3;43;21
2007-07;22;3;774;236;178;25;140;12;17;47;32;30;15;9;3;6;1;30;5
2007-07;23;3;606;185;163;31;130;14;6;29;32;14;0;0;0;0;0;29;0
2007-07;24;3;376;131;58;17;77;6;7;19;5;7;4;3;2;1;0;25;4
2007-07;25;3;519;189;65;12;95;6;16;45;7;7;14;9;13;5;0;21;3
2007-07;26;3;319;73;80;9;46;2;2;14;23;13;3;1;3;2;0;27;1
2007-07;27;3;982;354;145;27;153;4;16;146;62;12;11;9;3;1;1;65;8
2007-07;28;3;469;142;89;15;82;10;13;31;19;7;4;2;8;2;1;39;5
2007-07;29;3;873;272;196;56;155;7;34;63;17;12;12;7;2;4;1;59;3
2007-07;30;3;458;114;110;11;74;16;7;24;15;20;2;0;4;2;2;48;6
2007-07;31;3;216;99;23;9;48;4;2;30;5;2;3;3;0;0;1;26;5
2007-07;32;3;761;157;205;25;94;22;23;37;17;53;2;2;6;0;4;66;2
2007-07;33;3;762;266;148;19;128;14;15;87;33;18;7;6;18;1;2;63;4
2007-07;34;3;1086;403;192;30;202;9;15;139;35;17;12;10;18;2;5;85;6
2007-07;35;3;1710;289;454;56;177;21;29;55;73;82;27;27;3;0;14;189;15
2007-07;36;3;706;100;121;22;67;3;12;13;19;12;18;16;10;2;4;91;12
2007-07;37;3;614;134;202;31;62;3;10;20;40;25;5;3;1;2;1;42;3
2007-07;38;3;753;282;95;18;127;19;12;108;25;15;7;3;5;4;2;53;7
2007-07;39;3;795;283;88;17;130;8;15;98;16;5;12;9;0;3;1;61;13
2007-07;40;3;439;183;62;6;101;12;18;34;8;8;4;2;0;2;1;20;5
2007-07;41;3;560;153;131;20;71;8;5;64;26;30;6;6;2;0;2;64;3
2007-07;43;3;251;27;49;3;13;0;5;7;8;10;4;4;4;0;2;55;4
2007-07;44;3;576;251;93;7;95;7;11;96;7;15;10;8;2;1;0;22;2
2007-08;1;3;1057;184;326;178;153;32;10;0;4;80;0;0;0;0;1;31;1
2007-08;4;3;714;154;202;9;105;14;15;9;4;27;3;3;5;0;1;22;6
2007-08;5;3;996;219;401;42;181;24;7;3;6;64;0;0;2;0;0;40;4
2007-08;6;3;492;118;73;13;73;4;17;9;6;6;13;10;2;3;1;30;2
2007-08;7;3;196;47;41;5;16;0;5;10;12;1;1;0;4;1;1;24;2
2007-08;9;3;607;136;249;29;83;8;7;17;32;28;1;0;1;1;0;23;0
2007-08;10;3;586;108;262;30;65;7;6;11;52;36;3;1;0;2;0;31;0
2007-08;12;3;487;63;223;27;32;4;5;3;10;25;0;0;1;0;0;19;1
2007-08;13;3;379;74;121;35;52;2;9;3;5;5;3;2;0;1;0;31;4
2007-08;14;3;638;91;309;46;51;3;0;10;5;34;1;1;0;0;0;22;1
2007-08;15;3;339;42;98;11;22;2;4;4;6;13;3;3;0;0;1;31;5
2007-08;16;3;1303;236;452;111;104;3;14;79;67;34;6;4;2;0;3;69;1
2007-08;17;3;658;188;149;10;98;10;20;26;9;18;4;4;0;0;0;21;1
2007-08;18;3;544;138;216;18;85;15;11;32;20;29;2;0;0;1;0;15;1
2007-08;19;3;703;236;215;42;109;5;6;49;19;23;3;0;7;3;0;29;2
2007-08;20;3;794;359;161;23;173;13;7;109;38;19;6;5;3;1;3;17;3
2007-08;21;3;1117;372;227;38;237;16;71;78;21;24;20;17;7;3;2;46;13
2007-08;22;3;850;320;174;18;206;10;39;63;32;16;9;3;8;6;2;34;5
2007-08;23;3;747;238;190;51;145;22;5;44;17;19;1;1;0;0;0;42;1
2007-08;24;3;431;130;86;16;76;8;9;27;11;23;6;5;3;1;0;29;3
2007-08;25;3;598;240;75;10;102;6;16;79;14;6;12;9;6;3;2;28;2
2007-08;26;3;354;141;73;9;66;7;3;41;28;10;2;2;1;0;0;15;0
2007-08;27;3;1055;411;169;31;213;10;15;134;68;18;15;10;2;5;5;60;9
2007-08;28;3;455;122;97;15;73;11;8;25;17;16;2;2;1;0;1;41;3
2007-08;29;3;855;240;184;76;154;8;33;39;19;10;6;4;9;2;3;61;5
2007-08;30;3;538;187;99;17;123;20;12;41;13;15;13;5;0;8;3;46;3
2007-08;31;3;234;89;33;5;44;2;5;32;8;2;3;3;0;0;0;30;8
2007-08;32;3;828;182;227;28;118;8;24;23;22;57;12;9;6;3;4;67;6
2007-08;33;3;720;231;147;25;128;9;11;72;32;21;13;11;6;2;5;73;3
2007-08;34;3;1222;391;183;40;190;7;32;153;40;14;24;16;18;7;9;105;8
2007-08;35;3;1799;315;403;51;212;10;31;68;58;69;29;24;14;5;9;221;14
2007-08;36;3;715;95;120;22;65;3;15;18;23;19;16;15;23;1;12;90;8
2007-08;37;3;714;137;247;36;72;6;14;22;55;30;5;3;3;2;2;42;3
2007-08;38;3;787;288;118;19;147;21;14;89;38;14;6;3;0;3;2;53;8
2007-08;39;3;767;276;87;15;152;10;20;72;11;6;26;13;4;13;0;54;7
2007-08;40;3;478;194;70;7;106;7;19;60;12;12;3;1;2;1;5;20;7
2007-08;41;3;627;193;146;21;118;15;9;44;35;27;4;2;4;0;6;68;2
2007-08;43;3;235;25;52;3;15;3;3;0;7;17;13;10;4;2;0;39;4
2007-08;44;3;504;247;77;7;104;10;14;72;15;9;9;8;1;1;1;22;6
2007-09;1;3;1020;150;301;163;112;30;8;5;9;71;4;2;0;2;0;24;2
2007-09;4;3;576;120;210;9;95;11;16;2;5;24;1;0;1;1;0;32;3
2007-09;5;3;911;223;393;51;183;26;9;8;8;73;1;1;0;0;0;44;3
2007-09;6;3;473;113;89;13;62;8;10;15;6;12;3;1;0;2;2;33;0
2007-09;7;3;187;60;40;5;20;1;2;14;7;3;3;3;2;0;0;8;2
2007-09;9;3;656;134;261;26;76;7;8;19;32;37;1;1;0;0;4;44;1
2007-09;10;3;608;94;281;41;53;7;10;21;32;32;4;1;8;3;3;26;2
2007-09;12;3;509;86;227;28;47;2;4;3;9;24;0;0;0;0;1;26;2
2007-09;13;3;367;68;135;32;46;7;10;2;4;15;2;1;3;1;1;22;2
2007-09;14;3;622;104;299;40;67;8;3;13;3;32;1;0;1;0;1;30;3
2007-09;15;3;303;59;101;13;36;5;8;4;5;16;0;0;0;0;0;17;0
2007-09;16;3;1236;217;458;93;128;9;18;37;95;21;1;0;2;0;1;89;6
2007-09;17;3;691;196;189;15;129;15;25;28;40;27;7;2;16;5;0;27;1
2007-09;18;3;496;153;189;12;94;12;15;22;20;23;0;0;0;0;1;14;1
2007-09;19;3;783;271;228;44;147;17;6;51;27;26;2;1;14;1;1;29;2
2007-09;20;3;738;279;175;23;145;8;2;88;22;19;8;5;2;3;1;42;0
2007-09;21;3;1084;408;182;36;250;13;76;96;21;16;4;3;3;1;0;42;8
2007-09;22;3;831;298;164;14;177;18;27;59;44;18;21;8;12;13;1;46;1
2007-09;23;3;757;244;182;53;158;34;9;57;15;30;0;0;1;0;1;30;0
2007-09;24;3;414;118;73;21;71;6;8;23;8;5;1;1;0;0;1;27;3
2007-09;25;3;593;216;84;8;97;4;9;61;15;6;1;0;8;1;1;25;5
2007-09;26;3;400;156;83;8;86;8;3;31;23;3;4;0;7;4;1;30;2
2007-09;27;3;944;358;174;27;174;6;20;142;74;13;11;7;2;4;11;65;9
2007-09;28;3;475;136;95;21;83;10;11;22;17;18;4;4;5;0;3;47;2
2007-09;29;3;854;280;191;45;179;22;29;59;25;18;16;8;7;6;2;38;5
2007-09;30;3;518;135;96;13;87;16;8;25;17;22;4;4;1;0;1;41;1
2007-09;31;3;293;124;40;4;55;5;7;39;12;0;4;4;3;0;1;23;4
2007-09;32;3;819;193;197;32;127;23;29;30;16;35;1;1;1;0;10;84;2
2007-09;33;3;686;215;157;16;122;10;10;56;36;25;7;4;3;3;3;48;7
2007-09;34;3;1075;366;185;24;211;11;19;103;40;22;17;12;8;5;14;92;5
2007-09;35;3;1689;256;412;52;173;29;23;40;65;74;18;14;15;3;13;224;15
2007-09;36;3;754;94;130;19;65;3;11;14;17;20;21;20;5;1;10;128;11
2007-09;37;3;610;126;208;18;88;11;10;18;34;37;3;2;3;1;3;62;2
2007-09;38;3;778;257;133;12;128;16;10;87;32;21;21;9;2;11;3;78;10
2007-09;39;3;740;279;92;8;147;13;20;66;14;7;32;20;4;12;3;49;10
2007-09;40;3;498;206;76;6;101;12;7;64;8;20;14;7;6;7;4;31;1
2007-09;41;3;606;182;163;30;84;10;11;70;43;26;4;3;0;1;1;62;2
2007-09;43;3;254;16;37;5;9;1;2;2;11;5;8;8;6;0;4;46;8
2007-09;44;3;514;256;87;12;109;13;20;77;7;15;5;5;0;0;0;30;3
2007-10;1;3;1102;164;369;199;121;32;9;8;6;74;1;0;0;0;0;30;4
2007-10;4;3;675;139;214;7;105;10;16;5;7;34;5;2;7;3;0;29;5
2007-10;5;3;950;231;408;44;182;28;9;10;15;79;5;5;2;0;0;30;0
2007-10;6;3;469;115;68;19;66;7;7;11;4;10;6;6;4;0;0;38;4
2007-10;7;3;191;44;40;2;19;0;0;10;11;1;0;0;2;0;1;13;0
2007-10;9;3;717;169;278;24;97;17;8;35;41;28;0;0;1;0;2;35;2
2007-10;10;3;622;119;246;41;74;13;9;13;31;28;3;2;5;1;1;21;4
2007-10;12;3;611;90;281;48;60;9;9;3;9;30;0;0;0;0;1;27;1
2007-10;13;3;534;87;270;41;57;0;5;8;4;18;0;0;0;0;0;21;2
2007-10;14;3;636;121;301;41;82;8;8;4;5;31;0;0;0;0;0;26;0
2007-10;15;3;319;54;111;10;35;5;10;1;3;23;1;1;0;0;1;21;1
2007-10;16;3;1265;177;460;112;95;3;12;32;81;36;4;4;1;0;6;81;2
2007-10;17;3;734;171;206;21;115;8;32;24;24;15;5;3;4;2;3;26;6
2007-10;18;3;639;163;268;18;104;13;10;22;31;42;0;0;0;0;0;21;1
2007-10;19;3;740;226;232;53;116;10;7;42;19;23;2;1;1;1;1;35;0
2007-10;20;3;764;311;199;35;155;4;7;81;32;22;7;1;1;5;1;29;1
2007-10;21;3;1076;359;223;33;226;4;59;72;16;17;11;9;10;2;2;39;15
2007-10;22;3;844;315;173;17;198;18;35;58;32;18;14;8;5;6;2;48;9
2007-10;23;3;768;231;219;56;141;21;11;51;13;23;2;0;3;2;0;36;2
2007-10;24;3;505;149;93;37;82;11;8;27;11;11;3;2;4;1;3;47;1
2007-10;25;3;598;189;109;7;93;6;3;46;9;7;6;6;3;0;2;37;2
2007-10;26;3;390;139;73;7;90;4;4;27;21;8;4;3;3;1;2;27;2
2007-10;27;3;1018;441;149;20;204;20;22;173;56;20;8;5;1;2;1;47;3
2007-10;28;3;510;152;109;17;89;10;13;30;17;18;3;3;1;0;1;53;10
2007-10;29;3;915;230;252;53;148;8;28;43;25;9;10;6;0;4;3;72;7
2007-10;30;3;480;147;92;13;90;17;9;32;21;19;10;5;1;3;1;47;3
2007-10;31;3;223;90;28;2;48;6;1;31;10;5;3;3;3;0;0;19;3
2007-10;32;3;965;204;219;34;125;20;22;39;28;44;11;7;8;4;6;101;7
2007-10;33;3;777;261;139;21;136;11;13;74;35;23;17;13;3;3;5;90;3
2007-10;34;3;1241;399;217;28;253;20;29;101;44;30;27;17;12;10;2;101;5
2007-10;35;3;1766;311;440;44;193;18;20;64;81;91;21;20;6;0;10;246;8
2007-10;36;3;866;120;141;9;76;6;17;26;29;18;19;15;13;4;8;139;5
2007-10;37;3;722;142;240;28;90;11;13;24;34;35;5;4;3;1;3;53;7
2007-10;38;3;767;273;103;15;135;19;19;94;29;17;14;4;2;9;1;94;4
2007-10;39;3;889;366;95;13;185;6;27;100;19;12;27;11;7;16;3;60;11
2007-10;40;3;493;204;73;11;112;19;16;64;7;13;12;8;4;3;2;27;1
2007-10;41;3;652;172;171;18;85;12;7;63;38;33;3;2;2;1;1;63;2
2007-10;43;3;241;10;53;3;5;0;3;2;7;2;8;6;3;2;0;39;1
2007-10;44;3;548;254;105;18;106;7;19;75;10;21;5;2;3;1;0;25;6
2007-11;1;3;1010;207;331;141;153;33;11;4;10;76;0;0;2;0;2;16;2
2007-11;4;3;689;135;209;16;109;12;15;3;2;27;3;0;2;3;2;29;4
2007-11;5;3;926;224;399;33;177;23;7;6;9;69;5;5;1;0;4;24;1
2007-11;6;3;451;115;75;23;66;5;11;21;9;10;6;4;0;1;1;26;2
2007-11;7;3;155;29;35;5;17;0;4;2;10;5;0;0;1;0;4;15;2
2007-11;9;3;598;153;254;15;89;8;9;27;66;36;3;2;0;0;0;20;0
2007-11;10;3;610;138;256;37;79;13;10;16;46;35;1;0;3;1;2;19;0
2007-11;12;3;657;102;279;44;57;8;2;4;12;26;1;1;2;0;0;32;5
2007-11;13;3;422;77;162;28;48;4;6;4;3;7;0;0;3;0;1;19;0
2007-11;14;3;622;102;275;36;69;4;3;7;5;41;2;1;0;0;0;33;1
2007-11;15;3;256;49;88;11;34;2;9;7;9;9;4;2;1;2;0;10;2
2007-11;16;3;1208;182;492;96;91;8;18;35;64;37;5;4;8;1;4;78;4
2007-11;17;3;692;184;220;15;130;8;31;21;19;26;2;0;3;2;4;21;8
2007-11;18;3;577;164;254;10;96;9;4;43;25;36;1;0;0;0;1;13;2
2007-11;19;3;672;219;209;38;107;12;3;41;29;29;3;2;2;1;2;39;0
2007-11;20;3;659;247;180;37;109;5;3;69;37;15;9;5;1;4;2;23;3
2007-11;21;3;1181;374;322;32;229;5;57;83;23;15;13;8;8;4;2;57;10
2007-11;22;3;866;355;189;19;215;17;21;84;30;31;20;10;7;10;6;32;1
2007-11;23;3;775;276;178;45;166;21;8;69;14;28;1;1;7;0;0;32;3
2007-11;24;3;428;132;62;14;66;9;12;26;4;9;5;2;1;0;0;31;2
2007-11;25;3;526;175;99;13;92;7;5;43;16;7;10;3;6;7;2;21;2
2007-11;26;3;336;123;68;7;63;3;4;39;24;4;6;4;3;2;1;23;0
2007-11;27;3;910;364;162;22;177;14;19;125;70;16;13;6;4;7;2;55;4
2007-11;28;3;439;140;92;10;88;7;12;31;20;8;1;1;1;0;1;44;2
2007-11;29;3;910;238;244;63;156;8;27;47;48;8;7;6;0;1;3;68;5
2007-11;30;3;422;125;94;15;86;17;2;25;20;13;3;1;1;2;2;34;3
2007-11;31;3;267;121;26;2;57;2;5;52;13;0;3;1;2;0;1;25;0
2007-11;32;3;887;210;212;26;119;9;31;35;30;47;5;5;5;0;3;109;4
2007-11;33;3;789;293;166;20;164;14;21;89;38;24;10;10;3;0;4;96;7
2007-11;34;3;1165;389;242;34;239;11;22;100;45;18;11;10;9;0;6;114;4
2007-11;35;3;1608;283;428;41;190;21;29;51;69;82;24;23;12;1;13;204;17
2007-11;36;3;794;114;146;28;74;2;19;21;17;22;26;24;11;2;9;110;9
2007-11;37;3;671;132;212;25;63;3;9;29;38;34;4;2;0;2;1;44;2
2007-11;38;3;684;254;94;11;126;15;19;84;21;10;19;15;7;4;1;66;6
2007-11;39;3;707;288;62;9;137;9;20;84;17;6;15;9;1;6;2;49;6
2007-11;40;3;476;228;59;3;110;8;14;76;7;11;9;3;3;6;2;25;0
2007-11;41;3;603;176;161;21;100;8;7;44;38;29;1;1;1;0;1;65;5
2007-11;43;3;235;21;39;5;10;3;2;4;4;5;5;5;2;0;5;41;4
2007-11;44;3;518;241;91;11;110;11;24;69;5;11;14;11;0;3;0;29;1
2007-12;1;3;957;193;329;126;120;28;8;5;9;67;5;3;1;1;6;23;2
2007-12;4;3;578;132;177;5;101;7;27;7;2;22;3;0;2;2;2;31;3
2007-12;5;3;949;211;423;32;172;23;6;6;15;80;1;1;3;0;2;28;1
2007-12;6;3;475;104;92;12;63;3;6;11;9;11;11;8;3;3;1;24;1
2007-12;7;3;163;30;35;5;14;1;1;5;3;2;3;3;3;0;0;16;0
2007-12;9;3;669;166;270;18;99;15;4;19;61;32;2;1;0;1;0;35;1
2007-12;10;3;707;140;303;39;81;9;6;15;52;33;6;3;0;2;0;25;2
2007-12;12;3;646;92;296;30;61;13;6;3;15;34;0;0;1;0;0;33;5
2007-12;13;3;432;84;157;29;57;3;5;2;5;12;0;0;2;0;0;30;0
2007-12;14;3;669;90;332;36;58;9;8;4;9;39;2;2;0;0;0;21;2
2007-12;15;3;343;49;158;8;19;0;4;2;6;21;2;2;1;0;3;11;2
2007-12;16;3;1339;237;539;99;131;14;14;39;86;40;1;1;6;0;6;84;3
2007-12;17;3;556;172;152;14;105;14;14;21;14;25;8;3;7;3;1;18;3
2007-12;18;3;489;171;175;12;104;11;16;19;16;19;2;0;6;2;0;27;0
2007-12;19;3;764;255;232;34;98;14;6;69;18;46;5;5;8;0;0;31;4
2007-12;20;3;695;265;178;30;119;3;4;85;19;13;8;5;6;3;2;37;1
2007-12;21;3;1300;488;320;23;245;11;62;150;21;18;12;10;16;2;0;56;10
2007-12;22;3;963;415;214;13;270;23;28;72;39;32;18;14;4;4;1;45;3
2007-12;23;3;770;245;222;39;158;19;8;50;11;26;2;2;4;0;0;29;5
2007-12;24;3;392;120;81;19;67;6;4;25;9;17;4;4;6;0;0;31;3
2007-12;25;3;561;221;98;10;97;10;13;66;10;8;12;9;10;3;1;24;2
2007-12;26;3;318;150;44;8;79;6;4;45;5;4;3;3;7;0;1;14;1
2007-12;27;3;915;362;140;30;181;9;19;120;48;17;12;6;6;5;3;60;5
2007-12;28;3;489;126;98;26;82;1;7;26;17;10;8;7;4;0;2;59;4
2007-12;29;3;1004;250;306;57;150;6;18;48;29;26;13;13;2;0;2;67;4
2007-12;30;3;474;151;98;6;104;15;9;30;25;22;2;1;2;1;4;53;3
2007-12;31;3;246;106;29;3;58;2;1;39;14;1;4;4;0;0;1;28;1
2007-12;32;3;880;200;182;35;116;12;25;32;16;33;8;8;6;0;7;112;6
2007-12;33;3;756;219;164;24;133;10;15;49;44;21;9;8;1;1;4;65;1
2007-12;34;3;1200;407;214;44;248;14;25;104;27;22;30;16;13;8;5;93;11
2007-12;35;3;1728;271;479;47;172;22;18;58;63;81;14;14;9;0;12;225;10
2007-12;36;3;848;123;156;18;84;6;17;21;18;22;21;20;4;1;13;127;11
2007-12;37;3;638;128;222;18;72;7;13;32;26;23;7;1;1;6;1;47;2
2007-12;38;3;689;277;83;17;122;14;10;93;13;10;10;8;2;2;0;78;4
2007-12;39;3;765;269;95;9;129;6;18;81;22;5;18;8;5;10;1;59;5
2007-12;40;3;474;237;67;2;119;11;12;79;12;12;11;9;5;2;1;27;0
2007-12;41;3;656;164;154;37;77;5;5;53;28;33;2;2;1;0;1;77;6
2007-12;43;3;216;18;38;3;13;0;5;4;5;5;4;4;0;0;2;46;4
2007-12;44;3;534;273;88;13;94;18;13;102;5;20;3;3;1;0;1;29;2
2008-01;1;3;1067;184;381;111;142;33;8;6;16;71;1;1;3;0;0;35;0
2008-01;4;3;727;142;246;8;98;11;18;8;5;54;6;3;1;1;0;20;2
2008-01;5;3;1100;218;540;48;174;18;8;6;21;91;0;0;0;0;2;35;4
2008-01;6;3;653;143;186;11;90;6;15;26;8;13;3;3;1;0;1;17;3
2008-01;7;3;167;28;41;3;13;0;1;5;6;5;1;1;0;0;2;11;0
2008-01;9;3;732;152;319;21;90;12;6;24;64;49;1;0;0;1;2;42;1
2008-01;10;3;721;141;307;50;90;16;7;15;56;29;1;1;4;0;2;21;3
2008-01;12;3;832;116;413;42;73;13;2;3;18;29;2;0;4;2;2;34;4
2008-01;13;3;522;97;170;34;55;4;6;4;8;8;0;0;2;0;1;29;1
2008-01;14;3;847;119;430;49;73;7;8;6;16;60;2;1;0;1;1;35;8
2008-01;15;3;337;46;141;15;25;2;7;4;8;24;3;0;2;3;3;14;3
2008-01;16;3;1350;203;494;114;116;8;11;45;88;43;2;1;10;1;2;81;5
2008-01;17;3;653;167;197;14;94;6;22;27;20;33;5;1;0;4;4;22;1
2008-01;18;3;480;149;189;14;85;11;6;37;20;29;2;2;0;0;0;23;1
2008-01;19;3;671;216;228;31;98;13;7;61;22;55;0;0;0;0;0;21;2
2008-01;20;3;696;265;195;38;111;8;9;83;26;20;4;1;4;3;0;25;6
2008-01;21;3;1257;441;260;44;244;11;46;117;20;17;19;11;5;7;2;62;11
2008-01;22;3;877;402;194;15;266;19;14;77;23;29;21;8;1;12;6;22;2
2008-01;23;3;857;309;202;65;197;18;4;66;15;38;2;2;1;0;1;39;1
2008-01;24;3;405;149;78;16;84;15;4;25;10;12;2;1;3;0;0;19;5
2008-01;25;3;587;207;86;22;91;10;9;52;6;9;12;5;19;7;1;21;3
2008-01;26;3;356;156;67;7;92;5;3;39;22;9;3;3;2;0;0;22;2
2008-01;27;3;911;331;158;29;179;8;24;109;57;11;10;8;3;2;2;65;5
2008-01;28;3;513;164;118;23;111;5;9;31;27;15;5;3;2;2;2;51;4
2008-01;29;3;906;270;197;58;181;13;26;49;24;26;16;11;3;5;3;62;5
2008-01;30;3;483;145;115;16;88;12;6;35;32;13;6;5;3;1;1;39;2
2008-01;31;3;259;114;32;2;65;2;10;38;8;3;1;1;2;0;1;29;3
2008-01;32;3;945;213;214;47;144;15;45;34;16;49;13;12;7;1;5;128;5
2008-01;33;3;829;268;161;23;165;22;26;71;38;22;18;18;3;0;3;78;7
2008-01;34;3;1201;399;198;49;265;8;25;80;39;26;19;18;7;1;4;122;7
2008-01;35;3;1746;315;472;76;223;33;36;52;59;85;18;16;7;1;12;262;15
2008-01;36;3;812;92;137;17;56;2;15;23;9;30;40;35;11;5;3;112;18
2008-01;37;3;679;154;226;44;93;10;9;28;22;38;7;4;0;2;4;34;4
2008-01;38;3;802;321;128;29;137;18;9;111;36;12;12;6;3;6;2;72;1
2008-01;39;3;727;267;89;10;125;10;20;83;19;11;29;18;2;11;0;53;4
2008-01;40;3;455;215;72;5;113;12;19;61;12;12;8;6;5;2;2;28;0
2008-01;41;3;662;171;166;45;97;10;19;50;25;36;4;4;0;0;0;71;5
2008-01;43;3;235;21;50;3;12;2;1;5;7;5;10;10;3;0;1;49;2
2008-01;44;3;589;303;78;9;127;10;27;99;8;12;9;7;3;2;0;25;2
2008-02;1;3;1029;186;382;133;144;29;11;5;11;79;2;2;0;0;0;22;1
2008-02;4;3;677;147;233;6;110;18;15;5;11;30;1;1;0;0;1;21;5
2008-02;5;3;1212;210;686;46;180;16;4;3;17;91;1;1;1;0;0;33;0
2008-02;6;3;539;110;158;32;78;5;8;11;9;24;4;4;0;0;0;24;3
2008-02;7;3;296;41;164;8;27;1;3;4;7;26;0;0;1;0;0;13;1
2008-02;9;3;762;164;344;22;103;20;5;27;51;71;2;2;1;0;3;28;1
2008-02;10;3;641;119;292;36;77;7;10;7;57;28;1;0;3;1;1;17;1
2008-02;12;3;859;148;452;32;88;9;8;0;12;31;3;0;3;3;0;40;0
2008-02;13;3;517;72;247;28;52;3;4;3;10;11;0;0;0;0;1;25;0
2008-02;14;3;975;122;592;49;77;7;1;6;11;58;1;1;0;0;0;14;0
2008-02;15;3;305;39;120;14;20;1;3;8;4;16;1;1;1;0;1;14;3
2008-02;16;3;1259;210;481;115;106;11;10;51;83;50;5;4;1;0;2;73;8
2008-02;17;3;543;158;152;7;83;9;7;36;18;22;2;2;4;0;1;25;3
2008-02;18;3;584;181;225;13;112;16;5;30;18;28;1;1;1;0;2;17;1
2008-02;19;3;650;218;218;40;120;18;7;46;13;39;4;2;2;2;1;25;1
2008-02;20;3;626;206;162;22;95;6;2;63;20;16;4;1;9;3;2;32;1
2008-02;21;3;1074;395;220;35;224;18;50;98;16;14;14;9;12;4;2;32;11
2008-02;22;3;785;318;190;23;191;28;23;75;31;37;20;7;12;12;2;23;3
2008-02;23;3;740;257;189;60;169;19;9;59;9;47;6;6;0;0;0;25;4
2008-02;24;3;391;131;75;13;73;6;6;30;12;25;6;6;8;0;0;32;1
2008-02;25;3;478;195;68;18;109;2;12;40;3;4;4;3;7;1;4;27;7
2008-02;26;3;305;116;68;11;76;2;6;27;15;8;11;2;6;9;0;18;1
2008-02;27;3;779;326;154;29;160;3;7;117;50;22;18;11;3;6;1;64;1
2008-02;28;3;462;136;103;16;92;10;8;24;18;15;3;0;1;3;0;47;1
2008-02;29;3;741;244;165;34;163;11;27;41;27;4;13;7;3;6;3;41;5
2008-02;30;3;475;155;129;6;105;14;8;29;30;20;7;7;4;0;0;43;5
2008-02;31;3;217;88;36;3;49;3;6;29;7;3;4;4;1;0;2;14;3
2008-02;32;3;920;208;227;40;127;16;32;42;15;45;7;5;7;2;10;86;10
2008-02;33;3;735;245;151;10;149;16;23;61;36;25;16;12;6;4;14;66;2
2008-02;34;3;1219;357;274;32;225;21;20;84;55;33;22;16;6;6;2;102;9
2008-02;35;3;1762;323;483;54;219;25;35;64;69;96;17;16;7;1;14;259;10
2008-02;36;3;824;131;166;10;87;6;30;29;17;27;14;14;3;0;6;97;22
2008-02;37;3;604;115;192;36;63;5;10;31;12;36;2;1;1;1;4;34;2
2008-02;38;3;649;246;115;13;119;13;14;68;35;14;2;0;2;2;2;53;4
2008-02;39;3;703;290;87;7;147;12;25;80;11;8;24;16;1;8;2;32;7
2008-02;40;3;409;172;70;10;121;7;21;31;15;10;6;2;4;4;1;20;1
2008-02;41;3;632;179;163;26;105;15;10;55;37;35;2;1;1;1;0;47;3
2008-02;43;3;243;14;55;2;11;0;3;2;17;6;2;2;5;0;5;40;6
2008-02;44;3;466;229;87;7;87;10;11;84;14;15;4;2;2;1;1;16;3
2008-03;1;3;952;158;320;134;122;29;9;1;14;68;0;0;1;0;1;26;0
2008-03;4;3;678;151;217;11;116;18;22;10;4;39;3;2;1;1;0;26;1
2008-03;5;3;1045;209;456;54;165;10;4;2;20;85;1;1;1;0;4;30;1
2008-03;6;3;561;139;102;23;94;9;16;12;11;21;14;8;3;6;0;30;4
2008-03;7;3;149;32;47;5;12;1;4;4;11;2;2;2;1;0;3;11;0
2008-03;9;3;689;181;284;26;119;21;9;34;48;33;2;2;2;0;0;26;3
2008-03;10;3;745;142;349;48;87;9;11;23;66;36;3;3;0;0;0;20;1
2008-03;12;3;650;117;263;41;67;6;14;3;12;21;0;0;0;0;4;31;2
2008-03;13;3;446;74;183;39;52;6;4;3;12;8;0;0;0;0;4;25;1
2008-03;14;3;702;104;320;69;61;11;3;8;18;40;0;0;0;0;0;24;2
2008-03;15;3;358;69;144;11;33;1;6;6;15;18;1;1;0;0;0;11;3
2008-03;16;3;1350;232;477;127;130;15;17;49;85;37;10;7;15;3;3;84;3
2008-03;17;3;615;160;121;22;106;8;17;19;8;13;0;0;3;0;1;16;4
2008-03;18;3;637;218;226;14;146;16;12;40;30;39;4;3;0;0;1;18;1
2008-03;19;3;693;193;219;32;109;18;11;40;19;23;9;5;4;3;1;30;3
2008-03;20;3;661;233;174;24;119;12;6;67;26;23;3;2;3;1;3;29;4
2008-03;21;3;1157;426;232;31;242;9;62;124;22;22;18;9;3;9;1;45;9
2008-03;22;3;777;294;181;16;180;14;13;68;33;30;13;7;0;6;1;29;6
2008-03;23;3;780;265;216;49;184;18;5;48;18;38;2;2;2;0;0;27;2
2008-03;24;3;393;132;63;13;79;10;10;26;8;13;10;8;2;2;2;32;5
2008-03;25;3;505;176;94;13;105;5;12;41;5;9;9;6;3;3;3;37;2
2008-03;26;3;349;115;83;11;69;4;1;31;17;2;2;1;4;1;2;23;5
2008-03;27;3;913;306;162;73;175;13;7;90;42;23;8;6;8;0;2;89;5
2008-03;28;3;478;139;111;19;90;8;11;33;15;17;4;3;4;1;1;44;3
2008-03;29;3;824;238;176;46;166;12;30;44;28;16;7;7;1;0;0;68;6
2008-03;30;3;469;136;122;14;85;10;10;31;24;21;6;3;3;3;1;37;3
2008-03;31;3;213;69;32;1;38;0;3;27;10;3;1;1;1;0;0;31;1
2008-03;32;3;1023;222;251;48;150;20;27;37;23;50;18;18;6;0;7;124;3
2008-03;33;3;867;248;187;23;168;16;30;45;44;27;17;6;14;11;2;77;3
2008-03;34;3;1185;292;209;44;189;17;23;69;45;8;20;14;11;6;14;132;5
2008-03;35;3;1716;276;360;59;170;12;26;63;80;38;23;22;8;0;14;266;8
2008-03;36;3;811;101;132;20;69;4;18;14;10;20;19;16;19;3;16;115;22
2008-03;37;3;754;155;227;49;82;8;13;45;28;30;2;1;1;1;1;49;8
2008-03;38;3;708;270;118;19;144;16;24;75;28;17;12;4;1;6;4;65;3
2008-03;39;3;743;264;87;10;130;14;18;71;13;12;13;7;6;6;9;77;6
2008-03;40;3;414;180;81;1;106;6;18;39;20;13;9;4;6;5;1;17;1
2008-03;41;3;651;175;187;33;100;12;12;46;32;30;4;1;1;3;1;61;1
2008-03;43;3;232;15;32;5;9;0;2;3;3;3;2;2;0;0;6;48;3
2008-03;44;3;489;231;86;10;80;2;7;91;12;18;1;1;1;0;3;25;4
2008-04;1;3;1019;163;297;156;130;24;6;2;8;68;0;0;0;0;4;28;2
2008-04;4;3;730;146;255;9;109;12;16;8;12;50;3;3;3;0;2;19;4
2008-04;5;3;1016;228;415;47;183;23;3;6;14;68;4;4;0;0;2;42;2
2008-04;6;3;513;134;93;18;77;2;9;26;11;16;13;5;8;8;4;29;4
2008-04;7;3;139;26;37;2;9;0;2;4;6;3;1;0;2;0;1;11;2
2008-04;9;3;639;172;252;26;90;18;6;42;61;33;1;1;7;0;3;18;0
2008-04;10;3;696;143;330;44;83;7;9;25;59;29;1;0;1;1;0;32;0
2008-04;12;3;578;85;243;36;47;2;5;3;14;12;1;0;1;1;0;35;2
2008-04;13;3;445;98;141;50;70;2;2;3;12;4;0;0;0;0;0;33;0
2008-04;14;3;670;135;259;61;77;11;5;9;9;47;0;0;0;0;3;24;3
2008-04;15;3;344;64;93;19;35;2;14;8;7;15;2;0;4;2;1;15;1
2008-04;16;3;1372;211;565;119;126;19;20;40;72;84;2;2;0;0;9;73;5
2008-04;17;3;637;161;131;14;107;7;17;17;9;17;1;1;0;0;0;22;2
2008-04;18;3;616;200;209;19;118;9;9;36;22;27;1;0;0;0;0;21;0
2008-04;19;3;672;200;210;50;116;17;5;43;12;30;4;3;6;1;1;29;1
2008-04;20;3;693;223;170;30;111;7;8;64;21;26;6;4;0;2;1;35;6
2008-04;21;3;1181;395;235;36;217;5;38;118;23;20;11;10;3;1;4;57;13
2008-04;22;3;686;231;159;23;148;10;19;46;19;24;24;6;1;17;3;26;2
2008-04;23;3;790;308;202;37;213;26;7;60;10;27;0;0;3;0;2;33;0
2008-04;24;3;432;119;93;23;77;9;3;12;9;17;5;2;8;3;1;37;1
2008-04;25;3;521;179;92;20;110;0;14;48;5;7;3;1;3;2;1;35;1
2008-04;26;3;350;159;91;2;101;2;4;30;17;9;2;2;0;0;1;7;0
2008-04;27;3;808;282;160;40;183;17;18;73;66;12;12;8;4;4;0;54;3
2008-04;28;3;498;139;138;22;86;9;5;30;30;25;1;1;0;0;4;44;4
2008-04;29;3;729;222;193;40;150;8;37;34;31;12;8;7;3;1;5;49;1
2008-04;30;3;461;126;124;9;81;11;12;27;29;25;8;5;1;3;4;32;0
2008-04;31;3;180;61;26;4;33;3;5;21;6;0;3;3;1;0;0;23;6
2008-04;32;3;936;177;263;42;117;14;21;30;26;57;19;8;5;11;2;75;6
2008-04;33;3;758;233;166;20;146;7;17;39;35;29;11;7;13;3;4;84;5
2008-04;34;3;1240;379;207;47;260;19;18;89;44;2;21;13;4;8;10;120;10
2008-04;35;3;1605;301;322;53;219;8;22;46;52;33;17;17;9;0;16;223;15
2008-04;36;3;843;132;155;17;99;3;22;16;16;25;36;32;9;4;9;121;17
2008-04;37;3;731;142;227;50;85;8;18;33;32;33;2;2;3;0;3;46;2
2008-04;38;3;678;252;124;18;141;30;18;66;29;19;4;3;2;1;3;68;6
2008-04;39;3;681;233;82;9;125;12;22;59;18;6;20;10;1;9;0;64;4
2008-04;40;3;439;165;108;4;100;6;13;34;29;17;10;4;7;6;0;32;7
2008-04;41;3;575;135;170;21;83;5;13;32;35;41;2;2;0;0;6;47;7
2008-04;43;3;250;17;52;4;12;3;4;0;2;11;13;13;5;0;0;44;2
2008-04;44;3;473;235;90;12;100;12;17;95;13;15;5;5;1;0;1;22;1
2008-05;1;3;937;152;296;127;117;30;4;5;12;69;1;0;0;0;1;23;0
2008-05;4;3;555;113;176;9;79;9;11;4;3;37;1;0;2;1;0;21;1
2008-05;5;3;983;228;427;49;181;22;4;7;11;77;0;0;0;0;0;44;4
2008-05;6;3;532;121;126;17;76;3;10;17;8;11;7;4;8;3;0;24;0
2008-05;7;3;158;42;34;0;13;1;2;9;4;1;0;0;0;0;0;13;3
2008-05;9;3;694;194;301;25;108;14;8;25;54;44;0;0;1;0;2;22;2
2008-05;10;3;664;143;299;39;101;11;8;20;47;28;0;0;1;0;0;20;1
2008-05;12;3;602;83;254;42;48;6;5;2;13;20;1;0;0;1;1;46;0
2008-05;13;3;413;83;163;36;63;5;5;2;5;16;1;1;0;0;0;28;2
2008-05;14;3;677;134;284;58;84;10;4;12;5;40;1;0;2;0;2;19;0
2008-05;15;3;326;53;123;9;23;2;8;10;6;22;0;0;0;0;2;14;1
2008-05;16;3;1427;209;614;96;117;17;14;46;54;151;5;5;1;0;4;93;6
2008-05;17;3;702;199;198;13;122;3;22;28;16;20;2;1;5;0;0;14;4
2008-05;18;3;700;203;292;26;136;18;8;35;24;52;4;3;2;1;0;14;2
2008-05;19;3;677;216;206;50;128;18;5;34;7;37;6;3;2;0;3;32;1
2008-05;20;3;591;190;151;39;92;3;11;54;18;19;3;2;9;1;2;32;2
2008-05;21;3;1191;370;289;28;192;7;45;116;21;19;13;6;4;7;5;45;6
2008-05;22;3;816;328;186;27;201;20;17;66;38;46;16;5;5;11;2;24;4
2008-05;23;3;817;299;258;48;210;25;11;52;18;48;2;1;2;1;1;14;1
2008-05;24;3;408;134;83;12;78;7;2;23;10;11;2;1;3;1;0;39;2
2008-05;25;3;512;170;103;19;95;5;8;48;8;6;14;7;8;7;0;30;1
2008-05;26;3;397;158;96;13;100;7;8;34;16;9;4;2;5;2;0;29;2
2008-05;27;3;857;323;153;40;205;7;23;74;47;22;7;4;2;3;3;68;6
2008-05;28;3;511;138;118;27;87;10;13;29;14;22;5;2;5;3;2;33;5
2008-05;29;3;755;236;215;36;165;20;33;29;26;13;10;3;2;7;0;48;3
2008-05;30;3;475;132;109;13;91;16;6;21;17;20;6;4;6;2;0;39;4
2008-05;31;3;132;55;17;1;32;4;1;17;3;2;1;1;0;0;2;24;0
2008-05;32;3;952;189;264;46;116;14;16;33;25;60;11;7;11;4;1;98;12
2008-05;33;3;835;271;193;19;157;16;24;66;52;22;11;7;2;3;2;85;2
2008-05;34;3;1276;322;243;54;205;17;16;81;61;3;14;12;1;2;6;116;9
2008-05;35;3;1540;251;357;62;164;12;12;48;74;51;18;17;7;1;15;256;20
2008-05;36;3;813;98;165;17;68;6;12;19;25;26;14;10;3;4;9;98;12
2008-05;37;3;671;124;230;32;71;7;17;37;37;41;2;2;5;0;4;52;2
2008-05;38;3;752;305;144;20;167;19;22;66;35;22;2;0;4;2;4;56;1
2008-05;39;3;696;249;92;19;121;5;28;72;15;6;28;10;4;17;0;58;2
2008-05;40;3;440;189;71;10;126;10;19;34;13;15;8;4;8;3;3;27;0
2008-05;41;3;541;152;149;19;88;6;8;38;26;29;2;2;0;0;0;43;3
2008-05;43;3;262;21;54;8;11;3;4;6;5;16;5;4;1;1;0;50;4
2008-05;44;3;503;235;97;15;103;24;14;87;13;29;5;2;3;0;0;34;1
2008-06;1;3;943;135;364;126;107;27;10;1;14;81;1;1;0;0;1;24;2
2008-06;4;3;715;146;221;9;118;15;16;10;1;38;6;5;2;0;2;10;4
2008-06;5;3;1025;242;429;47;198;23;6;7;18;81;1;0;1;0;0;37;2
2008-06;6;3;502;122;96;17;84;7;10;15;7;14;11;8;15;3;3;17;2
2008-06;7;3;174;52;39;3;26;2;1;12;10;3;1;0;2;1;1;18;2
2008-06;9;3;686;160;309;22;95;19;6;26;64;42;2;1;1;1;0;26;1
2008-06;10;3;685;140;317;24;91;5;7;13;45;29;1;0;1;0;1;21;0
2008-06;12;3;571;92;243;33;57;6;6;2;8;26;0;0;3;0;0;36;0
2008-06;13;3;398;93;151;34;63;3;4;1;5;14;0;0;0;0;0;24;2
2008-06;14;3;596;135;235;51;69;9;5;13;8;31;1;1;2;0;3;16;1
2008-06;15;3;337;55;115;16;24;3;5;3;4;20;1;1;1;0;0;20;0
2008-06;16;3;1326;172;586;107;95;16;13;30;41;129;6;6;4;0;1;81;5
2008-06;17;3;649;174;131;15;123;8;29;15;15;14;4;3;6;1;0;34;5
2008-06;18;3;592;183;225;22;105;13;10;34;23;32;1;1;0;0;0;19;2
2008-06;19;3;727;207;253;60;117;16;11;35;20;36;1;0;1;1;0;29;2
2008-06;20;3;685;256;182;28;135;3;7;76;19;27;8;4;7;3;0;35;2
2008-06;21;3;1111;330;310;31;178;14;39;83;23;17;12;5;10;7;1;40;8
2008-06;22;3;800;262;230;25;162;20;24;45;47;25;15;9;2;6;1;36;2
2008-06;23;3;814;301;237;33;219;26;12;41;23;37;3;3;0;0;4;17;3
2008-06;24;3;404;119;104;18;75;8;8;22;17;10;1;1;2;0;2;29;1
2008-06;25;3;538;215;101;10;101;4;14;71;8;9;8;5;2;1;2;18;2
2008-06;26;3;357;133;91;10;77;4;1;37;22;12;0;0;0;0;0;22;5
2008-06;27;3;848;329;177;34;195;5;19;93;48;21;2;0;0;2;1;44;3
2008-06;28;3;478;132;136;22;84;10;10;18;21;14;2;1;2;0;4;33;2
2008-06;29;3;741;213;202;39;167;12;29;21;24;15;6;3;3;3;2;41;2
2008-06;30;3;466;129;121;18;90;12;4;19;34;13;4;2;0;2;3;28;4
2008-06;31;3;184;62;30;4;38;4;3;21;11;2;3;2;2;1;1;14;0
2008-06;32;3;948;164;293;31;105;14;10;33;35;64;9;6;8;2;11;73;10
2008-06;33;3;782;250;183;25;138;19;20;69;44;20;14;11;4;2;3;61;7
2008-06;34;3;1253;347;219;40;217;23;23;81;50;7;12;11;5;0;5;113;12
2008-06;35;3;1619;268;399;61;189;39;17;46;78;52;5;4;6;0;17;236;13
2008-06;36;3;849;109;169;16;74;7;17;13;20;31;12;10;5;1;11;95;12
2008-06;37;3;682;154;226;35;91;9;14;38;29;34;5;2;3;3;4;45;4
2008-06;38;3;654;236;120;18;131;23;12;61;38;21;4;2;2;2;3;38;4
2008-06;39;3;766;257;114;17;175;10;34;58;13;9;23;14;2;9;2;71;6
2008-06;40;3;424;159;90;17;114;10;17;24;13;18;2;2;0;0;0;38;1
2008-06;41;3;686;203;166;27;111;15;7;58;28;32;1;1;0;0;2;52;7
2008-06;43;3;248;16;57;4;13;3;3;1;5;17;6;6;2;0;2;44;5
2008-06;44;3;481;209;98;12;93;16;11;71;9;19;7;3;4;2;2;10;5
2008-07;1;3;942;164;337;117;131;27;5;5;12;80;1;1;1;0;1;36;2
2008-07;4;3;710;151;278;9;123;18;16;4;5;36;7;2;2;2;3;29;4
2008-07;5;3;1057;211;443;61;171;15;7;3;13;71;0;0;1;0;0;37;7
2008-07;6;3;512;106;104;14;62;4;6;22;9;15;5;3;5;2;4;35;3
2008-07;7;3;200;54;50;8;26;0;0;8;8;3;0;0;0;0;2;11;1
2008-07;9;3;661;181;292;17;116;15;6;25;52;36;1;1;0;0;0;19;0
2008-07;10;3;706;161;308;33;95;11;3;31;53;28;0;0;0;0;0;26;0
2008-07;12;3;581;108;222;27;68;5;6;3;7;18;2;0;0;2;1;21;1
2008-07;13;3;447;89;181;27;69;7;1;3;5;7;1;0;0;1;0;29;0
2008-07;14;3;657;147;267;28;107;14;7;13;7;26;1;1;5;0;0;26;0
2008-07;15;3;402;90;123;10;45;5;2;12;5;20;8;7;9;1;1;16;2
2008-07;16;3;1452;225;650;113;131;13;18;40;43;141;1;1;3;0;3;65;3
2008-07;17;3;657;194;156;10;131;7;18;28;11;20;3;1;8;0;4;18;1
2008-07;18;3;635;175;268;19;117;9;10;25;29;32;0;0;5;0;1;15;1
2008-07;19;3;705;195;238;58;118;11;4;41;19;32;2;2;11;0;2;30;1
2008-07;20;3;719;252;203;21;144;2;7;57;25;23;3;2;1;0;1;44;3
2008-07;21;3;1083;359;241;29;178;12;38;100;16;30;9;6;5;2;2;46;12
2008-07;22;3;758;278;196;18;179;23;17;49;26;27;8;6;2;1;3;22;4
2008-07;23;3;904;347;214;50;234;32;5;52;12;35;1;1;0;0;1;27;0
2008-07;24;3;422;130;91;13;87;4;6;18;14;16;3;3;1;0;2;26;1
2008-07;25;3;595;286;87;16;158;5;13;59;12;7;3;3;3;0;1;22;6
2008-07;26;3;451;181;108;8;106;6;6;45;24;9;1;1;0;0;2;19;3
2008-07;27;3;802;278;181;24;163;9;13;72;39;16;12;11;1;0;1;46;4
2008-07;28;3;530;140;138;25;92;12;10;24;23;23;3;2;3;0;3;37;6
2008-07;29;3;803;255;214;45;188;14;32;36;22;9;14;13;2;1;2;30;3
2008-07;30;3;523;160;112;10;96;19;8;42;31;23;6;2;3;4;1;44;1
2008-07;31;3;172;50;31;3;24;2;1;15;7;4;2;2;0;0;0;28;0
2008-07;32;3;992;236;222;49;124;12;21;52;24;54;8;7;2;0;7;100;5
2008-07;33;3;887;259;188;28;147;14;11;70;43;23;17;6;6;11;5;64;5
2008-07;34;3;1392;400;237;52;259;19;17;99;54;6;14;11;4;0;4;139;11
2008-07;35;3;1648;279;398;57;205;34;20;40;92;62;3;3;5;0;7;241;10
2008-07;36;3;851;111;187;10;78;7;23;17;27;31;12;10;7;2;8;131;15
2008-07;37;3;658;122;236;33;83;13;13;17;23;40;3;3;3;0;2;57;1
2008-07;38;3;631;206;139;10;107;16;15;58;23;16;6;6;1;0;4;55;3
2008-07;39;3;825;265;118;15;155;11;15;71;5;9;27;20;7;7;5;68;9
2008-07;40;3;456;153;86;12;104;4;14;32;6;18;6;6;3;0;2;47;5
2008-07;41;3;734;214;195;27;99;15;7;66;38;28;0;0;2;0;3;57;6
2008-07;43;3;232;20;58;6;14;2;6;2;4;17;1;1;0;0;6;59;3
2008-07;44;3;576;270;118;21;97;14;18;82;12;21;5;3;7;1;2;17;6
2008-08;1;3;974;155;333;111;110;18;7;2;12;73;0;0;0;0;1;34;1
2008-08;4;3;662;134;241;8;101;14;10;7;5;35;2;2;0;0;0;12;6
2008-08;5;3;1007;212;407;57;171;25;7;6;19;73;2;2;0;0;0;40;5
2008-08;6;3;554;122;97;19;76;7;6;21;10;15;5;5;10;0;1;30;5
2008-08;7;3;216;76;47;4;25;1;2;20;4;5;0;0;0;0;0;11;2
2008-08;9;3;698;172;284;19;98;17;3;31;57;34;1;1;0;0;3;29;1
2008-08;10;3;680;154;297;30;97;15;9;26;36;28;1;0;2;0;1;26;1
2008-08;12;3;571;121;219;23;82;7;6;2;10;14;0;0;0;0;0;35;3
2008-08;13;3;461;85;176;29;58;2;4;3;2;9;0;0;2;0;0;24;1
2008-08;14;3;673;151;282;44;86;4;4;16;3;34;0;0;1;0;0;21;2
2008-08;15;3;350;73;131;12;31;5;5;16;5;26;3;3;1;0;0;14;1
2008-08;16;3;1432;230;615;88;127;16;27;44;39;161;4;4;3;0;2;85;10
2008-08;17;3;649;167;168;16;98;4;14;29;13;20;7;6;1;1;3;12;2
2008-08;18;3;556;172;207;16;89;9;9;32;20;38;0;0;2;0;2;14;4
2008-08;19;3;656;189;215;41;96;5;6;40;22;33;3;2;1;0;1;36;5
2008-08;20;3;711;239;190;31;140;6;8;56;28;17;3;2;9;0;0;31;7
2008-08;21;3;1029;356;239;24;193;11;35;103;28;28;6;4;0;0;5;49;25
2008-08;22;3;794;277;193;15;156;15;18;65;41;25;7;4;2;2;3;35;3
2008-08;23;3;813;289;236;38;200;32;9;44;22;34;5;4;5;1;0;11;6
2008-08;24;3;436;146;81;19;78;7;10;39;10;13;5;5;0;0;3;19;1
2008-08;25;3;518;219;90;22;135;7;6;36;10;8;4;2;9;2;1;26;3
2008-08;26;3;410;164;93;9;96;6;3;39;19;5;4;2;0;0;2;23;1
2008-08;27;3;872;331;168;37;165;23;16;100;49;29;12;10;4;2;1;61;6
2008-08;28;3;536;143;150;24;94;6;12;29;29;26;3;3;2;0;4;36;8
2008-08;29;3;883;252;206;53;160;17;25;50;29;17;8;4;4;3;0;57;5
2008-08;30;3;514;141;102;22;99;11;12;32;24;12;7;6;4;0;6;51;5
2008-08;31;3;187;76;29;1;42;1;3;24;3;2;1;1;7;0;1;19;2
2008-08;32;3;983;221;262;44;140;11;32;31;15;65;4;4;3;0;1;92;5
2008-08;33;3;888;260;172;20;155;13;14;67;39;23;4;4;3;0;6;102;11
2008-08;34;3;1364;361;240;57;216;23;18;101;63;3;17;17;4;0;7;134;14
2008-08;35;3;1801;322;498;54;219;39;24;56;101;79;31;28;4;3;8;251;19
2008-08;36;3;881;135;161;21;94;3;28;16;23;16;11;10;6;1;11;129;18
2008-08;37;3;692;122;245;39;74;8;13;23;22;40;3;3;5;0;3;46;3
2008-08;38;3;637;206;128;17;102;16;10;66;33;7;9;8;0;1;0;73;5
2008-08;39;3;842;289;127;17;164;20;21;72;17;6;8;7;6;1;5;61;5
2008-08;40;3;514;208;62;9;120;8;19;50;11;8;6;4;5;2;0;46;8
2008-08;41;3;673;167;165;29;96;13;5;48;29;38;3;2;2;0;0;56;5
2008-08;43;3;260;11;54;4;4;1;2;4;3;17;4;4;5;0;7;65;8
2008-08;44;3;567;258;109;15;119;18;22;67;7;24;6;6;0;0;2;20;4
2008-09;1;3;1054;181;345;102;138;35;9;1;17;75;1;1;0;0;0;40;4
2008-09;4;3;749;149;254;9;121;15;19;12;8;30;3;2;8;0;4;27;1
2008-09;5;3;1004;183;421;53;144;24;6;6;15;67;0;0;2;0;2;36;7
2008-09;6;3;487;120;107;9;76;4;9;18;11;18;5;2;9;3;2;27;2
2008-09;7;3;185;41;62;2;19;1;0;9;14;3;3;2;0;1;0;14;1
2008-09;9;3;766;174;289;17;121;26;6;19;51;44;0;0;1;0;2;35;4
2008-09;10;3;688;187;274;27;134;10;19;18;45;34;0;0;0;0;1;22;1
2008-09;12;3;624;100;220;37;56;4;1;1;12;23;3;0;4;3;0;36;4
2008-09;13;3;344;70;130;28;47;5;5;3;3;7;0;0;1;0;2;11;3
2008-09;14;3;629;138;275;29;76;11;5;15;5;34;0;0;0;0;0;24;3
2008-09;15;3;404;55;154;13;36;3;15;5;6;20;2;2;1;0;1;17;3
2008-09;16;3;1382;216;612;87;112;10;22;48;52;190;5;3;5;0;2;100;3
2008-09;17;3;694;193;176;8;109;2;19;36;13;22;5;1;14;2;3;21;2
2008-09;18;3;508;165;185;9;109;21;6;19;16;22;1;1;2;0;1;17;1
2008-09;19;3;693;144;239;40;87;12;7;23;21;27;4;2;11;2;4;31;3
2008-09;20;3;651;191;176;29;103;12;3;28;13;26;8;7;1;1;3;32;2
2008-09;21;3;1123;379;244;19;206;13;41;99;25;26;12;9;24;2;5;50;13
2008-09;22;3;779;302;188;20;188;19;26;70;44;34;11;8;9;3;11;21;4
2008-09;23;3;795;277;217;39;196;22;9;42;20;29;0;0;2;0;1;21;7
2008-09;24;3;425;124;105;17;76;11;3;27;18;24;1;1;0;0;2;27;6
2008-09;25;3;515;196;98;16;89;5;6;65;10;10;3;2;9;1;0;35;8
2008-09;26;3;436;165;115;6;80;5;3;45;23;8;5;4;4;0;0;21;2
2008-09;27;3;869;357;188;19;203;19;38;108;70;28;3;3;1;0;1;55;6
2008-09;28;3;487;131;128;17;79;7;15;27;27;24;1;1;0;0;3;36;6
2008-09;29;3;974;268;253;27;190;19;26;44;25;23;5;5;3;0;2;51;11
2008-09;30;3;509;170;117;9;118;20;7;35;22;20;6;5;2;1;3;53;4
2008-09;31;3;216;95;29;1;52;4;6;38;4;2;14;12;2;1;1;22;1
2008-09;32;3;960;215;255;29;148;23;19;25;19;65;6;6;1;0;7;87;8
2008-09;33;3;839;213;175;28;145;10;19;41;32;18;13;8;4;1;2;96;5
2008-09;34;3;1296;363;227;63;220;23;20;87;54;3;15;13;5;2;9;117;17
2008-09;35;3;1718;308;363;74;195;34;21;60;70;59;25;24;2;1;8;262;23
2008-09;36;3;831;119;157;14;84;6;10;16;12;27;17;17;5;0;16;123;13
2008-09;37;3;711;158;217;39;89;12;13;39;14;39;5;3;3;1;3;33;2
2008-09;38;3;641;210;118;20;117;21;11;61;36;15;4;1;4;3;2;51;8
2008-09;39;3;818;287;99;14;156;9;23;78;12;10;14;8;5;5;7;66;15
2008-09;40;3;545;227;72;12;138;9;23;66;12;8;4;1;5;3;0;46;7
2008-09;41;3;718;204;192;32;134;8;7;39;37;54;2;2;3;0;4;52;4
2008-09;43;3;264;17;65;3;10;2;2;3;7;13;6;4;0;0;3;56;2
2008-09;44;3;532;221;116;10;99;5;14;65;10;20;2;2;3;0;3;28;2
2008-10;1;3;944;165;362;104;130;30;11;2;18;86;1;0;0;0;1;38;2
2008-10;4;3;737;156;262;11;121;15;19;17;3;42;2;1;1;1;3;17;5
2008-10;5;3;1025;205;451;35;177;31;11;4;15;70;3;1;3;0;3;51;2
2008-10;6;3;549;136;143;7;95;11;16;19;19;18;3;3;1;0;1;22;2
2008-10;7;3;207;60;60;3;34;1;1;5;13;2;0;0;1;0;0;22;0
2008-10;9;3;723;157;269;19;105;26;7;19;57;46;3;1;2;2;0;35;1
2008-10;10;3;775;198;338;21;133;13;9;24;45;51;1;1;2;0;2;35;2
2008-10;12;3;697;119;314;37;85;7;7;4;6;20;1;0;1;1;0;34;2
2008-10;13;3;516;91;218;31;58;5;2;3;5;8;0;0;1;0;0;32;0
2008-10;14;3;712;176;287;36;99;9;10;13;6;46;1;1;2;0;1;22;4
2008-10;15;3;432;77;172;14;39;4;11;13;11;33;4;2;4;2;2;13;0
2008-10;16;3;1468;234;639;68;125;13;30;50;79;161;5;4;8;1;2;86;5
2008-10;17;3;677;214;168;13;128;4;21;34;7;19;2;2;3;0;1;22;6
2008-10;18;3;647;198;259;13;130;15;11;41;17;35;1;0;2;1;1;13;2
2008-10;19;3;682;197;221;40;128;18;7;30;7;32;1;0;2;0;1;34;8
2008-10;20;3;668;233;189;21;140;12;17;43;21;26;0;0;4;0;3;23;2
2008-10;21;3;1143;372;286;23;224;13;51;73;18;27;7;6;8;1;6;49;9
2008-10;22;3;751;288;164;15;178;19;13;62;31;26;12;7;5;5;1;43;3
2008-10;23;3;931;317;255;51;198;32;14;63;15;45;2;2;7;0;1;39;2
2008-10;24;3;483;178;103;12;111;11;5;32;13;18;2;2;1;0;3;30;1
2008-10;25;3;577;201;88;20;98;5;15;54;8;14;7;6;4;0;4;46;2
2008-10;26;3;456;180;95;9;86;5;4;53;19;5;3;3;5;0;2;22;1
2008-10;27;3;991;401;199;26;221;19;22;120;52;35;8;6;4;1;4;62;6
2008-10;28;3;549;147;155;23;100;14;6;20;23;22;4;4;0;0;0;51;5
2008-10;29;3;1024;314;277;31;198;19;37;77;34;17;15;13;5;2;2;41;3
2008-10;30;3;575;178;122;11;120;21;15;41;34;13;4;4;3;0;4;50;6
2008-10;31;3;227;78;34;5;42;0;8;29;4;3;3;3;6;0;1;29;7
2008-10;32;3;1067;211;283;41;141;26;22;34;15;68;5;5;5;0;8;105;12
2008-10;33;3;928;251;164;32;144;6;18;55;22;18;14;14;7;0;3;123;8
2008-10;34;3;1473;415;219;56;273;22;25;94;45;3;17;14;12;2;8;152;20
2008-10;35;3;1989;379;404;77;257;29;44;61;95;60;30;30;8;0;25;324;22
2008-10;36;3;893;116;200;19;78;8;23;24;12;36;21;18;9;3;6;126;20
2008-10;37;3;705;159;243;34;78;15;12;44;25;35;3;2;3;1;2;48;3
2008-10;38;3;796;251;148;26;118;18;12;70;30;27;12;7;4;5;7;69;6
2008-10;39;3;929;329;105;11;178;14;28;91;7;9;19;17;11;2;5;75;7
2008-10;40;3;584;267;83;13;146;7;31;80;15;20;0;0;3;0;5;31;3
2008-10;41;3;678;179;177;20;92;19;7;44;34;45;1;1;2;0;3;63;4
2008-10;43;3;291;21;65;5;11;2;4;4;6;13;8;8;0;0;3;57;3
2008-10;44;3;538;231;94;10;87;8;12;85;16;19;3;0;7;3;0;31;3
2008-11;1;3;873;161;353;70;130;24;5;4;27;75;0;0;1;0;2;20;10
2008-11;4;3;749;141;235;44;110;16;14;11;7;40;5;4;2;1;1;29;2
2008-11;5;3;990;164;497;45;127;14;4;9;18;73;1;0;1;0;2;50;7
2008-11;6;3;530;129;125;8;69;5;10;20;7;17;7;7;7;0;1;32;3
2008-11;7;3;134;28;34;2;16;0;0;8;10;5;1;1;0;0;3;7;3
2008-11;9;3;634;146;259;15;102;13;5;17;62;35;1;1;1;0;2;30;4
2008-11;10;3;720;146;322;31;100;13;8;20;48;49;1;0;2;1;1;28;2
2008-11;12;3;639;104;261;26;64;5;5;4;10;28;0;0;1;0;0;40;5
2008-11;13;3;378;65;136;24;40;3;11;1;5;5;4;1;1;3;0;15;3
2008-11;14;3;597;135;243;24;88;5;14;10;7;27;0;0;0;0;0;25;1
2008-11;15;3;373;65;121;13;42;2;12;4;6;13;4;4;0;0;0;17;0
2008-11;16;3;1438;236;597;79;123;17;19;48;60;151;3;3;1;0;8;90;4
2008-11;17;3;798;206;262;15;129;10;17;32;17;23;2;1;9;0;4;20;6
2008-11;18;3;485;153;162;23;100;12;8;23;12;21;2;1;1;0;0;17;0
2008-11;19;3;635;182;219;25;104;13;7;34;10;25;0;0;5;0;6;31;3
2008-11;20;3;615;204;185;20;135;3;7;37;10;31;9;7;3;1;1;27;0
2008-11;21;3;1064;324;261;25;186;17;39;66;37;25;13;8;23;3;6;53;10
2008-11;22;3;716;218;185;18;131;10;14;43;45;22;9;3;5;5;2;47;3
2008-11;23;3;861;342;202;38;236;35;5;60;23;38;1;1;2;0;1;33;4
2008-11;24;3;463;117;111;15;82;14;5;16;13;23;2;2;3;0;2;32;1
2008-11;25;3;518;164;71;21;84;5;11;40;7;1;5;4;4;1;2;30;5
2008-11;26;3;388;171;69;10;101;6;3;28;14;9;0;0;2;0;0;19;2
2008-11;27;3;922;348;201;19;198;25;20;95;70;19;10;3;7;7;4;68;6
2008-11;28;3;564;155;140;15;103;15;10;34;21;22;3;3;0;0;2;55;7
2008-11;29;3;983;280;266;48;185;25;23;44;24;19;9;5;6;4;1;78;6
2008-11;30;3;549;134;124;18;84;5;10;33;24;11;3;1;2;2;1;63;1
2008-11;31;3;180;68;27;7;33;4;3;26;5;2;2;1;2;0;1;29;2
2008-11;32;3;947;181;239;41;110;14;25;34;22;54;7;3;7;4;7;97;6
2008-11;33;3;857;218;169;33;148;16;13;41;36;12;17;14;7;3;2;93;7
2008-11;34;3;1344;374;214;58;240;21;17;88;68;6;10;7;5;3;11;146;17
2008-11;35;3;1845;303;428;77;206;28;31;52;83;59;22;20;11;2;21;314;15
2008-11;36;3;822;88;153;27;61;4;11;12;18;20;27;26;8;1;12;134;13
2008-11;37;3;699;150;247;36;74;17;12;32;23;56;7;5;8;2;1;54;8
2008-11;38;3;725;241;153;13;116;10;8;80;39;17;14;11;4;3;9;59;10
2008-11;39;3;874;309;106;13;155;11;31;106;16;11;25;19;11;3;4;101;9
2008-11;40;3;604;266;83;8;150;4;34;72;9;15;8;4;4;4;2;44;10
2008-11;41;3;667;146;178;21;85;12;3;35;33;30;0;0;0;0;5;67;4
2008-11;43;3;287;18;61;3;15;2;6;3;5;16;1;1;2;0;8;68;5
2008-11;44;3;443;190;89;3;86;11;18;59;10;19;5;4;0;0;0;29;2
2008-12;1;3;905;151;373;80;120;20;13;3;10;74;0;0;3;0;1;30;1
2008-12;4;3;664;131;241;16;103;9;8;11;4;50;0;0;2;0;0;22;2
2008-12;5;3;976;189;465;43;163;16;5;7;19;84;2;2;1;0;2;43;5
2008-12;6;3;499;114;123;7;72;3;9;22;10;20;2;1;7;1;2;29;5
2008-12;7;3;181;45;53;1;17;0;0;11;6;1;1;1;0;0;2;17;2
2008-12;9;3;648;150;271;20;95;13;7;24;51;44;1;0;2;1;1;27;0
2008-12;10;3;695;157;324;26;107;15;5;13;45;46;3;3;3;0;0;25;1
2008-12;12;3;652;116;239;25;73;4;10;2;8;16;1;1;1;0;0;47;0
2008-12;13;3;425;63;167;21;49;7;5;2;3;6;0;0;0;0;1;25;2
2008-12;14;3;605;95;277;41;68;5;9;6;5;33;1;0;1;1;1;24;0
2008-12;15;3;327;53;113;9;31;1;8;4;9;10;8;3;1;3;3;18;6
2008-12;16;3;1396;211;632;72;117;9;9;41;44;179;4;4;6;0;4;82;5
2008-12;17;3;660;192;173;11;115;6;21;37;15;20;2;1;10;1;1;20;0
2008-12;18;3;584;170;232;17;106;9;10;36;14;20;2;1;0;1;0;18;1
2008-12;19;3;613;184;226;34;106;11;12;33;10;24;1;1;2;0;4;33;1
2008-12;20;3;620;198;171;27;126;11;7;33;22;22;9;7;4;1;1;36;3
2008-12;21;3;1202;449;265;30;226;10;47;125;24;25;11;7;17;4;1;47;11
2008-12;22;3;737;264;186;13;160;11;9;58;40;25;5;5;5;0;4;44;5
2008-12;23;3;791;242;268;40;172;34;7;31;13;46;0;0;1;0;4;23;4
2008-12;24;3;429;127;88;17;88;9;4;13;11;10;5;5;3;0;2;30;2
2008-12;25;3;482;178;74;8;100;10;9;40;4;9;3;1;5;2;0;29;3
2008-12;26;3;381;148;80;13;99;7;3;26;20;15;8;5;4;3;2;16;4
2008-12;27;3;878;319;218;25;182;18;17;96;65;16;7;5;2;2;3;52;5
2008-12;28;3;533;167;119;11;108;10;10;27;19;19;0;0;3;0;2;41;3
2008-12;29;3;998;288;293;34;198;21;39;48;32;20;15;14;2;1;1;55;6
2008-12;30;3;552;166;129;14;112;6;10;35;23;19;4;4;3;0;4;65;4
2008-12;31;3;150;57;27;2;35;3;2;16;10;1;6;5;5;0;1;28;3
2008-12;32;3;956;171;251;25;110;20;8;29;22;58;5;4;9;1;9;107;5
2008-12;33;3;878;236;148;33;135;11;9;60;34;21;8;8;0;0;5;107;13
2008-12;34;3;1431;390;280;49;268;16;15;81;73;14;15;11;15;4;10;135;18
2008-12;35;3;1937;354;502;55;236;35;45;69;72;119;26;25;11;1;24;270;19
2008-12;36;3;795;100;146;11;64;3;17;20;12;30;27;22;5;5;6;104;11
2008-12;37;3;726;173;248;23;85;18;13;48;21;41;10;6;2;0;6;45;2
2008-12;38;3;725;253;133;26;117;12;8;74;32;17;11;5;3;6;4;50;3
2008-12;39;3;938;394;95;11;190;11;42;106;14;8;18;18;15;0;6;75;5
2008-12;40;3;553;242;79;10;149;9;27;55;16;10;7;7;2;0;1;44;4
2008-12;41;3;623;156;202;21;87;11;5;33;42;41;5;4;1;0;4;46;3
2008-12;43;3;280;29;52;2;21;4;5;5;5;21;1;1;3;0;1;62;2
2008-12;44;3;440;179;91;18;82;8;25;52;9;18;8;8;8;0;1;20;2
2009-01;1;3;787;149;293;80;121;15;5;2;21;41;0;0;1;0;1;24;0
2009-01;4;3;880;177;268;34;140;9;16;15;4;35;4;2;12;2;2;21;3
2009-01;5;3;962;219;431;38;178;25;10;6;24;55;1;1;2;0;1;38;5
2009-01;6;3;579;151;159;7;98;6;8;27;10;24;4;4;4;0;1;24;6
2009-01;7;3;199;44;52;4;23;2;1;9;12;1;2;2;2;0;0;22;0
2009-01;9;3;676;140;289;25;86;15;6;27;46;35;4;3;3;1;1;36;0
2009-01;10;3;681;158;302;27;102;12;11;21;41;28;2;1;0;1;0;30;1
2009-01;12;3;895;129;428;36;77;8;7;1;9;43;0;0;0;0;0;50;2
2009-01;13;3;557;103;210;28;63;5;7;2;8;11;0;0;2;0;0;23;1
2009-01;14;3;724;111;338;27;71;3;4;7;11;41;2;1;0;1;4;32;0
2009-01;15;3;337;49;115;10;32;4;5;9;5;19;1;1;1;0;5;18;2
2009-01;16;3;1529;240;702;86;114;8;14;83;111;164;2;2;8;0;1;75;7
2009-01;17;3;640;179;159;15;105;5;19;35;7;23;5;4;4;1;1;26;4
2009-01;18;3;540;201;172;20;138;24;8;28;18;22;2;0;5;2;1;14;1
2009-01;19;3;613;162;217;30;85;13;4;47;9;28;3;3;2;0;0;32;0
2009-01;20;3;572;187;182;14;122;15;5;31;13;33;2;1;7;1;4;22;6
2009-01;21;3;1141;438;219;17;227;14;49;121;18;22;9;7;8;2;4;72;9
2009-01;22;3;809;345;170;10;223;23;24;63;29;30;9;7;7;2;3;47;4
2009-01;23;3;754;266;217;39;166;44;6;49;16;47;1;1;2;0;0;39;1
2009-01;24;3;430;148;86;8;104;7;4;24;13;15;2;2;4;0;2;27;4
2009-01;25;3;511;192;78;14;93;3;11;54;6;14;9;9;4;0;4;38;5
2009-01;26;3;356;140;75;5;85;6;4;34;14;12;1;0;6;1;3;17;6
2009-01;27;3;955;353;208;36;204;23;8;110;51;23;6;6;4;0;1;58;8
2009-01;28;3;524;154;132;15;112;13;8;32;29;18;8;8;1;0;1;49;4
2009-01;29;3;841;249;233;35;168;5;33;49;28;18;9;9;4;0;2;40;7
2009-01;30;3;525;167;121;16;112;16;8;36;27;26;10;9;1;1;3;56;5
2009-01;31;3;104;38;8;3;26;0;7;9;3;2;3;3;2;0;0;18;0
2009-01;32;3;946;184;272;45;131;13;13;31;20;54;11;8;6;3;13;89;8
2009-01;33;3;784;212;169;22;131;16;9;50;30;27;5;5;5;0;7;89;7
2009-01;34;3;1467;424;286;56;284;11;19;89;52;33;20;17;18;3;10;180;22
2009-01;35;3;1903;312;473;53;220;29;35;52;54;126;14;14;7;0;34;310;13
2009-01;36;3;860;119;178;16;96;6;22;11;19;26;34;28;16;6;11;147;15
2009-01;37;3;742;145;260;32;70;7;12;43;21;59;3;3;2;0;1;61;5
2009-01;38;3;720;258;139;23;122;19;22;76;28;29;13;9;1;3;1;69;5
2009-01;39;3;941;336;91;24;175;14;23;107;16;8;26;18;15;8;4;81;11
2009-01;40;3;555;235;86;5;150;4;25;56;14;17;3;3;2;0;4;46;3
2009-01;41;3;591;170;178;13;111;12;9;37;30;43;3;2;1;0;4;49;3
2009-01;43;3;328;44;60;7;28;6;4;12;6;12;8;8;1;0;6;81;7
2009-01;44;3;420;184;101;5;97;7;8;54;14;13;1;0;5;1;2;25;4
2009-02;1;3;1165;178;403;189;140;5;9;8;25;37;3;2;0;1;1;22;2
2009-02;4;3;716;182;262;0;137;21;17;20;3;24;5;5;9;0;2;22;5
2009-02;5;3;1298;239;721;35;193;16;7;4;27;89;3;2;2;0;2;42;5
2009-02;6;3;659;159;211;10;90;4;5;41;4;23;12;12;6;0;2;28;5
2009-02;7;3;208;41;82;4;17;0;0;10;7;5;1;0;1;1;0;15;3
2009-02;9;3;748;175;355;26;112;16;10;25;31;50;2;1;1;0;0;35;2
2009-02;10;3;699;160;274;38;102;6;13;27;25;34;0;0;0;0;0;31;1
2009-02;12;3;766;106;364;35;55;2;9;2;16;21;1;0;0;1;3;38;2
2009-02;13;3;436;67;186;18;35;1;1;2;5;5;0;0;0;0;1;16;2
2009-02;14;3;1257;136;813;34;92;6;7;7;11;68;0;0;0;0;1;28;1
2009-02;15;3;397;54;150;10;35;3;6;8;9;20;0;0;5;0;2;14;1
2009-02;16;3;1283;192;560;76;91;5;11;57;120;98;3;3;4;0;4;74;2
2009-02;17;3;616;166;165;21;89;2;10;40;4;18;1;1;13;0;4;28;4
2009-02;18;3;541;196;157;21;138;24;7;29;14;28;1;1;0;0;0;29;2
2009-02;19;3;614;200;218;14;127;18;10;36;8;36;2;0;1;2;1;22;0
2009-02;20;3;621;206;207;19;112;8;7;59;13;19;6;4;1;1;1;21;1
2009-02;21;3;1079;412;205;23;206;17;35;125;16;24;16;12;8;3;3;56;8
2009-02;22;3;696;282;161;15;175;18;20;63;25;32;9;9;1;0;5;35;4
2009-02;23;3;715;263;212;28;174;35;10;44;13;46;2;2;0;0;1;30;4
2009-02;24;3;414;139;67;16;103;12;3;17;7;12;11;7;1;0;2;40;4
2009-02;25;3;537;203;79;10;92;4;8;57;5;4;6;5;6;1;0;37;3
2009-02;26;3;353;123;73;4;72;8;1;33;13;9;3;2;2;1;4;22;4
2009-02;27;3;898;362;191;24;215;20;25;87;57;24;12;11;2;1;1;52;8
2009-02;28;3;539;150;138;17;102;10;7;24;22;21;4;3;0;1;6;51;1
2009-02;29;3;798;261;177;29;181;10;36;44;22;13;8;8;2;0;1;52;5
2009-02;30;3;515;174;105;18;127;18;10;23;18;23;4;2;8;2;7;52;6
2009-02;31;3;110;34;17;1;27;1;4;4;6;3;0;0;1;0;0;25;0
2009-02;32;3;859;165;214;37;114;7;18;21;10;39;9;8;7;1;8;102;15
2009-02;33;3;820;260;175;23;175;20;8;44;30;27;25;19;11;6;5;87;3
2009-02;34;3;1373;449;274;48;290;6;29;100;51;25;27;13;19;13;14;151;16
2009-02;35;3;1799;351;376;53;245;32;22;50;52;52;27;27;5;0;27;293;17
2009-02;36;3;790;116;150;11;75;5;20;23;15;26;21;17;11;3;6;134;12
2009-02;37;3;658;144;223;24;77;9;21;33;21;46;3;3;6;0;3;27;5
2009-02;38;3;707;280;126;13;143;17;22;79;26;21;10;7;6;3;5;62;6
2009-02;39;3;892;343;97;15;189;9;33;92;11;7;28;22;15;6;4;75;10
2009-02;40;3;485;218;81;10;138;13;25;45;13;18;3;3;2;0;0;35;6
2009-02;41;3;626;147;192;25;103;13;3;27;23;54;2;2;5;0;1;51;6
2009-02;43;3;279;23;63;3;16;1;4;4;12;20;7;7;2;0;4;55;3
2009-02;44;3;515;202;128;8;93;12;12;61;11;29;5;4;4;1;2;22;3
2009-03;1;3;1383;181;420;281;149;8;5;4;17;37;2;1;0;1;0;57;4
2009-03;4;3;747;203;267;8;165;35;14;18;2;53;2;1;4;1;0;17;3
2009-03;5;3;1143;236;541;40;196;14;4;6;23;84;1;0;1;0;3;37;3
2009-03;6;3;695;204;195;9;145;7;8;28;7;20;6;3;6;1;1;25;6
2009-03;7;3;177;30;49;2;13;1;1;8;3;3;4;1;6;3;2;13;1
2009-03;9;3;748;162;311;26;88;12;4;27;50;49;3;3;1;0;7;35;2
2009-03;10;3;768;183;298;30;122;8;8;22;41;38;2;1;4;1;0;15;4
2009-03;12;3;662;134;240;26;69;7;7;8;9;20;4;4;8;0;3;34;3
2009-03;13;3;459;94;163;17;56;2;5;2;3;8;0;0;1;0;2;33;2
2009-03;14;3;795;141;345;42;87;9;8;7;10;37;3;1;3;2;0;29;1
2009-03;15;3;389;57;127;7;31;2;9;10;4;22;3;2;0;0;3;22;1
2009-03;16;3;1476;283;572;91;132;8;20;70;87;70;3;3;8;0;7;89;3
2009-03;17;3;674;195;180;9;105;4;16;38;15;14;3;1;6;2;2;14;7
2009-03;18;3;681;260;206;19;151;15;7;53;13;26;0;0;3;0;0;12;3
2009-03;19;3;715;226;258;29;128;11;11;48;7;35;7;1;8;5;1;28;2
2009-03;20;3;686;257;167;17;137;23;8;66;26;18;2;1;2;1;1;36;2
2009-03;21;3;1151;384;254;36;216;14;47;82;22;25;13;5;21;6;1;84;13
2009-03;22;3;879;311;227;12;208;14;34;49;36;26;9;4;2;5;1;39;7
2009-03;23;3;961;351;303;31;229;52;16;53;25;58;3;3;1;0;2;34;2
2009-03;24;3;457;155;86;10;102;12;6;20;10;19;9;2;4;3;3;40;1
2009-03;25;3;592;214;109;21;101;14;10;51;10;13;9;6;6;1;1;32;2
2009-03;26;3;394;140;98;8;79;7;5;31;29;9;5;1;10;4;1;30;5
2009-03;27;3;1083;354;270;25;209;18;24;103;80;35;9;7;3;2;1;63;6
2009-03;28;3;594;208;129;19;151;13;11;36;23;22;4;3;4;1;2;55;7
2009-03;29;3;951;297;223;34;210;20;43;29;21;38;5;1;7;4;1;58;7
2009-03;30;3;608;188;142;19;128;13;16;30;28;13;9;2;10;5;2;60;4
2009-03;31;3;88;30;12;1;21;3;3;6;6;1;1;1;1;0;2;16;0
2009-03;32;3;1095;201;309;26;141;18;19;26;46;64;5;5;8;0;7;105;9
2009-03;33;3;943;256;185;26;159;14;19;56;29;28;18;13;7;4;5;123;9
2009-03;34;3;1556;484;287;58;313;9;32;114;38;31;24;15;16;9;9;176;24
2009-03;35;3;1872;308;398;67;192;23;20;57;80;19;34;33;15;1;13;357;17
2009-03;36;3;955;135;158;13;93;9;25;18;20;26;33;23;11;10;16;173;17
2009-03;37;3;705;130;230;27;74;12;18;29;20;65;6;5;0;0;1;69;6
2009-03;38;3;794;280;138;13;156;17;23;67;23;25;15;9;8;6;2;69;2
2009-03;39;3;1028;324;141;23;218;15;54;64;16;14;18;15;12;2;6;116;16
2009-03;40;3;609;253;109;8;182;11;31;42;15;16;9;6;0;2;3;56;8
2009-03;41;3;693;216;175;17;135;20;8;53;19;44;1;1;0;0;2;70;3
2009-03;43;3;313;23;58;7;14;1;6;7;2;21;8;8;0;0;5;64;3
2009-03;44;3;459;184;102;8;93;5;15;50;6;26;6;6;0;0;2;20;8
2009-04;1;3;988;206;333;89;183;10;8;3;16;43;0;0;1;0;0;35;3
2009-04;4;3;660;152;225;8;115;16;13;11;4;36;6;5;0;1;4;17;2
2009-04;5;3;1032;244;397;42;206;28;3;7;14;70;1;1;1;0;4;35;4
2009-04;6;3;546;130;124;5;86;3;8;19;10;8;12;4;8;8;0;32;5
2009-04;7;3;139;23;39;3;10;1;0;2;7;2;1;1;0;0;0;9;2
2009-04;9;3;610;150;254;17;84;7;8;23;38;40;1;1;3;0;1;16;1
2009-04;10;3;690;154;264;26;102;12;10;16;29;27;3;3;0;0;0;26;2
2009-04;12;3;591;83;217;36;50;3;5;2;4;20;6;0;13;6;1;37;1
2009-04;13;3;459;88;163;27;50;4;8;3;5;13;1;1;0;0;0;21;4
2009-04;14;3;682;126;298;20;80;6;8;11;6;42;0;0;4;0;0;22;0
2009-04;15;3;361;48;129;23;29;2;5;7;4;21;3;3;5;0;1;15;3
2009-04;16;3;1269;214;477;84;129;4;24;36;62;58;4;4;6;0;13;82;2
2009-04;17;3;606;173;171;3;87;4;20;41;12;32;0;0;14;0;0;25;2
2009-04;18;3;622;193;221;14;131;15;4;32;19;25;1;1;4;0;0;11;3
2009-04;19;3;571;163;202;31;103;7;7;28;12;10;1;1;1;0;0;32;1
2009-04;20;3;557;199;166;9;103;17;2;41;17;29;1;1;1;0;0;20;0
2009-04;21;3;1077;378;206;31;207;14;48;103;23;21;11;9;12;1;2;48;10
2009-04;22;3;839;293;225;16;183;24;21;56;37;24;8;4;0;4;1;41;5
2009-04;23;3;869;279;255;38;189;38;9;46;26;47;0;0;2;0;0;26;5
2009-04;24;3;419;155;76;13;101;12;2;30;10;15;5;5;6;0;1;29;4
2009-04;25;3;519;181;93;9;85;12;5;41;10;9;7;4;9;3;1;42;6
2009-04;26;3;410;149;99;5;80;16;4;34;27;12;9;3;6;5;0;19;1
2009-04;27;3;983;375;241;14;230;13;24;96;72;21;11;8;2;3;4;65;10
2009-04;28;3;523;151;123;16;102;5;10;28;21;16;2;2;4;0;2;55;1
2009-04;29;3;834;241;225;28;189;7;34;25;31;25;13;9;5;3;3;49;5
2009-04;30;3;619;195;124;14;133;21;9;29;22;20;9;4;3;4;7;70;8
2009-04;31;3;49;24;5;0;15;0;0;5;2;1;0;0;1;0;5;7;0
2009-04;32;3;1005;182;279;24;122;13;14;35;29;56;3;2;10;0;5;121;4
2009-04;33;3;800;235;143;19;155;18;12;50;28;18;8;7;8;1;2;74;5
2009-04;34;3;1310;373;247;53;252;15;17;76;41;17;19;15;12;4;16;170;16
2009-04;35;3;1672;294;357;53;213;19;32;43;67;15;35;33;8;1;8;274;25
2009-04;36;3;905;126;179;32;87;3;20;26;19;39;19;13;11;6;10;127;15
2009-04;37;3;649;114;229;30;59;9;13;26;17;56;8;5;9;3;1;41;2
2009-04;38;3;727;275;154;21;140;16;12;83;30;21;9;7;10;0;8;57;3
2009-04;39;3;939;334;95;14;184;15;24;94;22;9;13;9;18;4;4;77;10
2009-04;40;3;541;256;78;4;171;12;20;59;13;7;9;7;3;1;2;32;5
2009-04;41;3;619;175;169;16;107;16;8;41;30;54;0;0;0;0;4;49;1
2009-04;43;3;293;38;53;3;22;4;5;9;5;14;10;10;3;0;4;44;1
2009-04;44;3;505;192;120;10;83;6;12;67;8;24;9;7;6;0;1;37;4
2009-05;1;3;990;216;342;123;193;15;10;5;17;39;1;0;1;0;2;19;1
2009-05;4;3;676;139;246;12;123;14;9;1;4;43;3;3;8;0;1;16;2
2009-05;5;3;969;216;404;45;180;18;6;7;10;74;0;0;1;0;0;30;4
2009-05;6;3;521;132;121;9;93;9;4;12;10;16;8;4;8;4;1;33;0
2009-05;7;3;142;36;34;2;10;1;1;11;5;5;5;3;0;0;1;17;1
2009-05;9;3;687;173;271;26;91;15;7;48;37;49;2;2;1;0;1;36;1
2009-05;10;3;695;168;270;24;110;10;5;25;30;35;0;0;1;0;1;26;4
2009-05;12;3;649;103;254;32;69;7;5;4;2;31;0;0;2;0;1;40;1
2009-05;13;3;415;82;172;17;49;6;3;5;2;11;3;1;0;2;0;21;2
2009-05;14;3;694;144;291;36;95;16;2;14;3;38;0;0;3;0;1;30;2
2009-05;15;3;427;66;161;30;32;0;11;16;5;22;0;0;6;0;0;9;3
2009-05;16;3;1462;239;547;92;117;4;19;58;70;52;1;1;6;0;4;100;5
2009-05;17;3;835;242;228;15;136;10;17;59;10;29;4;2;7;2;3;24;2
2009-05;18;3;684;222;241;17;164;15;6;31;27;34;1;1;3;0;0;11;2
2009-05;19;3;721;199;247;49;113;14;6;40;15;27;3;3;6;0;2;32;2
2009-05;20;3;606;182;199;26;102;10;4;45;24;42;1;1;1;0;1;25;4
2009-05;21;3;1121;378;249;34;234;9;55;80;26;23;25;17;37;7;8;53;9
2009-05;22;3;814;274;245;20;176;18;17;54;18;22;13;9;3;4;3;37;6
2009-05;23;3;901;264;288;52;192;49;5;37;25;56;5;4;1;1;1;40;3
2009-05;24;3;424;148;87;15;113;10;6;23;13;11;0;0;5;0;4;45;0
2009-05;25;3;455;127;84;14;64;4;13;40;4;14;4;4;3;0;3;29;7
2009-05;26;3;379;123;97;8;73;14;3;25;15;10;5;3;0;2;3;25;1
2009-05;27;3;1035;380;215;36;223;25;18;120;71;21;17;16;2;0;5;80;7
2009-05;28;3;593;166;144;19;115;9;9;21;11;19;1;1;3;0;6;53;2
2009-05;29;3;924;299;245;39;219;12;44;42;27;20;11;8;1;1;2;54;4
2009-05;30;3;587;204;123;16;145;23;14;32;20;21;6;5;2;1;12;70;5
2009-05;31;3;44;18;7;0;8;1;1;3;1;1;1;1;0;0;1;2;1
2009-05;32;3;1027;182;283;36;117;22;14;33;36;40;4;4;7;0;9;115;7
2009-05;33;3;910;276;182;23;180;29;22;57;25;29;15;13;5;2;2;88;7
2009-05;34;3;1504;431;325;58;296;19;16;78;46;22;9;9;5;0;12;158;10
2009-05;35;3;1862;333;387;77;216;25;29;63;77;17;20;20;8;0;10;279;13
2009-05;36;3;909;141;165;20;103;8;20;22;14;32;30;27;6;2;14;152;11
2009-05;37;3;696;139;237;26;64;8;11;45;28;41;1;1;3;0;2;49;2
2009-05;38;3;751;273;127;18;145;23;19;63;28;21;8;2;4;5;2;58;5
2009-05;39;3;961;359;107;13;192;8;40;105;25;10;27;23;12;4;5;71;11
2009-05;40;3;526;223;88;9;152;5;20;46;18;17;11;6;4;4;4;46;2
2009-05;41;3;676;189;204;19;120;11;6;40;20;50;3;3;1;0;3;65;2
2009-05;43;3;299;34;57;10;26;6;9;4;7;17;6;6;0;0;2;66;4
2009-05;44;3;509;204;131;11;101;10;14;64;13;29;6;6;6;0;0;25;2
2009-06;1;3;1084;202;370;143;170;15;9;1;20;54;0;0;0;0;0;25;2
2009-06;4;3;648;157;226;12;123;29;10;5;4;34;8;6;3;2;2;16;7
2009-06;5;3;999;202;435;51;167;15;8;7;15;96;1;1;0;0;2;50;5
2009-06;6;3;492;109;100;22;79;12;7;12;10;18;5;3;1;2;4;32;5
2009-06;7;3;125;24;26;1;7;2;0;5;5;2;1;1;2;0;1;15;4
2009-06;9;3;609;158;252;20;89;12;5;29;32;39;1;1;0;0;1;23;1
2009-06;10;3;642;136;260;31;89;5;9;18;23;38;1;1;0;0;0;25;2
2009-06;12;3;617;125;226;31;73;8;4;3;6;26;0;0;5;0;3;36;1
2009-06;13;3;451;83;191;23;49;2;2;2;3;31;1;0;3;1;0;23;3
2009-06;14;3;596;127;250;26;89;12;9;12;6;47;1;1;0;0;1;20;2
2009-06;15;3;359;48;114;15;31;5;11;3;4;30;3;2;5;1;2;18;3
2009-06;16;3;1270;238;444;93;125;11;22;55;55;48;3;3;3;0;3;76;6
2009-06;17;3;670;187;170;11;115;10;18;26;9;19;0;0;0;0;1;19;3
2009-06;18;3;526;191;159;12;121;16;9;35;21;20;2;1;2;1;0;21;3
2009-06;19;3;646;158;225;46;99;15;5;28;14;23;7;2;1;5;1;37;4
2009-06;20;3;589;212;153;16;102;8;3;62;19;23;1;0;0;1;3;30;1
2009-06;21;3;967;292;225;24;184;9;49;60;19;22;22;13;17;9;5;27;8
2009-06;22;3;735;226;215;15;149;11;11;37;42;37;5;3;2;2;1;31;6
2009-06;23;3;798;228;274;32;156;35;4;39;20;52;4;3;2;1;1;41;3
2009-06;24;3;388;146;77;15;101;13;7;20;12;16;4;4;2;0;0;15;0
2009-06;25;3;493;182;90;14;94;6;5;48;9;3;2;0;4;2;0;21;4
2009-06;26;3;349;137;75;9;83;9;3;31;17;15;2;1;6;1;1;16;2
2009-06;27;3;1006;334;240;27;204;25;19;93;62;38;7;7;5;0;2;56;3
2009-06;28;3;535;152;138;22;94;12;15;32;11;25;3;3;2;0;4;52;4
2009-06;29;3;855;273;242;33;205;10;45;34;34;17;5;4;6;1;2;35;2
2009-06;30;3;576;189;152;17;134;6;13;29;41;24;0;0;1;0;5;42;3
2009-06;31;3;34;12;10;1;7;2;1;5;3;1;0;0;2;0;0;3;0
2009-06;32;3;928;207;250;30;164;31;11;24;31;54;6;6;3;0;3;78;6
2009-06;33;3;843;229;202;19;162;16;19;38;31;30;16;13;7;3;5;80;2
2009-06;34;3;1377;412;287;53;318;12;26;51;41;26;12;6;15;5;10;153;12
2009-06;35;3;1861;317;347;80;222;21;40;43;51;15;16;13;4;3;18;265;24
2009-06;36;3;887;138;178;19;96;11;18;23;9;24;17;11;14;5;11;110;21
2009-06;37;3;667;135;246;29;73;13;14;43;37;38;5;2;2;3;4;49;1
2009-06;38;3;674;211;148;17;122;7;7;54;25;30;11;8;6;3;1;55;5
2009-06;39;3;874;329;103;18;209;20;41;60;15;14;28;21;10;6;5;68;5
2009-06;40;3;567;260;80;8;180;14;22;54;16;13;5;4;5;0;2;42;6
2009-06;41;3;558;150;165;38;99;10;7;26;19;39;4;0;1;4;2;30;0
2009-06;43;3;316;25;52;4;14;1;5;5;4;11;4;4;1;0;4;80;3
2009-06;44;3;540;219;123;7;127;9;25;52;7;27;5;2;4;3;0;28;5
2009-07;1;3;891;166;328;110;139;24;14;1;14;53;1;1;2;0;0;23;1
2009-07;4;3;776;137;273;83;104;14;7;9;4;51;5;5;1;0;1;16;12
2009-07;5;3;980;179;453;55;141;21;7;11;18;82;0;0;1;0;4;35;5
2009-07;6;3;523;124;111;11;88;10;10;13;11;19;11;7;7;4;1;25;5
2009-07;7;3;141;29;33;3;15;2;0;4;4;3;1;1;2;0;1;14;0
2009-07;9;3;645;133;272;28;90;15;6;17;38;47;9;2;3;6;1;30;1
2009-07;10;3;673;151;257;36;113;6;10;14;24;39;0;0;0;0;1;20;3
2009-07;12;3;629;113;224;40;64;5;4;2;6;16;0;0;0;0;1;33;3
2009-07;13;3;450;78;211;33;54;3;4;3;6;22;1;1;0;0;0;9;1
2009-07;14;3;684;109;298;54;71;13;2;7;9;54;0;0;1;0;0;24;1
2009-07;15;3;398;60;156;21;34;3;7;9;8;23;0;0;1;0;0;17;6
2009-07;16;3;1289;226;502;94;133;11;20;41;65;63;3;2;2;0;4;92;3
2009-07;17;3;716;171;192;19;113;17;15;26;16;25;4;2;8;2;0;21;0
2009-07;18;3;542;184;168;19;107;23;8;52;18;35;3;1;5;2;1;23;1
2009-07;19;3;658;148;263;32;103;13;4;20;17;24;4;1;2;3;0;32;2
2009-07;20;3;542;174;160;14;105;3;6;34;21;19;7;5;1;2;1;17;2
2009-07;21;3;980;280;238;28;172;7;32;53;23;23;23;22;15;0;3;44;4
2009-07;22;3;771;236;227;11;134;20;7;53;31;38;11;6;4;5;2;33;1
2009-07;23;3;766;194;264;49;137;21;5;23;20;50;0;0;1;0;1;35;5
2009-07;24;3;377;127;77;18;83;12;7;26;17;11;1;0;2;1;1;23;2
2009-07;25;3;485;190;88;15;87;7;5;58;6;6;4;2;10;2;3;25;6
2009-07;26;3;355;121;91;6;78;10;3;17;19;10;0;0;1;0;4;20;3
2009-07;27;3;1007;355;234;39;209;12;20;86;71;21;8;5;0;2;2;78;5
2009-07;28;3;524;172;113;18;115;16;14;34;16;21;3;2;0;1;0;50;2
2009-07;29;3;956;255;264;38;202;11;41;33;29;25;14;7;6;7;4;59;7
2009-07;30;3;573;193;143;9;131;18;6;34;35;20;3;3;1;0;1;51;1
2009-07;31;3;45;16;6;0;13;1;1;3;1;1;1;1;0;0;0;2;0
2009-07;32;3;1104;214;274;34;160;20;17;20;30;61;7;7;7;0;18;111;9
2009-07;33;3;884;287;191;31;202;27;23;46;29;28;17;13;3;3;2;87;7
2009-07;34;3;1339;377;272;58;279;17;29;55;48;25;12;11;11;1;3;128;20
2009-07;35;3;1833;318;365;84;217;23;40;48;59;18;11;11;6;0;13;264;22
2009-07;36;3;837;119;175;19;78;3;14;21;27;33;20;16;3;4;4;135;21
2009-07;37;3;638;109;238;23;53;12;6;29;24;45;4;3;3;1;3;33;7
2009-07;38;3;693;250;142;20;136;22;19;57;22;34;7;2;16;5;1;46;11
2009-07;39;3;884;372;104;7;227;25;32;95;17;14;18;12;10;6;2;67;10
2009-07;40;3;503;188;84;6;128;14;17;35;12;17;8;4;11;3;0;30;3
2009-07;41;3;625;172;192;23;106;17;7;33;25;59;1;1;5;0;7;43;4
2009-07;43;3;284;21;52;2;14;3;6;2;4;11;1;1;1;0;2;63;3
2009-07;44;3;453;160;103;18;84;3;15;40;13;23;4;3;5;1;3;19;3
2009-08;1;3;1010;170;349;130;146;23;8;0;15;44;0;0;0;0;1;32;2
2009-08;4;3;797;162;304;32;123;12;16;8;6;41;1;1;0;0;0;16;5
2009-08;5;3;1074;168;497;46;135;17;10;6;22;89;1;0;6;1;0;40;1
2009-08;6;3;500;119;106;12;65;8;9;17;8;15;4;3;4;1;2;33;6
2009-08;7;3;162;38;29;3;12;4;0;10;6;3;2;0;5;2;1;13;1
2009-08;9;3;562;120;212;17;69;10;3;14;33;32;2;1;3;1;2;25;0
2009-08;10;3;662;136;274;41;94;20;6;18;31;49;0;0;0;0;2;18;3
2009-08;12;3;628;123;222;38;72;0;6;2;6;26;1;0;1;1;2;28;4
2009-08;13;3;408;72;164;16;48;2;0;4;4;22;0;0;0;0;0;21;1
2009-08;14;3;727;102;338;56;65;11;6;12;7;59;0;0;2;0;1;24;3
2009-08;15;3;359;31;154;9;17;2;6;7;7;23;1;1;4;0;1;16;3
2009-08;16;3;1288;194;497;78;118;7;18;27;65;73;2;2;2;0;7;73;5
2009-08;17;3;610;159;171;26;116;8;19;18;10;27;2;0;1;2;0;28;1
2009-08;18;3;515;190;154;14;105;12;10;24;16;17;3;1;3;2;1;12;2
2009-08;19;3;644;151;241;39;82;6;12;25;16;25;1;1;1;0;0;22;2
2009-08;20;3;547;158;142;20;87;6;4;41;11;23;1;0;2;1;1;42;0
2009-08;21;3;1003;302;228;19;162;5;40;67;14;17;7;4;29;3;1;44;9
2009-08;22;3;725;227;182;16;123;8;9;53;27;24;3;2;2;0;1;31;3
2009-08;23;3;813;216;269;46;144;28;5;34;17;59;1;1;2;0;1;35;4
2009-08;24;3;395;126;86;12;83;14;4;26;10;22;6;6;0;0;1;31;3
2009-08;25;3;487;158;105;13;68;3;7;48;9;5;4;3;17;1;5;23;5
2009-08;26;3;330;91;91;9;54;4;1;21;27;9;5;4;0;1;0;24;2
2009-08;27;3;967;316;220;38;186;19;21;84;65;22;7;5;10;2;4;73;6
2009-08;28;3;545;149;131;13;99;10;14;24;21;19;4;4;3;0;1;49;5
2009-08;29;3;857;236;219;40;184;25;43;25;23;17;11;9;2;2;2;39;2
2009-08;30;3;567;154;143;12;117;20;7;17;29;20;4;4;0;0;1;57;2
2009-08;31;3;29;7;5;3;5;1;0;1;2;0;3;1;0;2;0;4;1
2009-08;32;3;1035;172;265;40;135;22;19;13;39;55;9;9;8;0;4;120;15
2009-08;33;3;900;236;190;21;165;22;14;47;34;35;17;12;16;5;4;104;5
2009-08;34;3;1486;400;298;50;283;6;18;73;71;12;12;5;14;7;7;135;17
2009-08;35;3;1742;277;374;81;196;21;23;35;75;10;14;14;10;0;10;258;18
2009-08;36;3;858;111;186;26;86;6;17;15;28;30;21;15;6;6;3;126;15
2009-08;37;3;643;106;224;28;65;14;6;23;25;43;3;1;4;2;5;46;2
2009-08;38;3;669;269;117;16;135;19;13;70;21;27;6;5;2;0;4;50;5
2009-08;39;3;893;311;122;13;178;13;26;91;25;16;17;12;9;5;2;68;3
2009-08;40;3;450;171;79;5;111;14;6;36;19;6;2;2;2;0;1;26;5
2009-08;41;3;535;113;183;13;77;13;8;12;18;53;0;0;2;0;0;43;2
2009-08;43;3;296;18;70;1;11;2;4;6;11;10;8;8;4;0;5;68;1
2009-08;44;3;459;167;106;11;84;13;9;49;9;21;7;6;3;1;0;34;4
2009-09;1;3;1044;157;376;154;137;29;5;2;20;90;1;1;0;0;1;37;1
2009-09;4;3;730;177;299;6;140;13;16;15;1;48;2;2;2;0;3;16;5
2009-09;5;3;1029;185;498;61;150;12;6;4;15;93;1;0;2;1;0;33;6
2009-09;6;3;475;107;108;21;64;6;4;14;4;9;4;3;4;1;1;30;4
2009-09;7;3;122;24;30;2;13;3;0;4;2;1;7;2;2;5;0;3;1
2009-09;9;3;626;131;256;18;77;12;6;17;31;43;1;1;0;0;1;30;4
2009-09;10;3;620;138;270;24;86;13;9;13;23;60;0;0;1;0;1;19;0
2009-09;12;3;601;112;221;36;70;4;5;1;10;18;3;2;3;0;3;23;2
2009-09;13;3;447;71;199;21;48;10;3;0;4;28;0;0;0;0;0;13;1
2009-09;14;3;689;101;316;46;71;11;5;4;4;49;1;0;0;0;0;29;1
2009-09;15;3;409;62;150;15;42;4;10;7;5;32;1;1;4;0;1;26;1
2009-09;16;3;1366;202;557;114;126;12;13;30;57;70;0;0;1;0;5;78;6
2009-09;17;3;639;158;183;16;115;7;15;19;12;28;2;0;3;2;5;26;3
2009-09;18;3;460;112;185;15;70;11;9;17;18;35;0;0;0;0;1;15;0
2009-09;19;3;600;126;213;48;62;5;9;29;6;39;1;0;1;1;0;32;3
2009-09;20;3;557;166;165;11;101;10;4;36;16;28;6;1;9;4;0;32;3
2009-09;21;3;998;282;233;22;176;14;31;46;27;25;10;9;23;1;5;57;8
2009-09;22;3;719;175;231;14;94;10;5;38;46;23;10;10;9;0;2;30;6
2009-09;23;3;779;193;283;36;141;28;7;33;20;55;2;1;5;1;0;46;5
2009-09;24;3;417;125;91;12;83;5;5;16;7;16;10;10;1;0;1;40;2
2009-09;25;3;484;151;104;13;82;8;12;38;6;13;7;3;12;4;1;28;8
2009-09;26;3;299;83;85;8;57;6;2;18;15;9;2;0;3;2;0;25;1
2009-09;27;3;904;232;236;31;148;25;13;56;64;22;12;11;3;1;1;78;7
2009-09;28;3;534;152;132;16;114;11;13;16;18;18;3;3;3;0;0;58;2
2009-09;29;3;870;200;247;46;158;14;27;25;27;22;10;6;3;4;0;57;5
2009-09;30;3;540;146;105;11;118;14;8;20;17;17;4;0;4;4;4;56;2
2009-09;31;3;27;3;3;0;1;0;0;1;0;2;0;0;0;0;0;6;2
2009-09;32;3;933;132;267;25;98;21;6;17;32;46;4;3;4;0;3;102;10
2009-09;33;3;859;214;197;15;144;27;8;38;40;24;7;5;8;2;4;99;8
2009-09;34;3;1423;312;274;65;230;12;8;53;69;21;11;4;10;6;4;157;18
2009-09;35;3;1795;324;328;76;198;22;30;72;56;13;24;22;6;0;13;338;17
2009-09;36;3;863;114;175;19;86;6;13;10;32;24;14;14;6;0;11;155;15
2009-09;37;3;648;125;211;23;51;10;8;30;19;42;6;3;2;3;5;49;2
2009-09;38;3;676;205;134;16;106;16;12;48;28;24;9;8;7;1;2;64;5
2009-09;39;3;940;321;108;11;173;14;26;96;25;15;26;22;10;2;6;38;8
2009-09;40;3;474;188;69;9;127;20;9;39;13;12;3;1;3;1;0;33;2
2009-09;41;3;542;132;180;16;90;13;8;22;18;37;3;2;6;1;3;43;0
2009-09;43;3;289;28;60;5;17;1;3;6;8;11;10;10;8;0;4;63;5
2009-09;44;3;388;130;91;6;81;10;19;27;8;17;7;4;7;3;1;16;3
2009-10;1;3;812;160;310;97;136;18;13;3;11;57;1;1;0;0;0;37;3
2009-10;4;3;657;140;289;8;119;14;15;4;7;47;1;1;1;0;0;16;8
2009-10;5;3;1004;195;461;39;157;23;6;3;11;63;1;1;2;0;0;32;4
2009-10;6;3;433;124;97;12;80;9;6;18;6;14;6;3;6;2;1;21;1
2009-10;7;3;133;33;27;4;14;2;0;9;5;2;3;1;1;1;0;13;2
2009-10;9;3;657;140;271;14;92;12;5;14;46;40;8;4;5;4;0;43;2
2009-10;10;3;622;135;272;26;93;14;4;14;26;67;5;1;0;4;0;33;1
2009-10;12;3;593;101;265;26;61;8;5;3;3;29;0;0;1;0;0;34;5
2009-10;13;3;432;72;210;30;47;1;2;0;3;25;0;0;0;0;0;16;2
2009-10;14;3;628;107;285;41;71;12;9;2;6;46;0;0;1;0;0;20;2
2009-10;15;3;307;40;114;11;27;2;8;1;2;24;0;0;4;0;0;16;1
2009-10;16;3;1325;177;483;96;96;9;12;37;45;54;4;2;2;2;3;102;5
2009-10;17;3;609;140;179;12;84;6;14;24;8;27;3;2;3;1;2;27;1
2009-10;18;3;496;143;172;15;86;7;4;22;8;19;3;0;2;0;0;15;0
2009-10;19;3;538;107;202;31;58;9;1;22;12;33;4;1;2;3;2;24;1
2009-10;20;3;518;132;160;17;84;13;1;24;24;20;7;7;0;0;0;34;1
2009-10;21;3;978;280;238;14;176;9;41;49;27;27;18;10;5;8;10;47;9
2009-10;22;3;640;183;155;15;125;15;13;31;35;23;13;11;7;2;4;22;3
2009-10;23;3;802;202;285;55;154;26;5;20;26;58;9;8;2;1;0;37;1
2009-10;24;3;387;131;75;22;88;10;7;14;14;21;4;4;7;0;2;26;6
2009-10;25;3;500;159;101;20;86;3;15;31;3;12;12;6;6;5;3;40;4
2009-10;26;3;358;115;92;11;81;12;1;19;16;9;1;1;0;0;3;25;1
2009-10;27;3;878;302;170;22;187;13;10;73;47;16;10;4;3;6;4;73;6
2009-10;28;3;486;145;108;17;105;12;7;23;19;15;2;2;0;0;2;55;4
2009-10;29;3;861;199;299;40;146;10;29;29;27;24;9;6;2;3;1;56;2
2009-10;30;3;522;162;104;12;117;22;7;27;26;13;2;2;2;0;1;48;4
2009-10;31;3;26;6;4;1;4;0;1;1;1;2;0;0;0;0;0;3;0
2009-10;32;3;986;146;251;43;114;28;7;21;31;57;7;7;8;0;12;111;9
2009-10;33;3;842;227;191;20;163;26;8;35;51;41;17;15;3;2;3;94;5
2009-10;34;3;1346;383;297;41;260;14;17;76;85;29;6;1;12;5;6;128;14
2009-10;35;3;1724;298;360;56;204;23;27;49;58;17;9;8;2;0;14;286;26
2009-10;36;3;910;112;186;20;90;7;18;11;22;29;19;18;10;1;1;151;15
2009-10;37;3;644;100;218;25;43;8;7;29;23;47;6;6;5;0;1;49;7
2009-10;38;3;651;221;137;14;110;28;10;53;23;30;1;0;1;0;6;51;8
2009-10;39;3;876;311;107;9;157;12;17;91;20;11;18;12;7;5;3;66;4
2009-10;40;3;501;187;100;10;117;15;12;46;19;16;5;4;6;1;3;32;2
2009-10;41;3;545;99;176;12;71;7;9;18;21;42;2;2;2;0;1;59;3
2009-10;43;3;278;24;48;3;18;2;10;2;3;17;5;5;2;0;4;57;5
2009-10;44;3;405;126;103;8;72;13;22;30;7;23;4;4;2;0;3;38;7
2009-11;1;3;857;148;328;118;120;16;7;3;7;62;1;1;1;0;0;25;0
2009-11;4;3;736;161;331;14;132;14;15;10;6;72;2;1;0;1;1;16;7
2009-11;5;3;1035;212;450;38;184;17;10;5;11;66;0;0;1;0;1;52;2
2009-11;6;3;461;112;91;16;69;5;10;10;7;15;5;5;7;0;2;25;6
2009-11;7;3;154;28;23;4;11;0;0;10;4;3;2;2;0;0;0;15;1
2009-11;9;3;674;160;279;23;109;9;6;21;43;47;1;1;3;0;0;40;1
2009-11;10;3;632;154;246;24;114;12;10;15;25;57;0;0;0;0;1;42;4
2009-11;12;3;750;112;314;41;70;6;2;1;7;32;0;0;4;0;2;55;4
2009-11;13;3;475;66;232;18;48;4;7;0;6;30;2;0;5;2;1;18;0
2009-11;14;3;693;104;353;26;61;7;6;10;4;55;2;1;4;1;0;24;1
2009-11;15;3;386;50;146;14;30;1;9;6;5;27;0;0;0;0;1;24;2
2009-11;16;3;1385;199;529;91;124;11;16;25;75;55;1;1;5;0;2;115;8
2009-11;17;3;714;167;197;14;113;10;14;20;10;25;2;2;0;0;1;43;3
2009-11;18;3;634;176;236;7;110;12;15;27;22;41;3;2;3;0;0;29;1
2009-11;19;3;634;153;235;30;89;10;6;30;16;38;5;1;0;4;1;20;2
2009-11;20;3;595;147;180;13;87;11;5;36;15;31;7;2;3;5;1;41;3
2009-11;21;3;1028;314;249;18;196;8;43;59;28;31;7;1;11;6;1;47;10
2009-11;22;3;692;209;207;17;132;18;14;35;40;37;2;2;1;0;3;35;7
2009-11;23;3;782;214;264;38;151;35;11;37;20;54;2;2;0;0;0;44;1
2009-11;24;3;408;106;86;10;72;3;5;15;7;15;0;0;0;0;2;42;5
2009-11;25;3;471;125;93;10;64;3;3;30;6;9;3;2;5;1;1;38;4
2009-11;26;3;358;108;87;7;73;11;1;14;15;15;1;1;2;0;0;36;4
2009-11;27;3;883;270;193;25;146;13;13;83;60;18;9;9;4;0;4;86;8
2009-11;28;3;515;122;104;20;81;7;6;18;15;14;2;2;0;0;1;51;5
2009-11;29;3;746;219;188;36;170;20;25;28;19;18;14;12;5;2;1;67;1
2009-11;30;3;580;154;139;18;104;17;3;24;32;18;7;5;0;1;1;72;7
2009-11;31;3;20;3;4;0;2;1;0;1;2;0;0;0;0;0;0;4;0
2009-11;32;3;1059;156;259;51;111;12;6;25;19;54;8;8;5;0;8;151;14
2009-11;33;3;808;207;164;14;155;24;8;27;36;23;14;12;6;1;2;100;2
2009-11;34;3;1359;367;272;48;279;20;19;57;70;25;24;12;37;10;9;136;17
2009-11;35;3;1745;297;305;49;198;22;28;43;52;17;18;18;9;0;4;293;12
2009-11;36;3;883;116;181;18;82;5;14;13;19;29;21;21;5;0;2;142;20
2009-11;37;3;705;127;230;23;69;5;12;36;33;31;7;4;2;3;1;62;2
2009-11;38;3;652;196;110;9;104;23;3;45;17;24;10;7;5;2;1;65;11
2009-11;39;3;908;265;92;11;143;13;21;61;13;16;20;11;9;9;5;99;4
2009-11;40;3;481;156;73;5;94;16;6;39;9;12;7;5;7;2;0;52;4
2009-11;41;3;570;118;198;9;85;8;7;18;23;43;3;3;0;0;0;72;4
2009-11;43;3;338;27;65;6;20;6;5;2;4;15;5;5;3;0;2;78;5
2009-11;44;3;414;133;92;17;78;6;13;33;5;21;1;1;0;0;0;33;2
2009-12;1;3;870;186;340;93;154;14;8;2;5;49;5;5;0;0;0;26;1
2009-12;4;3;705;161;300;14;130;6;13;6;6;52;4;2;3;2;2;18;4
2009-12;5;3;962;215;437;45;177;12;5;3;13;79;0;0;2;0;0;51;3
2009-12;6;3;475;105;105;10;61;8;8;16;3;13;3;1;1;1;1;42;3
2009-12;7;3;150;36;39;2;12;0;0;12;2;3;0;0;1;0;0;20;1
2009-12;9;3;644;139;271;18;84;13;7;20;48;27;1;1;1;0;2;34;3
2009-12;10;3;666;147;283;30;97;20;6;19;29;76;1;1;0;0;1;27;4
2009-12;12;3;719;97;292;42;58;3;5;2;7;28;0;0;4;0;2;40;3
2009-12;13;3;486;73;198;22;44;5;1;1;7;20;2;1;8;1;0;19;3
2009-12;14;3;631;88;317;37;49;5;2;14;6;55;2;2;2;0;1;9;1
2009-12;15;3;397;51;154;15;25;4;8;6;4;32;1;1;0;0;1;24;0
2009-12;16;3;1297;173;477;64;110;9;20;25;56;73;6;5;1;0;2;101;4
2009-12;17;3;619;134;180;11;92;4;12;15;6;27;4;3;9;1;0;34;4
2009-12;18;3;525;134;217;14;77;9;3;27;20;39;2;2;1;0;1;18;2
2009-12;19;3;617;126;273;29;61;5;4;34;19;36;8;1;6;7;1;30;3
2009-12;20;3;608;177;162;18;89;8;2;56;16;24;4;3;4;1;0;30;2
2009-12;21;3;972;293;240;32;178;8;34;56;28;16;14;9;4;4;6;50;12
2009-12;22;3;726;195;227;13;133;14;14;37;26;36;9;4;2;4;1;50;3
2009-12;23;3;855;244;290;38;154;29;3;46;15;52;2;1;0;0;0;37;2
2009-12;24;3;378;98;92;14;68;8;5;19;15;20;0;0;5;0;0;47;1
2009-12;25;3;421;125;101;10;59;2;11;20;12;6;6;3;3;2;1;24;3
2009-12;26;3;340;134;67;7;75;14;5;28;14;8;6;3;3;3;0;24;8
2009-12;27;3;987;294;235;24;163;24;11;86;70;22;11;10;1;0;2;92;8
2009-12;28;3;487;119;97;12;85;16;8;19;22;10;4;4;1;0;3;68;6
2009-12;29;3;877;207;313;42;158;10;31;26;25;18;15;12;0;3;1;58;5
2009-12;30;3;528;157;124;11;110;14;12;24;15;19;9;9;4;0;1;52;9
2009-12;31;3;42;16;3;0;12;0;0;3;0;1;1;0;0;1;0;8;2
2009-12;32;3;1125;162;243;38;105;15;6;27;36;52;11;11;6;0;11;160;17
2009-12;33;3;803;210;212;24;139;24;18;37;47;42;7;4;6;1;2;74;5
2009-12;34;3;1374;378;317;37;266;25;17;60;78;24;17;8;23;8;1;106;15
2009-12;35;3;1809;309;383;50;206;20;27;48;69;14;28;26;8;1;9;283;31
2009-12;36;3;882;106;201;24;82;5;13;7;26;25;25;24;4;0;6;138;11
2009-12;37;3;681;120;254;27;59;7;7;27;12;40;0;0;2;0;2;38;2
2009-12;38;3;667;220;126;14;108;19;9;52;16;21;13;9;6;3;2;54;9
2009-12;39;3;986;331;109;14;171;11;16;90;18;12;20;17;5;2;4;80;10
2009-12;40;3;462;174;86;5;116;14;5;37;15;19;5;4;5;1;1;44;3
2009-12;41;3;569;97;189;16;72;9;5;15;25;36;1;1;2;0;2;56;2
2009-12;43;3;288;26;53;4;13;0;5;6;2;16;6;6;1;0;2;67;5
2009-12;44;3;424;133;124;8;74;8;10;34;4;33;5;4;4;0;0;15;4
2010-01;1;3;833;170;279;124;138;16;7;1;3;50;0;0;0;0;0;25;2
2010-01;4;3;791;170;333;18;134;10;7;13;7;53;1;1;1;0;0;32;3
2010-01;5;3;1092;222;492;33;176;11;5;4;9;71;2;1;2;1;2;59;2
2010-01;6;3;563;111;158;9;74;7;6;11;12;20;9;8;7;1;4;41;4
2010-01;7;3;164;33;50;2;13;3;0;5;5;3;2;2;7;0;0;16;3
2010-01;9;3;657;139;260;17;94;13;4;13;58;29;0;0;5;0;2;38;1
2010-01;10;3;656;124;270;40;87;20;7;9;30;53;0;0;0;0;1;36;3
2010-01;12;3;890;104;475;31;70;4;2;0;10;46;0;0;0;0;0;52;9
2010-01;13;3;520;73;223;20;46;5;4;2;4;22;1;1;7;0;0;31;0
2010-01;14;3;750;100;403;24;71;7;4;3;5;71;0;0;0;0;1;26;0
2010-01;15;3;339;26;130;11;13;0;5;6;9;26;1;1;1;0;2;22;2
2010-01;16;3;1380;164;618;56;95;7;15;15;97;84;8;4;12;2;4;111;5
2010-01;17;3;529;122;169;3;74;5;10;20;15;31;1;1;1;0;1;15;6
2010-01;18;3;441;115;177;16;78;15;4;16;26;28;5;2;1;3;1;16;0
2010-01;19;3;596;154;196;29;87;16;5;36;8;26;0;0;2;0;1;37;5
2010-01;20;3;566;154;150;19;82;10;3;43;12;29;3;0;0;3;3;35;2
2010-01;21;3;1031;327;242;27;161;4;37;101;25;23;24;17;15;3;2;42;16
2010-01;22;3;756;248;218;21;141;23;5;66;22;34;6;2;5;4;3;30;7
2010-01;23;3;751;206;237;58;146;31;8;35;16;38;1;1;5;0;1;36;4
2010-01;24;3;383;118;79;10;80;12;3;25;5;13;7;6;2;1;0;39;4
2010-01;25;3;494;141;111;11;74;7;5;30;13;6;8;5;4;1;0;41;2
2010-01;26;3;346;97;87;6;55;9;1;24;20;8;5;2;3;3;0;37;3
2010-01;27;3;925;267;197;15;142;19;8;77;43;24;14;7;1;5;6;66;6
2010-01;28;3;486;140;92;13;83;10;4;33;15;7;5;4;1;1;1;59;2
2010-01;29;3;711;207;196;31;153;10;26;27;24;16;17;12;0;3;0;62;4
2010-01;30;3;577;168;132;19;109;25;4;34;21;24;2;2;3;0;1;77;6
2010-01;31;3;30;10;5;0;7;1;2;3;0;0;0;0;1;0;0;6;1
2010-01;32;3;1013;153;244;35;113;18;9;12;20;47;9;7;6;1;10;160;16
2010-01;33;3;785;211;165;29;128;16;10;47;30;26;3;3;2;0;4;96;8
2010-01;34;3;1430;442;237;51;313;23;14;77;45;24;12;7;5;5;5;171;21
2010-01;35;3;1816;314;317;55;184;20;21;70;46;11;21;21;16;0;11;343;24
2010-01;36;3;927;117;176;20;87;11;10;14;9;21;23;22;4;1;8;174;12
2010-01;37;3;768;122;256;25;62;7;3;29;22;32;6;3;1;3;7;72;9
2010-01;38;3;652;199;99;10;96;20;13;55;13;15;7;3;2;3;3;68;5
2010-01;39;3;835;279;119;9;136;6;16;93;11;9;20;13;11;7;6;93;5
2010-01;40;3;473;186;64;4;119;14;17;53;7;10;8;7;0;1;0;37;3
2010-01;41;3;550;103;152;17;60;7;4;18;25;35;2;2;0;0;1;74;8
2010-01;43;3;293;19;54;6;14;1;5;5;2;16;3;3;3;0;5;60;5
2010-01;44;3;481;144;135;8;74;18;5;54;10;27;5;4;0;0;0;25;0
2010-02;1;3;1013;153;463;97;126;17;7;1;9;77;2;2;0;0;0;25;2
2010-02;4;3;714;167;296;8;137;22;14;8;4;43;3;3;11;0;1;23;7
2010-02;5;3;1669;234;1056;44;182;10;4;5;9;134;2;2;4;0;1;59;1
2010-02;6;3;579;110;182;10;75;6;5;16;9;19;4;2;1;2;0;19;7
2010-02;7;3;310;43;159;2;17;1;0;5;7;17;0;0;1;0;0;14;3
2010-02;9;3;757;141;366;24;90;12;2;16;61;42;2;2;0;0;3;37;3
2010-02;10;3;624;131;263;32;92;16;11;12;22;63;1;1;0;0;1;23;3
2010-02;12;3;902;86;401;56;53;5;4;0;4;23;0;0;3;0;1;76;5
2010-02;13;3;532;65;279;18;54;11;4;0;4;27;0;0;0;0;1;26;3
2010-02;14;3;1514;132;1042;39;104;13;5;1;16;117;0;0;5;0;3;24;3
2010-02;15;3;405;29;194;11;23;1;8;1;21;32;3;3;3;0;0;18;3
2010-02;16;3;1479;193;597;78;115;10;20;29;108;63;3;3;4;0;4;114;5
2010-02;17;3;531;130;168;12;86;5;11;17;10;32;3;2;5;1;2;23;8
2010-02;18;3;535;148;217;19;96;12;4;15;13;27;3;3;0;0;0;29;4
2010-02;19;3;593;124;213;30;90;10;0;7;10;27;2;0;3;2;0;40;3
2010-02;20;3;621;177;183;16;119;9;6;35;17;27;3;1;2;2;3;35;0
2010-02;21;3;955;273;231;18;159;7;31;63;16;19;6;3;5;3;3;42;13
2010-02;22;3;765;218;210;24;139;14;12;40;29;41;8;8;3;0;2;61;10
2010-02;23;3;718;225;230;44;163;26;8;35;21;55;3;1;1;2;1;34;2
2010-02;24;3;384;134;87;14;92;8;11;19;12;14;1;1;3;0;1;46;1
2010-02;25;3;495;181;101;7;91;6;11;39;10;11;13;5;7;8;1;35;1
2010-02;26;3;365;141;84;11;85;8;2;28;16;13;3;2;4;0;4;18;2
2010-02;27;3;880;253;192;21;142;10;8;73;42;6;4;4;0;0;2;81;4
2010-02;28;3;451;125;102;11;81;4;4;23;12;15;0;0;2;0;4;59;3
2010-02;29;3;810;199;223;45;156;4;22;26;28;16;11;8;2;3;0;52;10
2010-02;30;3;503;135;122;13;85;17;7;36;28;26;2;1;0;1;1;66;7
2010-02;31;3;37;7;7;0;6;1;0;1;0;2;0;0;0;0;0;11;0
2010-02;32;3;1064;132;255;34;91;11;3;17;19;57;7;7;5;0;13;160;14
2010-02;33;3;692;217;153;14;132;24;9;58;20;32;4;3;9;1;11;81;4
2010-02;34;3;1273;384;258;47;261;19;15;69;43;34;14;10;17;4;7;135;16
2010-02;35;3;1796;328;356;63;210;14;13;65;43;46;30;29;9;0;13;330;24
2010-02;36;3;785;87;181;14;58;4;9;14;20;34;14;14;12;0;4;118;14
2010-02;37;3;696;129;245;26;81;11;14;25;24;41;1;1;1;0;4;46;1
2010-02;38;3;649;183;106;22;100;12;12;41;18;19;3;1;6;1;3;70;5
2010-02;39;3;827;283;101;4;147;3;15;89;12;19;23;14;2;9;12;68;6
2010-02;40;3;427;169;90;2;117;14;8;37;9;14;1;1;4;0;4;27;2
2010-02;41;3;523;95;150;13;57;7;5;19;20;26;1;1;0;0;5;76;6
2010-02;43;3;244;16;67;2;12;0;3;2;6;16;2;2;1;0;0;56;3
2010-02;44;3;423;137;112;3;76;8;16;28;7;25;3;1;0;2;3;31;4
2010-03;1;3;943;127;389;153;99;11;10;2;5;63;1;1;0;0;2;25;2
2010-03;4;3;815;201;323;11;164;22;21;10;8;52;0;0;5;0;0;29;2
2010-03;5;3;1306;228;614;74;182;17;7;6;4;114;3;3;3;0;1;65;0
2010-03;6;3;648;156;186;15;106;14;10;22;9;32;6;5;6;1;0;39;2
2010-03;7;3;215;49;53;7;23;2;1;15;2;8;2;2;4;0;0;16;2
2010-03;9;3;734;191;289;27;125;8;8;20;65;32;2;1;1;0;1;32;2
2010-03;10;3;728;162;309;37;110;24;4;17;48;75;2;2;1;0;2;27;1
2010-03;12;3;974;120;365;79;75;3;10;0;10;19;0;0;2;0;2;75;7
2010-03;13;3;417;64;186;26;43;2;6;0;3;30;0;0;0;0;0;22;2
2010-03;14;3;764;114;311;44;81;4;3;5;2;55;0;0;0;0;2;40;2
2010-03;15;3;425;43;140;16;29;2;6;4;9;26;7;1;0;6;1;30;3
2010-03;16;3;1651;258;618;113;155;18;20;37;69;94;5;5;3;0;6;126;8
2010-03;17;3;581;157;180;18;122;13;16;15;9;27;4;4;1;0;3;21;4
2010-03;18;3;546;143;201;19;99;20;5;16;23;35;0;0;0;0;4;24;1
2010-03;19;3;673;140;228;47;95;10;3;18;12;23;3;0;3;3;2;57;6
2010-03;20;3;633;185;180;22;124;12;3;26;19;26;2;0;0;2;1;38;3
2010-03;21;3;1099;312;262;27;192;14;43;65;22;34;5;4;12;1;5;51;6
2010-03;22;3;896;263;237;28;172;18;23;44;34;38;7;5;5;1;8;54;6
2010-03;23;3;857;259;285;49;170;33;11;45;27;70;3;2;2;1;0;40;3
2010-03;24;3;446;183;91;14;113;7;12;28;12;17;1;0;0;1;2;45;1
2010-03;25;3;513;185;92;16;97;11;8;39;4;8;8;5;8;3;1;33;2
2010-03;26;3;389;160;73;17;63;9;3;50;10;12;5;5;1;0;1;29;6
2010-03;27;3;1039;324;225;17;180;21;10;91;49;33;9;4;2;4;2;100;7
2010-03;28;3;535;149;115;15;90;7;11;33;20;17;6;6;2;0;4;52;1
2010-03;29;3;838;239;242;25;182;15;32;27;28;13;9;9;4;0;5;44;3
2010-03;30;3;591;180;130;25;117;22;12;35;25;21;3;3;2;0;0;60;4
2010-03;31;3;67;15;5;4;9;3;3;4;2;1;0;0;0;0;1;12;2
2010-03;32;3;1184;159;315;40;125;21;9;16;32;67;4;4;19;0;9;167;13
2010-03;33;3;861;268;193;20;168;32;13;67;45;36;13;8;4;4;4;70;2
2010-03;34;3;1407;429;280;51;283;24;11;111;57;29;15;10;10;5;8;144;15
2010-03;35;3;1962;352;356;91;240;15;30;63;39;22;32;30;12;0;9;370;23
2010-03;36;3;884;101;208;19;72;3;8;12;18;38;23;18;5;5;6;114;12
2010-03;37;3;770;154;243;36;79;8;6;44;18;45;4;2;2;2;5;59;4
2010-03;38;3;718;237;123;17;136;21;21;58;18;16;7;4;1;3;3;56;9
2010-03;39;3;938;379;118;10;194;10;29;104;19;11;24;11;7;12;2;86;9
2010-03;40;3;506;185;88;7;123;10;15;44;12;13;9;4;10;4;1;40;6
2010-03;41;3;600;109;178;20;74;12;2;20;20;38;3;3;2;0;0;61;3
2010-03;43;3;313;23;81;4;15;4;1;5;3;27;3;3;7;0;1;70;4
2010-03;44;3;520;187;125;15;110;14;36;31;11;15;3;3;0;0;0;30;2
2010-04;1;3;826;139;320;113;107;15;6;2;5;56;0;0;1;0;0;15;0
2010-04;4;3;640;158;256;4;132;10;13;9;2;44;2;2;1;0;2;17;3
2010-04;5;3;1012;182;419;55;144;12;5;5;9;67;1;1;2;0;0;74;3
2010-04;6;3;456;106;109;10;65;4;3;24;11;24;3;3;2;0;1;28;1
2010-04;7;3;204;68;37;5;32;1;0;15;5;2;2;2;0;0;1;16;1
2010-04;9;3;616;150;259;30;96;9;7;30;42;32;0;0;0;0;0;32;2
2010-04;10;3;636;151;270;25;104;18;9;15;32;63;0;0;0;0;0;27;5
2010-04;12;3;751;87;301;43;47;4;5;0;1;18;3;3;3;0;3;51;4
2010-04;13;3;380;53;147;20;33;4;5;0;4;12;0;0;0;0;0;26;1
2010-04;14;3;752;116;311;45;89;13;8;1;7;51;0;0;1;0;2;36;5
2010-04;15;3;382;47;134;15;30;1;10;0;5;25;3;3;0;0;1;24;3
2010-04;16;3;1355;155;539;129;101;14;15;19;49;116;5;5;4;0;1;111;5
2010-04;17;3;549;162;171;8;120;6;16;17;6;36;1;1;3;0;1;27;4
2010-04;18;3;535;126;208;13;82;8;7;22;12;40;1;1;0;0;1;19;1
2010-04;19;3;676;129;221;49;83;10;6;22;14;20;1;1;2;0;1;47;4
2010-04;20;3;595;200;139;17;136;12;4;28;9;25;2;0;1;1;1;34;2
2010-04;21;3;998;331;238;9;192;15;41;67;18;24;20;15;12;5;2;43;6
2010-04;22;3;773;284;196;21;183;23;11;57;26;22;6;3;1;2;3;47;8
2010-04;23;3;739;224;224;37;148;30;10;42;14;65;1;1;0;0;1;37;1
2010-04;24;3;379;122;91;17;72;5;4;28;9;19;5;4;1;1;2;36;3
2010-04;25;3;520;201;112;10;94;7;14;59;8;20;3;3;3;0;0;19;2
2010-04;26;3;341;137;82;2;57;9;6;33;20;13;0;0;2;0;0;32;2
2010-04;27;3;910;314;216;25;180;15;13;84;57;19;13;9;3;4;2;83;2
2010-04;28;3;491;146;99;15;93;13;16;29;15;9;0;0;0;0;4;44;3
2010-04;29;3;776;255;226;46;202;5;53;31;23;18;9;4;0;4;2;41;2
2010-04;30;3;599;169;135;19;121;27;10;26;33;26;8;4;5;3;2;80;3
2010-04;31;3;37;6;6;0;3;3;0;3;1;1;0;0;1;0;0;14;0
2010-04;32;3;970;141;237;35;100;13;9;12;20;45;2;2;27;0;9;140;15
2010-04;33;3;813;204;187;23;131;27;9;39;55;35;10;7;15;3;6;77;7
2010-04;34;3;1223;361;262;36;222;11;8;87;42;33;24;6;20;18;3;102;13
2010-04;35;3;1794;333;372;64;238;10;26;53;59;32;23;22;6;1;14;294;29
2010-04;36;3;764;103;185;18;77;5;18;12;14;33;30;29;2;1;8;101;10
2010-04;37;3;664;125;200;32;55;5;9;40;11;19;2;2;8;0;5;57;2
2010-04;38;3;616;154;137;20;91;17;6;39;20;20;10;3;4;6;1;63;12
2010-04;39;3;789;290;86;14;158;8;25;91;12;5;24;16;7;6;4;76;8
2010-04;40;3;472;176;69;6;126;6;14;33;10;16;11;6;3;5;1;33;0
2010-04;41;3;535;104;150;16;69;11;8;15;17;31;0;0;5;0;2;60;1
2010-04;42;3;219;14;107;13;7;0;0;4;15;28;1;1;1;0;0;18;2
2010-04;43;3;245;15;48;3;12;6;0;2;4;17;3;3;0;0;6;61;4
2010-04;44;3;423;167;88;8;93;15;10;39;7;20;4;3;0;1;1;25;1
2010-05;1;3;1072;138;391;147;116;12;7;0;6;71;0;0;0;0;0;26;2
2010-05;4;3;707;136;307;16;108;13;15;11;6;53;5;5;0;0;0;20;1
2010-05;5;3;1112;206;511;60;167;15;4;5;6;77;0;0;0;0;0;36;5
2010-05;6;3;496;108;102;11;73;10;7;15;7;16;4;1;2;2;1;32;5
2010-05;7;3;179;33;32;4;17;0;0;7;2;4;0;0;6;0;2;16;0
2010-05;9;3;737;181;328;23;123;19;6;17;60;54;3;0;4;2;1;17;1
2010-05;10;3;767;157;320;64;124;23;11;9;48;61;0;0;0;0;2;43;4
2010-05;12;3;847;88;327;74;53;4;8;1;4;36;0;0;0;0;1;43;4
2010-05;13;3;399;51;149;21;29;1;1;0;3;17;0;0;0;0;0;24;2
2010-05;14;3;820;112;386;54;84;9;3;2;8;100;1;1;4;0;0;33;1
2010-05;15;3;411;52;153;25;37;7;10;2;5;30;1;1;0;0;4;23;3
2010-05;16;3;1204;130;460;106;82;7;9;13;52;69;1;1;1;0;2;63;7
2010-05;17;3;625;142;204;15;92;6;13;17;7;37;1;1;7;0;0;30;4
2010-05;18;3;584;183;200;26;124;15;7;24;13;37;0;0;1;0;1;21;1
2010-05;19;3;742;119;257;53;84;14;2;11;17;21;0;0;0;0;1;35;2
2010-05;20;3;788;194;157;17;117;11;3;38;24;28;3;1;0;2;1;30;3
2010-05;21;3;1051;299;220;22;187;9;34;49;14;18;22;6;4;16;2;43;5
2010-05;22;3;782;240;204;28;148;17;9;42;24;37;3;1;2;2;1;56;6
2010-05;23;3;861;242;290;62;169;39;8;34;19;75;0;0;1;0;1;41;2
2010-05;24;3;427;106;94;20;64;9;7;20;9;14;3;2;3;0;3;37;3
2010-05;25;3;551;190;92;11;79;7;11;56;2;8;2;1;3;1;1;37;4
2010-05;26;3;396;126;96;13;68;7;2;30;26;8;0;0;4;0;2;30;3
2010-05;27;3;870;270;222;22;166;19;14;68;50;11;7;2;3;5;0;55;5
2010-05;28;3;508;122;125;20;75;12;8;27;21;13;3;3;1;0;8;62;7
2010-05;29;3;810;211;282;48;170;8;45;17;32;24;8;8;1;0;0;29;6
2010-05;30;3;623;195;149;16;151;31;9;22;33;41;3;1;0;2;3;62;2
2010-05;31;3;42;13;5;1;9;2;1;1;1;1;0;0;1;0;0;6;1
2010-05;32;3;1151;134;302;56;106;17;5;10;28;64;4;3;3;1;9;171;13
2010-05;33;3;852;237;235;21;163;32;11;41;64;37;6;6;5;0;6;71;2
2010-05;34;3;1380;379;289;35;247;13;12;76;56;35;21;9;18;11;7;131;20
2010-05;35;3;1895;317;350;98;206;10;15;50;36;35;30;27;8;0;16;303;19
2010-05;36;3;787;89;191;17;72;9;12;12;17;42;18;15;4;3;4;93;6
2010-05;37;3;805;151;254;30;83;6;10;35;19;34;9;9;0;0;3;73;4
2010-05;38;3;648;169;128;16;99;19;8;45;21;14;10;4;2;6;3;56;7
2010-05;39;3;808;267;106;11;157;4;17;73;15;11;17;7;26;9;5;66;8
2010-05;40;3;448;143;76;13;98;15;10;28;8;14;7;7;3;0;2;32;1
2010-05;41;3;575;99;170;25;63;9;5;13;24;38;5;4;1;0;7;56;1
2010-05;42;3;605;74;235;25;46;3;5;11;34;45;2;2;2;0;3;64;1
2010-05;43;3;271;20;50;4;12;3;2;4;2;17;3;3;1;0;2;53;3
2010-05;44;3;436;130;95;10;66;13;8;33;4;11;3;3;0;0;1;37;3
2010-06;1;3;985;124;399;166;87;5;7;0;18;69;0;0;1;0;0;30;0
2010-06;4;3;652;123;273;13;99;13;13;6;5;45;2;1;0;0;0;23;8
2010-06;5;3;937;165;420;63;139;8;4;1;10;74;1;1;3;0;1;47;4
2010-06;6;3;468;109;95;13;76;12;4;15;9;21;3;3;3;0;5;19;5
2010-06;7;3;133;25;33;3;13;0;0;4;3;0;1;1;0;0;0;15;0
2010-06;9;3;584;132;259;12;89;11;3;17;58;31;4;2;0;2;2;23;4
2010-06;10;3;673;112;298;44;88;13;8;7;47;56;0;0;0;0;0;39;1
2010-06;12;3;904;54;374;69;31;3;1;1;9;25;0;0;0;0;0;35;3
2010-06;13;3;399;37;175;15;23;2;2;0;1;17;1;1;0;0;0;30;3
2010-06;14;3;731;75;311;45;54;11;3;2;7;72;0;0;1;0;0;34;3
2010-06;15;3;401;57;105;24;39;8;8;4;6;23;1;1;0;0;6;26;2
2010-06;16;3;1133;131;448;73;88;10;4;16;50;107;1;1;1;0;3;64;2
2010-06;17;3;551;127;193;14;90;9;12;11;6;32;4;4;0;0;5;27;3
2010-06;18;3;523;146;183;21;86;10;4;33;9;27;0;0;2;0;3;22;3
2010-06;19;3;796;114;289;55;80;7;5;13;9;37;3;3;2;0;1;51;3
2010-06;20;3;725;118;145;15;74;8;1;28;15;25;3;2;1;1;3;49;3
2010-06;21;3;984;320;230;20;190;16;33;71;22;17;10;8;8;2;5;46;10
2010-06;22;3;785;266;187;25;165;25;9;64;23;38;3;2;0;1;1;51;6
2010-06;23;3;788;201;258;54;118;25;7;38;18;67;2;1;5;1;2;34;5
2010-06;24;3;391;119;90;19;76;6;9;24;10;10;4;3;0;0;0;32;3
2010-06;25;3;521;179;101;16;81;12;5;42;2;11;4;2;1;2;1;41;6
2010-06;26;3;416;145;91;11;73;11;4;40;6;12;3;2;2;0;0;32;4
2010-06;27;3;829;235;218;24;141;18;13;68;41;16;7;4;3;3;1;62;3
2010-06;28;3;534;173;124;15;128;9;17;25;19;20;2;2;5;0;5;47;2
2010-06;29;3;671;178;230;36;132;6;30;21;30;19;9;6;1;3;1;46;0
2010-06;30;3;577;152;129;24;105;22;10;25;21;39;10;9;2;1;1;57;5
2010-06;31;3;104;34;17;5;10;3;1;19;4;3;0;0;0;0;1;11;1
2010-06;32;3;1062;131;288;53;89;23;5;13;22;59;1;0;4;1;10;148;14
2010-06;33;3;832;221;203;32;140;31;17;47;51;37;4;3;3;1;4;96;3
2010-06;34;3;1263;350;278;41;219;9;18;86;59;23;15;9;12;6;8;91;12
2010-06;35;3;1777;313;369;80;210;26;21;44;42;63;15;12;5;0;10;263;17
2010-06;36;3;854;105;204;25;81;5;10;12;11;49;9;7;3;1;5;110;15
2010-06;37;3;797;167;253;23;86;10;9;43;21;46;4;2;2;2;1;57;8
2010-06;38;3;609;166;114;17;98;14;9;35;16;16;4;3;4;0;2;56;10
2010-06;39;3;805;275;96;18;139;3;39;88;11;4;26;10;7;14;6;60;6
2010-06;40;3;391;159;68;10;107;9;14;29;11;7;3;0;0;2;3;30;1
2010-06;41;3;612;102;193;22;74;16;6;9;40;35;0;0;0;0;1;61;4
2010-06;42;3;446;54;137;20;34;1;5;9;23;18;0;0;4;0;3;53;2
2010-06;43;3;255;17;49;5;13;3;2;1;5;16;3;3;2;0;1;63;4
2010-06;44;3;386;118;106;5;71;6;7;22;12;19;2;1;1;0;1;25;4
2010-07;1;3;1109;177;392;126;116;10;8;2;20;74;0;0;2;0;1;52;2
2010-07;4;3;720;144;284;23;113;9;4;8;6;52;0;0;2;0;3;28;2
2010-07;5;3;1048;177;460;72;150;20;3;3;12;91;1;1;1;0;1;52;1
2010-07;6;3;443;96;84;8;64;6;6;14;8;7;2;2;5;0;3;36;0
2010-07;7;3;152;35;33;0;20;1;0;5;4;3;0;0;2;0;0;21;0
2010-07;9;3;595;129;263;26;89;10;10;20;41;36;1;1;2;0;2;30;0
2010-07;10;3;616;110;265;37;80;15;7;9;42;57;1;0;2;0;0;28;5
2010-07;12;3;754;50;328;45;31;1;6;0;5;33;0;0;2;0;2;50;4
2010-07;13;3;366;27;155;24;18;3;2;0;2;29;0;0;3;0;1;23;2
2010-07;14;3;631;78;251;35;57;8;5;0;11;57;0;0;1;0;0;31;3
2010-07;15;3;353;49;112;20;31;3;10;4;8;18;2;2;1;0;2;12;1
2010-07;16;3;1147;126;434;79;83;8;8;10;49;69;0;0;0;0;2;50;4
2010-07;17;3;616;150;172;8;101;11;18;16;5;23;3;1;0;1;2;28;8
2010-07;18;3;488;115;155;19;76;11;6;22;14;23;1;1;0;0;1;29;3
2010-07;19;3;727;103;238;44;68;4;2;8;10;35;2;1;0;0;5;53;3
2010-07;20;3;813;128;146;19;80;11;3;21;13;21;5;2;2;3;3;36;0
2010-07;21;3;936;275;212;16;168;13;32;63;18;21;4;3;7;0;4;37;3
2010-07;22;3;812;243;211;23;137;17;10;63;21;49;1;1;5;0;4;36;7
2010-07;23;3;780;211;264;47;155;33;7;31;10;59;2;2;2;0;1;36;4
2010-07;24;3;369;108;81;10;75;7;14;17;6;13;1;1;1;0;5;44;4
2010-07;25;3;505;163;119;13;89;8;12;36;6;20;2;0;4;1;2;36;0
2010-07;26;3;383;118;94;10;61;6;7;36;12;17;1;1;4;0;0;28;3
2010-07;27;3;830;269;179;29;165;22;13;69;54;9;5;3;2;2;3;75;6
2010-07;28;3;492;141;96;16;99;5;23;28;23;8;7;7;3;0;0;40;7
2010-07;29;3;717;203;228;41;165;2;59;20;32;20;11;9;0;2;3;27;2
2010-07;30;3;652;183;156;20;127;22;18;28;37;32;2;2;1;0;5;78;4
2010-07;31;3;90;33;13;4;14;3;1;19;4;1;0;0;1;0;1;13;1
2010-07;32;3;1168;127;288;64;89;19;3;23;23;66;1;1;6;0;8;177;12
2010-07;33;3;838;228;210;23;152;27;12;46;47;37;8;8;0;0;3;91;7
2010-07;34;3;1328;305;325;50;192;15;12;83;42;43;17;8;17;9;6;141;13
2010-07;35;3;1916;323;350;98;227;13;21;51;44;62;11;9;3;1;16;336;17
2010-07;36;3;848;106;202;17;84;12;13;11;9;39;10;10;7;0;9;130;9
2010-07;37;3;716;112;237;37;71;8;4;20;22;35;2;2;3;0;2;69;0
2010-07;38;3;662;164;136;31;87;14;8;35;23;11;8;4;2;4;2;73;10
2010-07;39;3;943;300;111;15;150;10;28;96;11;9;27;17;16;10;7;83;4
2010-07;40;3;413;158;74;8;95;19;14;38;9;10;6;6;0;0;1;36;1
2010-07;41;3;619;112;158;30;72;17;7;16;26;36;1;0;0;1;3;77;3
2010-07;42;3;475;51;155;26;31;4;3;9;24;11;3;3;0;0;4;63;1
2010-07;43;3;251;20;56;4;11;2;1;5;2;16;3;3;1;0;5;56;2
2010-07;44;3;450;144;106;10;80;13;11;39;8;16;7;2;4;5;4;28;2
2010-08;1;3;1005;122;352;154;104;12;10;1;12;65;0;0;0;0;3;46;2
2010-08;4;3;675;115;274;12;96;3;19;3;3;43;3;2;2;0;2;25;6
2010-08;5;3;1026;158;438;74;133;11;3;5;13;71;1;1;3;0;1;65;0
2010-08;6;3;516;94;109;19;68;6;11;8;8;24;4;2;6;2;0;35;4
2010-08;7;3;139;26;36;1;14;2;0;4;7;4;0;0;0;0;1;17;1
2010-08;9;3;617;151;257;27;104;14;14;18;39;35;0;0;1;0;0;23;2
2010-08;10;3;667;119;282;38;84;16;8;17;31;63;0;0;1;0;0;39;2
2010-08;12;3;846;77;318;75;52;2;8;1;5;34;1;0;4;0;3;61;3
2010-08;13;3;360;28;168;22;19;4;3;0;3;27;0;0;0;0;1;30;2
2010-08;14;3;741;94;275;57;65;18;1;2;14;47;0;0;1;0;2;25;3
2010-08;15;3;394;53;137;13;32;3;11;7;10;20;2;2;11;0;1;22;1
2010-08;16;3;1138;137;422;83;90;6;9;14;47;85;0;0;0;0;1;67;1
2010-08;17;3;634;160;184;21;106;9;12;18;4;23;3;3;7;0;6;30;1
2010-08;18;3;558;115;222;16;74;10;7;18;22;49;1;0;0;0;1;27;1
2010-08;19;3;736;97;220;54;80;12;4;8;6;22;1;1;2;0;0;64;4
2010-08;20;3;808;116;136;8;77;9;3;14;7;23;0;0;3;0;1;34;2
2010-08;21;3;884;257;203;28;159;11;35;61;5;27;6;6;9;0;4;45;3
2010-08;22;3;861;232;278;16;147;20;9;53;25;57;7;7;1;0;3;62;6
2010-08;23;3;815;232;248;45;161;30;3;29;16;51;4;4;1;0;0;45;3
2010-08;24;3;379;95;94;14;55;5;8;18;9;17;0;0;0;0;1;28;5
2010-08;25;3;521;151;113;14;84;8;5;32;3;9;4;2;8;1;2;36;6
2010-08;26;3;349;116;72;14;70;8;3;25;20;8;1;1;3;0;5;22;2
2010-08;27;3;892;293;209;25;178;13;12;83;46;18;7;7;0;0;8;55;4
2010-08;28;3;503;117;116;16;94;6;9;11;29;10;4;4;2;0;3;49;8
2010-08;29;3;800;204;248;42;148;9;36;20;27;22;4;4;4;0;3;48;2
2010-08;30;3;570;147;131;22;109;22;17;17;24;29;4;4;3;0;2;69;4
2010-08;31;3;159;60;26;1;32;3;2;18;6;4;0;0;0;0;0;20;1
2010-08;32;3;1223;131;296;57;91;12;11;19;28;67;3;3;15;0;5;181;19
2010-08;33;3;745;181;189;18;128;27;23;32;53;26;4;3;6;1;8;99;5
2010-08;34;3;1392;300;359;48;200;10;15;54;68;56;8;7;4;1;7;131;16
2010-08;35;3;1917;312;403;93;197;11;18;62;51;52;20;18;6;1;19;300;13
2010-08;36;3;959;108;181;26;84;7;12;14;8;40;17;17;1;0;9;166;19
2010-08;37;3;773;129;259;32;73;6;7;30;7;49;1;0;0;1;4;74;3
2010-08;38;3;664;220;114;12;141;13;20;45;27;12;4;4;2;0;2;58;6
2010-08;39;3;695;212;84;12;118;5;19;68;15;9;16;11;10;3;2;51;7
2010-08;40;3;399;149;84;12;107;13;14;25;8;22;4;3;4;1;3;31;0
2010-08;41;3;572;99;159;9;63;8;7;13;34;28;1;1;3;0;5;71;3
2010-08;42;3;475;51;145;24;23;1;6;12;42;9;1;1;0;0;1;43;3
2010-08;43;3;271;34;44;5;16;5;4;13;8;11;8;8;6;0;7;55;4
2010-08;44;3;457;125;116;13;83;6;9;24;9;18;1;1;1;0;3;32;3
2010-09;1;3;957;125;356;135;83;9;6;1;13;59;0;0;0;0;1;53;2
2010-09;4;3;703;121;322;15;91;9;12;1;1;52;1;1;2;0;1;32;4
2010-09;5;3;994;194;430;58;161;19;4;2;7;75;1;1;3;0;2;41;1
2010-09;6;3;416;73;96;19;51;3;2;9;4;20;3;3;1;0;3;36;1
2010-09;7;3;136;20;40;4;14;0;0;0;8;8;1;0;6;1;2;7;2
2010-09;9;3;610;122;268;21;75;13;12;10;38;34;0;0;0;0;2;31;5
2010-09;10;3;640;127;279;23;97;18;9;10;33;58;0;0;1;0;2;33;3
2010-09;12;3;757;64;291;63;36;1;2;1;5;22;1;1;3;0;2;47;3
2010-09;13;3;391;45;164;23;33;2;4;0;2;31;1;0;0;0;0;24;0
2010-09;14;3;678;60;267;50;46;11;3;2;9;43;0;0;0;0;0;31;2
2010-09;15;3;396;45;128;24;27;5;9;7;13;22;0;0;2;0;1;30;1
2010-09;16;3;1045;140;373;77;91;7;13;17;42;60;0;0;0;0;3;81;4
2010-09;17;3;585;135;229;12;98;10;15;14;4;31;1;1;3;0;0;31;1
2010-09;18;3;482;117;173;19;90;11;14;10;7;23;0;0;0;0;1;26;2
2010-09;19;3;641;101;192;45;77;13;5;6;5;35;3;1;0;0;2;60;5
2010-09;20;3;695;105;140;18;66;10;2;17;17;20;0;0;0;0;2;39;3
2010-09;21;3;837;241;206;19;145;14;25;48;14;35;6;5;6;0;4;44;8
2010-09;22;3;853;219;242;26;131;25;9;49;10;48;4;4;3;0;0;45;6
2010-09;23;3;779;232;236;42;173;34;7;24;11;68;2;1;1;1;2;39;4
2010-09;24;3;356;86;78;19;55;5;5;15;2;11;1;1;2;0;4;47;4
2010-09;25;3;512;162;113;18;74;8;6;53;5;15;2;2;3;0;4;32;3
2010-09;26;3;392;112;88;12;53;10;1;33;15;14;3;3;2;0;1;26;4
2010-09;27;3;925;280;213;47;161;15;8;72;54;15;3;3;0;0;1;78;3
2010-09;28;3;495;129;104;15;102;9;14;15;25;11;0;0;0;0;6;47;5
2010-09;29;3;768;205;276;34;167;3;26;14;18;28;7;7;3;0;0;33;5
2010-09;30;3;590;144;126;19;97;18;13;21;20;37;7;3;7;3;2;80;9
2010-09;31;3;183;76;23;8;44;5;2;26;4;0;2;2;0;0;0;26;1
2010-09;32;3;1118;112;258;48;86;15;10;8;12;58;2;2;6;0;14;208;16
2010-09;33;3;808;205;196;31;143;22;20;29;46;33;6;6;3;0;4;101;4
2010-09;34;3;1394;342;342;43;236;14;16;52;47;44;7;4;7;1;8;168;16
2010-09;35;3;1839;344;379;87;223;14;21;59;45;57;9;9;4;0;18;292;27
2010-09;36;3;948;103;203;35;74;3;9;13;7;55;16;15;7;1;12;122;18
2010-09;37;3;728;109;250;24;73;10;5;21;13;45;3;1;4;0;10;52;5
2010-09;38;3;649;227;109;15;140;21;14;50;15;16;8;2;8;6;4;58;2
2010-09;39;3;758;244;79;22;133;3;37;70;6;11;22;22;13;0;5;61;5
2010-09;40;3;379;131;77;10;90;17;7;30;9;19;5;5;1;0;3;33;2
2010-09;41;3;514;75;119;22;51;15;1;8;21;12;5;4;7;0;13;61;4
2010-09;42;3;432;69;104;24;46;2;5;10;22;6;3;3;1;0;3;53;3
2010-09;43;3;281;28;46;4;14;0;7;11;6;15;7;7;1;0;3;75;2
2010-09;44;3;477;138;140;9;78;5;7;36;3;23;8;2;0;6;1;38;6
2010-10;1;3;940;119;323;141;92;5;12;3;10;56;1;1;0;0;2;48;3
2010-10;4;3;700;149;283;17;131;11;16;2;4;46;1;1;4;0;0;35;3
2010-10;5;3;995;177;441;41;131;9;7;3;4;71;0;0;0;0;2;53;0
2010-10;6;3;518;98;134;11;67;8;3;12;5;25;4;2;6;2;1;43;3
2010-10;7;3;118;29;33;2;15;0;0;3;4;3;0;0;0;0;0;11;1
2010-10;9;3;777;175;355;21;108;13;20;16;50;48;1;1;2;0;1;40;3
2010-10;10;3;652;111;285;33;77;7;19;9;31;55;0;0;4;0;0;32;1
2010-10;12;3;755;79;290;71;47;2;8;0;3;30;0;0;0;0;0;43;2
2010-10;13;3;381;41;152;22;32;5;1;0;3;22;0;0;1;0;1;23;0
2010-10;14;3;721;86;292;53;67;9;1;3;11;56;2;2;1;0;1;43;2
2010-10;15;3;357;43;119;24;27;4;7;5;5;17;2;1;3;0;3;22;0
2010-10;16;3;1135;118;429;61;74;7;11;13;53;63;1;1;0;0;0;61;5
2010-10;17;3;628;152;187;13;105;9;12;13;7;29;3;0;11;2;4;35;3
2010-10;18;3;482;132;165;18;106;22;7;10;9;27;0;0;1;0;1;28;1
2010-10;19;3;706;101;227;40;71;12;4;5;6;26;1;1;0;0;2;45;8
2010-10;20;3;935;110;169;22;78;7;1;12;13;13;3;3;2;0;2;59;4
2010-10;21;3;809;260;186;21;161;27;38;43;13;25;6;6;2;0;1;32;12
2010-10;22;3;834;240;216;30;139;21;18;56;23;40;5;3;11;1;1;45;6
2010-10;23;3;723;184;240;43;142;32;11;14;13;47;0;0;0;0;0;22;10
2010-10;24;3;375;95;85;14;74;7;2;5;6;10;4;3;0;1;1;37;3
2010-10;25;3;543;183;113;22;101;7;14;40;12;14;5;5;5;0;4;38;2
2010-10;26;3;350;90;96;10;64;5;8;10;17;12;0;0;4;0;0;25;5
2010-10;27;3;847;252;223;33;143;8;14;67;58;21;3;3;1;0;1;78;3
2010-10;28;3;577;141;126;15;107;7;12;16;18;16;8;7;10;1;2;60;4
2010-10;29;3;715;202;239;26;158;7;36;21;24;25;11;8;7;3;0;38;5
2010-10;30;3;635;208;130;19;131;26;18;45;26;29;1;1;1;0;3;64;9
2010-10;31;3;162;63;26;4;34;3;3;22;7;2;0;0;1;0;1;16;0
2010-10;32;3;1239;142;251;59;105;15;14;13;17;46;5;5;6;0;6;233;20
2010-10;33;3;887;207;208;25;137;28;12;33;45;41;10;6;7;3;11;108;4
2010-10;34;3;1307;315;315;40;223;22;21;51;46;43;13;9;11;4;7;145;27
2010-10;35;3;1902;315;390;92;213;11;22;53;60;31;15;13;5;1;8;317;21
2010-10;36;3;938;92;190;13;62;7;7;21;11;39;26;19;13;7;16;158;15
2010-10;37;3;764;108;261;21;65;8;3;24;23;34;4;2;6;2;2;65;5
2010-10;38;3;616;171;123;20;81;19;9;46;24;20;7;4;3;1;1;48;13
2010-10;39;3;744;223;85;11;112;3;18;72;6;13;17;17;21;0;4;68;5
2010-10;40;3;373;136;64;6;92;18;9;29;4;13;0;0;0;0;0;38;6
2010-10;41;3;607;104;156;25;67;14;4;11;25;35;2;1;7;1;2;70;0
2010-10;42;3;461;58;134;21;29;0;1;14;26;6;2;2;1;0;4;69;2
2010-10;43;3;314;26;57;8;14;3;3;6;10;16;2;2;3;0;3;61;4
2010-10;44;3;417;136;114;6;83;12;10;27;4;21;3;2;4;1;1;23;3
2010-11;1;3;957;91;345;177;74;7;9;2;12;57;1;1;4;0;2;39;0
2010-11;4;3;598;121;244;6;97;10;13;4;1;43;4;3;1;1;1;29;3
2010-11;5;3;1033;156;443;73;132;6;5;5;9;61;2;1;2;1;0;47;2
2010-11;6;3;477;101;109;17;62;8;6;12;5;18;4;3;1;1;1;21;3
2010-11;7;3;138;29;37;1;17;0;2;5;3;2;1;1;0;0;1;15;0
2010-11;9;3;674;115;289;33;75;8;10;9;49;35;0;0;1;0;1;37;1
2010-11;10;3;629;97;286;46;69;10;12;7;48;58;0;0;0;0;0;20;5
2010-11;12;3;833;63;344;74;40;4;4;0;10;36;0;0;0;0;1;53;9
2010-11;13;3;401;31;192;22;19;1;2;1;2;41;0;0;1;0;2;20;2
2010-11;14;3;699;61;286;44;47;8;2;2;12;60;0;0;3;0;0;29;0
2010-11;15;3;420;47;125;24;31;4;8;3;8;27;1;1;0;0;4;20;3
2010-11;16;3;973;91;357;78;54;5;5;10;37;55;1;1;1;0;2;64;1
2010-11;17;3;608;140;182;17;92;11;17;16;6;31;2;2;2;0;1;34;2
2010-11;18;3;433;109;161;12;66;9;3;19;11;26;0;0;0;0;0;23;0
2010-11;19;3;635;82;205;49;63;8;0;7;10;25;0;0;3;0;3;55;3
2010-11;20;3;795;90;140;33;65;11;1;8;8;15;1;1;4;0;4;67;3
2010-11;21;3;893;233;191;27;143;14;26;38;4;18;6;3;14;2;2;57;5
2010-11;22;3;1087;206;220;18;115;21;10;50;19;39;14;10;2;4;7;34;7
2010-11;23;3;664;168;239;53;126;31;7;23;11;69;4;3;1;1;2;38;2
2010-11;24;3;363;114;82;14;75;11;8;17;5;10;0;0;3;0;2;40;2
2010-11;25;3;481;160;104;11;86;6;20;27;16;12;8;2;10;5;6;31;0
2010-11;26;3;356;95;82;12;63;6;3;16;8;11;3;1;0;1;0;30;2
2010-11;27;3;812;285;209;41;171;6;15;77;57;18;5;3;0;2;1;56;4
2010-11;28;3;507;116;116;22;85;7;10;13;18;11;1;1;0;0;5;70;3
2010-11;29;3;594;161;192;24;131;8;29;11;14;19;11;9;4;2;0;32;7
2010-11;30;3;572;173;108;28;122;26;23;27;8;30;7;2;1;5;6;55;6
2010-11;31;3;173;55;25;5;29;5;2;20;4;3;1;1;2;0;1;26;1
2010-11;32;3;1344;132;290;52;101;7;11;11;15;46;9;9;10;0;13;243;20
2010-11;33;3;783;190;187;20;137;23;9;27;30;31;3;1;3;1;3;92;11
2010-11;34;3;1297;325;286;55;228;12;17;43;45;41;7;7;2;0;14;156;19
2010-11;35;3;1838;303;353;82;202;19;23;47;49;61;10;10;2;0;16;311;11
2010-11;36;3;789;72;199;27;50;4;13;13;10;47;6;6;6;0;14;128;20
2010-11;37;3;635;104;201;24;60;6;8;23;19;40;2;1;12;1;0;56;3
2010-11;38;3;623;181;91;12;99;18;4;33;11;10;11;3;3;8;2;58;12
2010-11;39;3;732;225;89;14;126;9;25;76;5;6;18;15;11;3;11;69;4
2010-11;40;3;375;154;63;4;114;14;10;27;2;22;9;4;5;5;3;25;1
2010-11;41;3;547;88;122;20;64;11;4;7;16;23;2;2;0;0;3;72;4
2010-11;42;3;464;61;166;16;26;0;3;17;40;12;1;1;1;0;6;64;0
2010-11;43;3;304;23;53;10;13;3;3;5;3;12;0;0;0;0;4;64;6
2010-11;44;3;394;117;98;12;69;8;7;26;3;20;3;2;1;1;4;22;6
2010-12;1;3;1047;109;409;137;85;7;6;2;10;54;0;0;2;0;1;32;1
2010-12;4;3;646;126;276;8;100;5;15;1;1;41;1;1;3;0;3;39;7
2010-12;5;3;991;150;443;52;115;9;4;4;8;57;3;3;5;0;2;36;4
2010-12;6;3;453;77;109;9;56;7;8;6;10;12;0;0;3;0;3;34;6
2010-12;7;3;135;45;36;2;28;1;5;5;3;6;0;0;4;0;0;9;0
2010-12;9;3;693;124;284;34;84;6;5;4;36;25;0;0;2;0;4;45;2
2010-12;10;3;614;77;289;46;56;6;5;5;38;52;0;0;2;0;1;20;2
2010-12;12;3;914;42;455;61;26;2;3;1;7;32;0;0;0;0;2;51;6
2010-12;13;3;389;20;191;18;14;0;1;0;0;33;0;0;0;0;10;24;3
2010-12;14;3;818;77;351;67;65;5;7;2;7;65;0;0;0;0;0;44;2
2010-12;15;3;438;53;138;21;32;5;10;4;3;24;0;0;0;0;3;16;1
2010-12;16;3;1168;118;474;70;77;2;10;15;51;80;2;2;2;0;3;67;7
2010-12;17;3;576;131;178;15;87;2;11;12;7;24;2;2;0;0;2;30;2
2010-12;18;3;476;85;171;19;58;5;2;10;8;37;0;0;3;0;2;35;4
2010-12;19;3;747;77;235;65;49;4;4;11;6;38;0;0;5;0;2;67;0
2010-12;20;3;742;71;166;35;47;5;1;4;5;31;0;0;1;0;4;83;2
2010-12;21;3;959;225;203;24;129;9;26;42;9;18;6;5;5;1;5;72;9
2010-12;22;3;1105;160;241;28;95;18;15;26;20;36;10;10;0;0;2;94;7
2010-12;23;3;747;189;255;48;132;20;9;18;8;59;1;1;1;0;0;33;7
2010-12;24;3;356;90;93;10;68;8;8;6;6;11;2;2;3;0;3;47;2
2010-12;25;3;506;178;124;12;72;5;10;38;6;19;2;1;1;1;3;37;2
2010-12;26;3;326;77;81;7;60;7;9;9;5;19;1;1;8;0;0;39;5
2010-12;27;3;830;234;236;19;145;11;11;46;52;30;15;13;7;2;5;71;5
2010-12;28;3;526;101;120;21;71;8;10;16;10;25;2;1;2;0;4;76;7
2010-12;29;3;734;162;316;33;124;7;21;23;26;43;7;6;0;1;1;30;3
2010-12;30;3;675;185;123;24;128;34;19;36;16;31;8;6;4;1;4;73;9
2010-12;31;3;181;65;23;1;32;2;1;25;3;3;0;0;0;0;3;30;3
2010-12;32;3;1383;121;321;56;81;11;9;12;21;77;2;2;9;0;14;269;22
2010-12;33;3;920;180;190;24;123;11;12;30;28;39;7;3;5;3;12;131;8
2010-12;34;3;1446;341;336;57;217;10;22;60;37;46;18;10;16;8;8;147;10
2010-12;35;3;2002;284;443;118;187;15;20;44;60;70;17;16;7;0;22;296;17
2010-12;36;3;862;91;209;11;64;6;14;10;11;48;17;17;6;0;14;119;19
2010-12;37;3;764;102;247;24;68;8;8;21;10;36;5;5;3;0;3;62;3
2010-12;38;3;625;163;122;15;87;13;8;39;20;25;9;7;7;2;3;61;10
2010-12;39;3;814;245;120;11;109;4;13;82;10;12;12;9;10;3;9;68;11
2010-12;40;3;457;168;79;6;94;8;7;47;6;15;8;5;9;3;3;51;3
2010-12;41;3;655;87;166;28;60;14;3;8;10;52;2;2;3;0;3;95;5
2010-12;42;3;574;67;188;16;27;3;5;18;60;23;4;4;1;0;4;88;4
2010-12;43;3;327;21;55;6;10;1;4;4;5;10;1;1;3;0;8;75;3
2010-12;44;3;375;93;99;3;54;7;6;20;1;22;1;1;3;0;2;36;1
2011-01;1;3;871;94;311;148;71;5;7;3;11;54;2;1;0;0;2;33;4
2011-01;4;3;608;113;242;13;98;11;10;4;5;39;1;1;0;0;2;16;3
2011-01;5;3;1050;183;439;61;145;6;6;5;7;56;1;1;2;0;2;58;2
2011-01;6;3;481;89;124;16;56;2;5;9;4;30;3;3;13;0;1;25;2
2011-01;7;3;141;31;46;3;10;0;0;5;3;3;2;2;1;0;1;14;0
2011-01;9;3;697;119;319;25;85;6;8;11;41;35;0;0;1;0;3;30;3
2011-01;10;3;628;91;242;37;65;11;6;8;29;63;1;1;2;0;2;34;3
2011-01;12;3;1041;58;583;38;33;2;1;1;5;55;0;0;1;0;2;51;4
2011-01;13;3;527;25;245;19;17;1;2;0;5;39;0;0;0;0;0;33;6
2011-01;14;3;871;84;431;48;64;7;5;3;13;80;0;0;0;0;1;34;6
2011-01;15;3;378;36;116;18;18;1;6;2;5;20;1;0;0;0;3;34;3
2011-01;16;3;1104;144;412;56;104;7;5;5;46;70;2;2;1;0;0;79;4
2011-01;17;3;653;190;202;7;108;5;25;28;3;44;1;1;7;0;0;28;4
2011-01;18;3;414;99;136;19;59;8;6;15;6;19;0;0;1;0;2;32;1
2011-01;19;3;679;86;218;48;42;7;6;12;4;36;0;0;1;0;4;60;7
2011-01;20;3;731;98;170;14;72;7;4;5;8;19;1;1;1;0;3;87;3
2011-01;21;3;912;239;199;23;141;17;26;43;10;32;12;9;14;3;9;58;11
2011-01;22;3;933;197;226;27;120;21;9;38;25;53;7;6;2;1;3;99;6
2011-01;23;3;710;199;221;36;150;31;10;24;5;51;1;1;2;0;0;35;3
2011-01;24;3;345;84;64;10;66;6;3;6;3;8;5;5;0;0;4;52;3
2011-01;25;3;584;166;122;15;93;14;16;34;9;14;5;5;1;0;1;51;1
2011-01;26;3;393;96;94;12;70;8;3;14;8;17;2;1;6;1;0;36;4
2011-01;27;3;801;239;213;30;142;3;14;63;39;20;5;2;3;3;0;69;7
2011-01;28;3;499;112;110;15;81;10;9;16;14;14;4;3;5;1;3;74;7
2011-01;29;3;677;163;230;44;128;16;15;21;19;42;8;6;5;2;0;39;6
2011-01;30;3;572;124;111;16;88;23;7;18;16;18;3;2;2;1;1;80;7
2011-01;31;3;165;133;16;3;82;7;4;48;2;1;5;5;2;0;0;29;1
2011-01;32;3;1273;97;264;55;68;7;12;11;22;63;3;3;8;0;12;285;20
2011-01;33;3;861;174;189;25;108;7;7;37;33;38;10;9;3;1;6;131;5
2011-01;34;3;1333;348;273;50;226;12;20;70;23;49;22;17;14;5;8;155;19
2011-01;35;3;1955;281;353;154;167;16;18;56;38;58;10;9;3;0;21;344;15
2011-01;36;3;887;100;199;23;63;8;18;18;7;45;16;16;10;0;15;148;26
2011-01;37;3;698;80;236;22;48;8;4;18;12;47;4;3;9;1;2;69;3
2011-01;38;3;703;174;145;20;95;13;9;41;12;17;6;4;4;1;5;63;8
2011-01;39;3;881;221;130;8;96;0;16;65;12;14;6;5;6;1;5;100;10
2011-01;40;3;459;177;76;5;113;15;12;39;10;20;4;4;7;0;2;55;4
2011-01;41;3;574;74;133;19;51;10;4;6;7;37;5;5;6;0;3;82;7
2011-01;42;3;637;67;221;28;35;5;4;17;86;15;0;0;3;0;4;77;2
2011-01;43;3;349;27;53;17;15;0;6;9;1;13;4;3;4;1;5;85;4
2011-01;44;3;419;109;116;10;70;10;9;20;3;15;1;1;1;0;2;48;2
2011-02;1;3;1261;121;405;118;96;9;14;2;4;60;0;0;0;0;1;41;3
2011-02;4;3;631;113;283;5;89;7;12;5;6;55;2;2;2;0;0;26;0
2011-02;5;3;1130;139;620;57;114;10;7;4;8;57;0;0;3;0;2;49;2
2011-02;6;3;551;90;136;14;61;2;7;11;1;17;0;0;1;0;3;51;7
2011-02;7;3;156;15;42;2;10;2;1;2;3;3;2;2;1;0;3;18;1
2011-02;9;3;650;130;273;24;98;8;6;11;38;25;5;4;2;1;2;33;0
2011-02;10;3;615;73;251;47;44;3;2;6;27;49;0;0;0;0;3;32;3
2011-02;12;3;794;65;335;65;34;2;4;1;2;30;0;0;0;0;1;45;6
2011-02;13;3;479;25;223;44;13;2;0;1;0;31;0;0;4;0;0;23;4
2011-02;14;3;1122;103;715;39;90;6;11;4;11;117;1;1;0;0;0;38;2
2011-02;15;3;380;44;138;21;24;6;8;2;3;32;0;0;4;0;1;21;1
2011-02;16;3;1170;152;451;60;95;8;13;10;42;82;0;0;2;0;0;72;4
2011-02;17;3;620;197;163;15;117;4;28;27;7;33;4;3;7;1;2;31;2
2011-02;18;3;492;135;140;12;89;7;7;18;5;22;1;0;2;1;0;32;0
2011-02;19;3;628;88;216;35;55;9;4;10;6;28;1;0;1;0;1;43;3
2011-02;20;3;697;100;171;26;62;4;3;7;11;17;0;0;3;0;2;57;15
2011-02;21;3;905;250;240;27;127;12;18;60;12;32;11;8;14;2;3;39;3
2011-02;22;3;865;179;226;38;120;16;12;19;29;33;5;5;4;0;0;76;6
2011-02;23;3;723;195;241;47;140;24;11;24;7;59;4;3;1;0;1;41;3
2011-02;24;3;361;80;72;16;58;9;7;6;5;14;4;4;2;0;4;48;3
2011-02;25;3;576;187;123;10;73;11;5;53;5;18;1;1;6;0;4;58;2
2011-02;26;3;434;87;124;10;62;12;3;11;12;25;4;4;2;0;0;41;3
2011-02;27;3;768;234;211;30;151;3;12;38;30;31;6;5;5;1;0;65;8
2011-02;28;3;464;105;84;18;72;13;4;16;5;13;6;6;2;0;4;70;3
2011-02;29;3;642;155;251;24;122;18;12;17;20;37;2;2;1;0;0;31;5
2011-02;30;3;489;115;77;34;89;24;5;7;4;17;5;4;1;1;5;74;3
2011-02;31;3;445;136;67;8;80;7;11;41;5;16;6;6;0;0;1;78;3
2011-02;32;3;1315;103;323;48;72;12;13;8;32;69;4;4;1;0;12;222;24
2011-02;33;3;829;160;174;24;109;11;9;26;16;40;14;14;1;0;7;107;11
2011-02;34;3;1360;321;332;59;232;14;25;51;18;44;9;8;8;1;14;155;11
2011-02;35;3;1806;252;327;118;156;15;27;40;41;49;13;9;20;3;12;324;14
2011-02;36;3;833;88;179;23;63;4;16;15;14;44;7;7;5;0;13;127;12
2011-02;37;3;720;119;233;21;75;7;4;18;8;38;5;3;4;2;4;66;3
2011-02;38;3;669;172;119;15;91;19;7;53;10;28;8;6;8;2;2;76;6
2011-02;39;3;551;171;82;10;80;4;14;59;9;7;13;9;5;4;2;46;7
2011-02;40;3;405;160;73;5;109;15;7;37;6;14;3;2;2;1;2;35;4
2011-02;41;3;611;57;150;27;43;7;5;6;9;37;0;0;2;0;1;82;3
2011-02;42;3;558;60;173;17;22;1;2;16;27;14;1;1;4;0;5;68;0
2011-02;43;3;283;32;38;7;9;0;2;10;4;7;0;0;1;0;4;66;2
2011-02;44;3;421;118;117;15;89;17;7;11;4;21;3;3;1;0;1;24;6
2011-03;1;3;1117;109;531;141;95;9;8;1;8;88;0;0;0;0;0;31;1
2011-03;4;3;734;161;316;14;139;10;19;7;1;48;2;2;2;0;2;19;4
2011-03;5;3;1801;204;1126;71;176;11;4;4;4;124;0;0;1;0;0;47;5
2011-03;6;3;578;73;185;23;55;5;5;7;2;42;2;2;2;0;2;41;4
2011-03;7;3;316;24;187;5;14;0;0;2;5;21;0;0;0;0;1;23;3
2011-03;9;3;823;131;344;49;98;4;8;9;35;30;2;2;1;0;2;30;4
2011-03;10;3;653;83;286;43;55;7;3;5;21;73;0;0;2;0;0;24;2
2011-03;12;3;845;43;386;97;20;2;1;0;1;25;0;0;1;0;0;64;1
2011-03;13;3;525;38;221;39;25;1;4;0;4;23;0;0;2;0;0;25;4
2011-03;14;3;1793;120;1280;39;83;10;3;6;4;137;2;1;1;0;1;34;1
2011-03;15;3;460;46;198;17;31;2;13;4;7;42;1;1;2;0;2;17;1
2011-03;16;3;1113;137;402;71;84;7;9;12;32;77;0;0;0;0;2;69;4
2011-03;17;3;681;197;161;8;134;5;20;27;7;19;4;2;2;2;3;36;5
2011-03;18;3;581;149;193;20;108;5;14;25;5;25;0;0;0;0;0;24;2
2011-03;19;3;702;90;237;33;75;5;10;1;3;38;1;1;0;0;0;62;4
2011-03;20;3;890;100;188;38;71;8;4;12;12;25;3;2;3;1;4;75;3
2011-03;21;3;989;264;225;25;169;14;51;27;11;24;7;5;13;2;5;54;6
2011-03;22;3;881;162;245;28;93;16;11;21;17;56;2;2;1;0;3;57;5
2011-03;23;3;751;183;272;45;145;26;8;18;10;75;3;3;0;0;1;33;1
2011-03;24;3;427;93;111;11;67;2;7;15;3;16;3;3;0;0;1;42;0
2011-03;25;3;652;190;165;13;93;14;13;33;11;22;9;3;4;6;4;43;2
2011-03;26;3;410;81;127;8;58;9;4;12;16;10;3;0;6;3;1;42;7
2011-03;27;3;859;296;212;25;191;14;14;52;44;24;5;3;2;2;1;70;4
2011-03;28;3;543;122;111;23;93;10;8;19;10;16;2;2;3;0;2;53;5
2011-03;29;3;715;173;250;19;130;11;12;19;22;31;13;11;4;0;3;37;5
2011-03;30;3;539;133;85;21;96;19;3;20;7;22;5;4;2;0;4;82;7
2011-03;31;3;517;172;98;8;102;9;8;48;10;9;7;7;0;0;1;70;5
2011-03;32;3;1367;98;356;68;73;11;9;11;29;77;4;4;5;0;10;261;18
2011-03;33;3;893;183;174;28;116;22;6;32;14;34;16;11;9;2;4;119;9
2011-03;34;3;1411;325;332;55;220;13;12;59;38;46;11;8;3;2;12;163;14
2011-03;35;3;1915;281;367;107;170;9;16;49;50;74;15;13;8;1;13;359;25
2011-03;36;3;877;80;181;22;50;4;7;16;9;47;15;15;1;0;23;140;12
2011-03;37;3;730;111;245;22;89;1;15;7;17;42;2;2;8;0;2;73;3
2011-03;38;3;743;194;140;26;93;13;5;51;24;23;4;3;6;1;5;70;5
2011-03;39;3;696;178;100;16;89;6;11;50;4;9;16;8;19;7;7;56;8
2011-03;40;3;479;141;83;8;79;11;2;38;15;16;7;4;9;3;0;50;3
2011-03;41;3;595;75;167;18;57;11;4;4;13;35;0;0;0;0;1;67;6
2011-03;42;3;467;51;134;20;19;2;0;11;14;12;4;4;0;0;2;60;3
2011-03;43;3;372;49;67;17;34;1;16;9;6;18;3;3;3;0;7;61;5
2011-03;44;3;426;97;136;9;57;8;3;17;6;23;3;3;1;0;0;27;2
2011-04;1;3;877;105;311;138;74;11;8;4;16;37;0;0;1;0;0;38;1
2011-04;4;3;658;118;268;9;105;7;6;3;4;32;1;1;1;0;0;17;5
2011-04;5;3;1153;187;512;58;148;11;3;6;13;105;0;0;1;0;1;63;2
2011-04;6;3;488;58;158;10;49;4;5;4;5;25;1;1;4;0;1;43;2
2011-04;7;3;140;18;35;3;11;1;0;2;5;0;0;0;1;0;1;21;2
2011-04;9;3;708;124;250;35;95;8;4;11;29;25;0;0;0;0;0;34;3
2011-04;10;3;613;91;240;32;56;7;6;5;16;55;0;0;1;0;0;25;6
2011-04;12;3;750;56;295;65;33;2;4;0;3;27;0;0;0;0;1;50;1
2011-04;13;3;440;28;175;28;17;2;1;0;4;21;0;0;0;0;0;41;1
2011-04;14;3;768;97;311;45;70;3;1;5;4;48;1;1;0;0;0;30;3
2011-04;15;3;438;48;106;28;30;2;14;6;6;22;0;0;0;0;2;37;2
2011-04;16;3;1313;129;488;78;74;3;13;16;56;65;1;1;1;0;4;100;5
2011-04;17;3;661;145;192;18;96;8;21;20;5;22;4;2;5;1;1;37;1
2011-04;18;3;512;116;165;23;74;5;6;11;15;23;0;0;4;0;0;34;1
2011-04;19;3;698;69;222;43;50;4;4;2;4;28;0;0;1;0;5;61;1
2011-04;20;3;704;99;171;27;60;12;1;15;12;18;1;1;1;0;1;80;4
2011-04;21;3;980;252;224;25;157;11;31;40;7;22;13;6;4;7;6;63;6
2011-04;22;3;884;139;263;35;73;3;8;24;20;75;3;3;1;0;4;54;6
2011-04;23;3;746;185;253;45;117;21;6;24;10;45;1;1;1;0;1;52;3
2011-04;24;3;376;94;73;12;64;8;9;14;7;8;5;3;7;2;2;47;2
2011-04;25;3;551;162;129;12;80;9;8;31;11;13;2;2;1;0;1;51;2
2011-04;26;3;418;98;116;9;62;7;4;20;13;21;0;0;0;0;2;31;2
2011-04;27;3;804;235;222;18;141;16;8;54;37;21;10;6;4;4;3;75;7
2011-04;28;3;561;105;148;13;74;16;3;16;9;38;1;1;0;0;5;72;3
2011-04;29;3;673;141;235;29;100;15;11;21;20;36;7;5;3;2;2;46;3
2011-04;30;3;553;130;95;14;89;22;9;24;8;23;3;2;1;1;1;96;1
2011-04;31;3;519;173;68;10;109;6;12;41;10;9;9;7;4;2;5;73;6
2011-04;32;3;1452;129;369;67;87;15;7;16;20;95;3;2;5;0;16;242;21
2011-04;33;3;857;144;183;28;87;13;7;27;25;36;26;18;29;7;5;129;5
2011-04;34;3;1379;294;337;43;202;14;25;52;29;54;9;8;6;0;12;161;10
2011-04;35;3;1949;269;383;115;174;13;30;36;34;61;17;15;12;0;24;338;19
2011-04;36;3;841;89;162;19;59;2;9;19;6;38;26;23;7;3;9;182;16
2011-04;37;3;751;104;275;31;74;4;3;19;26;41;6;5;9;1;3;70;6
2011-04;38;3;689;191;146;14;94;10;9;43;12;25;2;2;2;0;1;68;5
2011-04;39;3;657;192;106;15;93;5;12;51;10;11;6;3;9;3;2;47;5
2011-04;40;3;461;177;78;11;103;13;7;43;7;13;1;1;1;0;1;43;1
2011-04;41;3;560;74;136;26;51;9;7;6;5;23;0;0;2;0;4;66;3
2011-04;42;3;603;55;239;23;22;1;5;13;35;43;4;3;0;0;3;73;4
2011-04;43;3;304;22;54;6;13;1;10;3;1;14;2;2;0;0;2;58;5
2011-04;44;3;444;113;133;11;73;7;5;22;5;18;6;6;2;0;2;28;2
2011-05;1;3;913;121;311;131;92;11;4;2;12;46;0;0;1;0;0;33;1
2011-05;4;3;768;121;371;19;97;1;11;6;2;59;1;1;0;0;3;33;1
2011-05;5;3;1069;149;427;88;118;9;7;6;18;68;0;0;1;0;0;37;1
2011-05;6;3;459;44;103;24;28;5;5;0;2;20;4;4;1;0;2;40;4
2011-05;7;3;153;19;49;1;10;1;1;2;4;3;0;0;0;0;0;16;2
2011-05;9;3;716;124;255;39;88;13;8;7;25;39;1;1;0;0;1;35;2
2011-05;10;3;649;72;261;64;49;14;1;3;23;49;0;0;1;0;1;36;3
2011-05;12;3;724;43;270;73;20;1;4;0;1;34;0;0;0;0;0;61;0
2011-05;13;3;387;29;135;21;21;3;2;0;1;16;0;0;0;0;0;22;4
2011-05;14;3;727;89;293;76;64;8;10;1;3;45;0;0;0;0;1;28;2
2011-05;15;3;431;44;129;23;26;4;6;8;6;23;4;4;1;0;3;31;2
2011-05;16;3;1221;134;421;95;67;9;5;25;35;103;1;1;2;0;6;64;4
2011-05;17;3;822;179;246;34;124;6;38;21;4;32;5;2;7;3;2;30;6
2011-05;18;3;544;109;172;28;81;7;5;9;13;22;0;0;0;0;5;34;3
2011-05;19;3;707;84;211;46;55;6;2;5;9;29;0;0;0;0;1;67;2
2011-05;20;3;731;74;196;43;48;0;1;9;23;28;1;1;1;0;2;68;4
2011-05;21;3;902;230;183;26;113;5;35;28;9;30;13;10;16;2;4;62;13
2011-05;22;3;832;134;251;26;79;8;6;20;15;62;3;3;2;0;6;68;1
2011-05;23;3;770;193;279;40;135;40;5;30;9;57;0;0;2;0;1;50;2
2011-05;24;3;411;103;86;28;69;2;4;16;4;19;1;1;0;0;0;37;4
2011-05;25;3;533;134;124;12;55;8;9;32;8;16;0;0;0;0;3;29;3
2011-05;26;3;433;102;110;15;60;3;3;12;14;11;4;3;0;0;3;46;3
2011-05;27;3;901;261;226;37;166;7;10;54;39;20;11;7;5;4;3;86;4
2011-05;28;3;626;124;163;22;90;10;10;20;12;34;4;4;2;0;2;65;4
2011-05;29;3;759;198;245;45;145;17;10;22;24;43;8;8;1;0;2;60;5
2011-05;30;3;547;133;128;16;93;21;5;19;17;22;3;2;3;1;5;57;5
2011-05;31;3;550;177;82;9;120;8;9;34;6;15;9;7;2;2;1;95;3
2011-05;32;3;1499;111;401;88;76;15;3;14;24;118;3;2;7;1;9;261;10
2011-05;33;3;872;183;194;32;122;15;7;29;22;30;10;8;10;2;2;109;4
2011-05;34;3;1354;315;332;73;233;17;15;41;45;51;16;9;9;7;2;146;12
2011-05;35;3;1859;225;418;131;144;13;19;43;36;78;10;10;2;0;14;300;14
2011-05;36;3;849;82;205;26;58;2;3;14;15;51;21;18;9;3;5;170;10
2011-05;37;3;828;95;307;40;72;7;12;12;31;46;5;0;6;5;3;76;4
2011-05;38;3;754;169;177;26;107;21;12;35;10;28;2;2;3;0;4;66;7
2011-05;39;3;614;206;91;4;100;4;11;54;5;15;17;7;5;10;3;53;6
2011-05;40;3;434;173;83;7;111;12;8;41;14;21;8;2;3;5;1;47;6
2011-05;41;3;633;83;152;26;58;5;5;10;19;28;0;0;1;0;7;68;8
2011-05;42;3;606;58;233;29;22;5;2;17;19;48;4;4;0;0;1;50;1
2011-05;43;3;262;10;47;13;6;1;2;3;4;14;4;3;0;0;1;53;5
2011-05;44;3;412;110;88;17;63;3;7;23;7;14;4;4;6;0;2;22;1
2011-06;1;3;904;127;319;118;88;8;6;1;8;47;0;0;0;0;0;30;3
2011-06;4;3;757;140;348;10;110;7;5;6;1;49;0;0;0;0;1;18;5
2011-06;5;3;997;136;391;76;113;17;4;3;10;55;2;2;1;0;0;57;2
2011-06;6;3;448;45;97;19;31;2;6;5;3;18;3;3;5;0;4;42;4
2011-06;7;3;139;15;37;1;9;2;0;1;2;0;1;1;0;0;1;10;0
2011-06;9;3;589;106;198;35;67;9;4;18;7;29;1;1;0;0;2;28;4
2011-06;10;3;552;80;212;55;58;9;3;6;3;48;0;0;0;0;1;35;3
2011-06;12;3;694;40;281;68;19;0;3;0;1;31;1;1;1;0;2;54;5
2011-06;13;3;384;35;139;19;24;1;4;2;0;26;1;0;0;1;0;29;2
2011-06;14;3;665;86;305;41;60;5;4;6;5;52;0;0;0;0;0;18;2
2011-06;15;3;425;39;137;28;17;4;4;7;2;19;0;0;0;0;3;23;3
2011-06;16;3;1134;135;399;108;87;16;12;12;37;76;0;0;1;0;2;51;3
2011-06;17;3;715;119;226;19;83;4;16;14;2;39;4;2;2;1;1;27;3
2011-06;18;3;484;71;171;27;33;5;4;15;5;18;0;0;0;0;0;31;2
2011-06;19;3;671;66;209;61;51;7;3;2;5;32;5;3;1;0;2;44;3
2011-06;20;3;834;73;165;33;49;6;2;4;14;18;1;1;0;0;2;73;3
2011-06;21;3;911;241;190;30;128;8;30;39;9;17;10;8;18;2;6;56;8
2011-06;22;3;868;133;263;26;68;6;4;30;23;53;3;2;4;0;3;60;11
2011-06;23;3;652;169;242;43;113;20;8;22;19;55;1;1;0;0;0;25;4
2011-06;24;3;423;121;97;26;79;5;5;18;2;11;3;3;0;0;0;38;4
2011-06;25;3;485;135;130;16;60;9;4;28;6;20;2;2;2;0;1;39;3
2011-06;26;3;416;126;93;15;69;3;1;28;12;16;1;1;0;0;0;32;3
2011-06;27;3;880;239;219;39;131;7;10;62;51;18;2;1;2;0;6;78;7
2011-06;28;3;547;126;128;21;90;21;4;17;15;35;3;2;2;1;4;39;5
2011-06;29;3;705;196;253;41;149;11;19;30;19;30;0;0;2;0;0;36;4
2011-06;30;3;520;127;121;21;92;11;3;19;15;24;4;4;4;0;2;42;7
2011-06;31;3;520;165;95;18;112;12;6;31;17;16;6;5;1;1;3;67;3
2011-06;32;3;1419;101;329;78;65;8;6;11;28;62;9;6;5;1;15;221;12
2011-06;33;3;804;167;217;33;109;18;3;24;56;42;5;4;3;0;2;95;7
2011-06;34;3;1273;270;314;49;183;17;11;46;31;45;19;9;14;10;7;140;10
2011-06;35;3;1940;200;413;117;124;6;18;28;41;68;9;8;3;0;11;306;18
2011-06;36;3;864;82;168;42;47;6;10;22;10;43;15;14;1;1;23;134;19
2011-06;37;3;641;63;194;32;43;5;2;12;16;38;3;1;5;2;2;61;1
2011-06;38;3;645;157;131;21;87;10;6;35;13;23;3;3;5;0;4;58;9
2011-06;39;3;679;222;87;13;116;6;9;64;6;12;5;2;6;3;2;45;2
2011-06;40;3;404;144;81;5;97;8;6;28;7;10;1;1;0;0;2;43;1
2011-06;41;3;515;63;120;18;53;2;10;7;1;19;1;1;0;0;4;88;6
2011-06;42;3;527;57;180;37;29;4;1;16;19;42;1;1;1;0;1;58;3
2011-06;43;3;290;18;47;2;8;1;1;6;0;11;3;3;3;0;7;73;5
2011-06;44;3;437;116;112;11;76;6;13;19;4;15;12;3;10;8;4;31;3
2011-07;1;3;851;110;300;140;77;9;7;2;3;58;1;1;1;0;0;19;1
2011-07;4;3;744;118;304;17;92;7;13;7;2;53;1;0;2;0;4;35;6
2011-07;5;3;1027;175;448;63;148;14;4;2;7;65;0;0;1;0;0;43;4
2011-07;6;3;458;52;98;20;35;3;3;7;5;18;3;3;5;0;5;47;2
2011-07;7;3;138;30;27;3;9;0;0;8;1;1;1;1;3;0;0;7;1
2011-07;9;3;626;131;220;23;79;7;4;21;3;24;2;2;0;0;0;22;2
2011-07;10;3;621;80;248;58;52;10;4;7;9;59;0;0;1;0;3;24;2
2011-07;12;3;701;57;244;78;30;5;2;0;3;24;1;1;0;0;0;65;3
2011-07;13;3;333;28;128;29;17;3;1;1;1;19;0;0;3;0;1;14;2
2011-07;14;3;622;81;245;56;59;4;2;4;6;43;0;0;0;0;0;18;2
2011-07;15;3;359;33;103;29;13;2;3;7;5;15;2;2;1;0;2;25;2
2011-07;16;3;1146;134;373;105;91;15;9;18;44;52;0;0;3;0;4;58;3
2011-07;17;3;653;107;233;12;65;6;19;17;3;23;2;2;0;0;0;34;5
2011-07;18;3;441;75;133;24;46;8;1;11;8;17;1;1;0;0;0;20;0
2011-07;19;3;587;61;205;58;46;8;5;3;6;26;0;0;1;0;3;38;4
2011-07;20;3;814;81;161;28;56;3;2;10;11;13;2;2;1;0;2;47;0
2011-07;21;3;898;222;197;32;94;5;30;42;14;16;6;4;7;0;4;46;5
2011-07;22;3;882;153;232;35;98;13;11;27;22;55;3;2;1;1;5;66;8
2011-07;23;3;734;151;255;51;98;19;6;27;13;53;1;1;0;0;1;34;1
2011-07;24;3;395;108;87;15;59;5;3;21;6;11;7;7;0;0;3;38;1
2011-07;25;3;517;159;109;12;76;13;7;15;3;11;3;2;4;1;2;51;3
2011-07;26;3;398;93;115;10;53;5;3;15;9;20;2;1;2;1;1;23;5
2011-07;27;3;796;245;213;26;131;9;11;76;42;20;5;5;6;0;4;65;4
2011-07;28;3;627;148;145;33;105;29;6;28;17;29;3;1;1;2;0;61;3
2011-07;29;3;887;239;301;62;183;14;23;43;33;49;0;0;4;0;0;41;1
2011-07;30;3;501;118;108;18;80;15;5;25;20;22;2;2;1;0;2;57;1
2011-07;31;3;507;160;67;16;100;10;8;41;6;9;9;7;6;2;4;62;8
2011-07;32;3;1425;126;357;67;84;17;6;10;23;80;3;3;7;0;24;216;19
2011-07;33;3;857;166;223;27;101;13;5;32;38;29;9;6;5;2;2;124;9
2011-07;34;3;1263;266;296;64;184;17;12;54;34;55;21;18;11;3;3;129;12
2011-07;35;3;1891;251;391;116;153;4;17;57;30;62;20;19;3;0;17;297;18
2011-07;36;3;780;71;176;30;46;5;8;11;6;28;15;15;6;0;12;117;0
2011-07;37;3;713;91;231;37;65;10;7;9;22;32;2;0;3;2;3;46;8
2011-07;38;3;726;152;156;30;73;6;6;43;22;29;2;1;10;1;3;77;5
2011-07;39;3;652;230;74;20;116;11;14;64;11;7;4;1;3;3;3;46;13
2011-07;40;3;428;191;59;5;127;18;5;44;5;9;4;4;3;0;2;51;2
2011-07;41;3;530;80;105;26;56;7;8;9;16;18;1;1;0;0;4;62;2
2011-07;42;3;534;48;136;48;18;4;2;16;17;25;3;2;2;0;1;42;5
2011-07;43;3;359;24;76;13;9;0;0;6;0;21;1;1;1;0;8;69;6
2011-07;44;3;373;114;93;8;72;8;4;21;6;6;2;2;0;0;0;21;3
2011-08;1;3;930;103;312;161;74;3;10;1;2;62;1;0;0;0;0;32;0
2011-08;4;3;757;137;340;16;112;8;19;5;2;74;2;2;1;0;2;27;3
2011-08;5;3;1150;224;436;83;181;14;2;5;9;62;1;1;0;0;2;37;2
2011-08;6;3;546;69;174;21;52;4;6;4;7;25;2;2;11;0;3;47;4
2011-08;7;3;168;35;48;4;12;0;0;5;3;5;1;1;1;0;2;15;0
2011-08;9;3;628;120;207;37;80;4;3;12;5;22;0;0;2;0;0;34;2
2011-08;10;3;666;124;239;56;99;16;5;11;13;60;1;1;1;0;0;32;3
2011-08;12;3;754;58;277;104;36;2;4;0;5;30;0;0;1;0;1;54;2
2011-08;13;3;426;23;181;28;14;1;2;1;2;18;0;0;0;0;1;28;0
2011-08;14;3;758;125;292;54;93;5;5;4;2;56;0;0;1;0;1;30;2
2011-08;15;3;443;40;149;32;26;2;11;3;2;22;1;1;4;0;2;32;6
2011-08;16;3;1139;109;372;116;66;10;8;13;52;53;1;1;4;0;2;83;9
2011-08;17;3;650;97;212;21;58;5;15;14;8;28;2;2;1;0;3;30;3
2011-08;18;3;462;82;168;15;50;8;0;13;6;26;0;0;2;0;0;25;0
2011-08;19;3;595;59;180;65;39;5;2;2;7;27;6;5;8;0;1;41;3
2011-08;20;3;792;59;152;40;37;2;2;5;5;24;1;0;3;1;4;91;0
2011-08;21;3;986;274;217;26;146;20;52;44;12;33;8;6;6;1;3;58;8
2011-08;22;3;911;156;252;36;81;15;13;37;33;54;1;1;0;0;4;75;6
2011-08;23;3;704;140;266;60;92;9;5;24;10;72;2;1;2;0;1;49;3
2011-08;24;3;388;96;91;18;54;4;2;19;5;10;1;1;0;0;1;45;2
2011-08;25;3;489;130;130;13;79;7;5;16;5;20;2;2;1;0;0;53;0
2011-08;26;3;404;67;122;14;37;1;3;17;9;13;3;2;4;1;0;39;8
2011-08;27;3;804;245;214;41;133;7;9;80;56;22;2;1;3;1;9;89;7
2011-08;28;3;601;146;139;27;90;23;5;36;15;30;5;3;2;2;9;66;6
2011-08;29;3;786;213;275;42;157;17;21;34;27;26;4;4;0;0;1;46;2
2011-08;30;3;535;123;105;23;73;9;1;19;34;13;5;5;2;0;1;90;1
2011-08;31;3;565;179;78;23;120;17;5;41;16;4;3;3;0;0;3;93;11
2011-08;32;3;1397;118;295;79;84;12;7;14;24;52;3;2;8;0;18;201;4
2011-08;33;3;945;169;250;40;99;9;11;38;43;38;1;1;5;0;7;112;6
2011-08;34;3;1387;317;296;57;197;16;21;73;27;38;25;21;15;3;9;131;10
2011-08;35;3;1993;224;385;128;126;5;14;52;36;38;12;11;4;1;12;319;20
2011-08;36;3;804;91;151;24;61;5;3;18;12;31;7;7;2;0;14;164;4
2011-08;37;3;793;96;255;48;61;8;8;21;31;43;3;2;2;1;4;72;4
2011-08;38;3;709;166;136;23;77;8;5;48;13;13;4;3;0;1;3;82;7
2011-08;39;3;699;234;96;20;127;6;22;58;7;10;9;8;13;0;3;59;7
2011-08;40;3;442;160;71;8;122;8;12;25;7;17;8;7;11;1;3;32;4
2011-08;41;3;604;52;139;32;32;6;4;13;8;35;4;2;3;1;1;72;1
2011-08;42;3;534;65;118;38;33;1;4;15;28;8;3;2;2;0;1;76;3
2011-08;43;3;390;28;66;12;14;1;4;4;3;11;5;5;2;0;4;82;6
2011-08;44;3;379;88;99;12;60;4;6;17;8;11;1;1;2;0;1;22;2
2011-09;1;3;944;88;312;162;67;4;3;4;7;53;0;0;2;0;0;36;0
2011-09;4;3;813;124;352;21;87;9;12;8;2;57;1;1;4;0;2;39;1
2011-09;5;3;1062;209;400;80;166;10;3;7;5;37;0;0;0;0;4;51;1
2011-09;6;3;440;72;102;16;48;3;5;10;5;14;1;0;4;0;1;48;0
2011-09;7;3;158;39;25;3;31;0;3;3;2;1;1;1;1;0;1;12;0
2011-09;9;3;678;149;255;26;115;11;1;13;14;30;2;2;2;0;0;29;2
2011-09;10;3;696;138;282;48;100;9;6;10;12;59;1;1;2;0;6;30;2
2011-09;12;3;649;45;296;62;27;1;3;0;3;23;0;0;0;0;0;54;2
2011-09;13;3;393;28;170;41;17;1;2;0;1;23;0;0;0;0;1;21;0
2011-09;14;3;591;72;241;65;49;11;4;3;3;30;1;0;2;0;0;29;0
2011-09;15;3;374;32;131;37;18;1;8;3;7;13;1;1;0;0;1;23;3
2011-09;16;3;1189;119;504;89;63;8;6;21;33;58;0;0;3;0;6;72;6
2011-09;17;3;743;112;207;16;71;2;17;18;11;21;3;2;4;1;2;56;4
2011-09;18;3;497;109;166;36;63;8;6;19;14;23;1;1;0;0;3;29;1
2011-09;19;3;597;57;210;48;42;3;2;3;10;17;1;1;0;0;4;47;1
2011-09;20;3;666;87;151;28;62;3;3;8;9;18;0;0;2;0;2;43;2
2011-09;21;3;1016;292;189;37;153;11;47;48;14;18;5;4;5;1;5;56;7
2011-09;22;3;848;157;238;33;71;8;7;39;23;41;5;1;5;3;4;72;8
2011-09;23;3;728;169;286;48;104;16;5;33;14;64;1;1;0;0;0;27;8
2011-09;24;3;375;88;75;19;53;8;4;17;6;11;1;1;1;0;1;32;1
2011-09;25;3;504;139;110;20;66;8;6;36;4;17;2;2;2;0;2;38;1
2011-09;26;3;365;78;106;9;46;2;0;16;16;13;1;0;0;1;0;17;3
2011-09;27;3;885;250;243;32;138;9;13;71;70;27;2;2;6;0;6;83;3
2011-09;28;3;638;139;176;23;92;18;6;34;21;49;10;9;1;0;3;58;2
2011-09;29;3;781;215;263;56;170;11;29;28;44;17;9;9;0;0;3;42;3
2011-09;30;3;507;101;126;25;55;5;1;27;26;15;3;3;1;0;3;60;1
2011-09;31;3;425;123;76;14;78;3;6;34;11;5;8;6;4;2;3;76;2
2011-09;32;3;1260;98;313;67;56;9;2;9;14;44;7;7;2;0;5;179;7
2011-09;33;3;888;175;247;27;92;12;8;48;67;31;3;3;6;0;2;122;7
2011-09;34;3;1329;309;305;67;223;14;18;56;38;50;8;6;7;2;8;124;18
2011-09;35;3;1841;187;427;108;101;12;9;38;39;56;15;14;13;0;15;287;14
2011-09;36;3;757;73;146;28;54;3;7;6;6;19;16;11;3;5;17;126;9
2011-09;37;3;714;118;211;34;76;4;17;21;39;27;2;2;2;0;4;71;2
2011-09;38;3;726;160;159;25;77;8;6;35;24;21;2;1;3;0;4;79;5
2011-09;39;3;654;182;78;17;92;1;9;48;5;10;8;7;6;1;3;59;12
2011-09;40;3;384;163;61;5;84;8;4;48;7;8;8;6;0;2;1;39;3
2011-09;41;3;525;58;121;21;36;5;4;10;6;29;1;1;1;0;8;67;2
2011-09;42;3;917;83;431;48;43;4;2;21;21;67;0;0;1;0;3;74;2
2011-09;43;3;345;22;67;11;9;2;0;9;1;21;5;5;0;0;1;57;4
2011-09;44;3;389;104;107;16;66;9;7;22;6;11;2;2;0;0;2;20;5
2011-10;1;3;768;69;278;108;55;4;5;1;9;40;0;0;0;0;0;24;1
2011-10;4;3;689;115;296;27;100;15;7;5;6;33;1;1;0;0;0;26;1
2011-10;5;3;1053;149;430;81;126;9;7;3;9;56;0;0;2;0;0;60;0
2011-10;6;3;494;64;115;20;39;1;7;6;10;12;1;0;3;0;0;38;4
2011-10;7;3;136;25;18;3;11;0;1;3;2;0;0;0;2;0;2;7;0
2011-10;9;3;581;103;222;23;71;4;5;6;16;20;0;0;1;0;0;23;2
2011-10;10;3;658;102;251;58;61;9;7;10;19;48;0;0;1;0;2;31;7
2011-10;12;3;805;75;343;66;45;3;1;1;5;28;0;0;0;0;1;49;3
2011-10;13;3;444;31;178;24;21;2;1;2;3;29;0;0;0;0;0;28;1
2011-10;14;3;679;65;280;67;43;7;1;1;7;33;0;0;0;0;1;35;1
2011-10;15;3;366;35;116;28;17;1;4;2;2;12;0;0;2;0;1;21;5
2011-10;16;3;1079;109;441;82;58;7;7;22;46;82;0;0;3;0;4;75;2
2011-10;17;3;682;137;198;12;74;7;11;26;11;26;0;0;2;0;1;42;4
2011-10;18;3;492;79;167;31;47;9;4;13;16;15;0;0;0;0;0;37;1
2011-10;19;3;650;66;184;52;47;4;3;3;7;15;1;1;1;0;5;68;3
2011-10;20;3;653;73;148;37;47;5;1;9;12;22;0;0;4;0;0;54;1
2011-10;21;3;1086;312;247;32;174;13;58;50;23;35;10;3;6;5;4;69;6
2011-10;22;3;848;117;238;39;73;12;7;17;29;50;4;4;8;0;7;68;6
2011-10;23;3;717;162;251;53;95;12;4;32;12;39;3;1;1;0;1;37;3
2011-10;24;3;342;84;79;10;48;4;3;14;16;5;5;5;0;0;0;32;3
2011-10;25;3;533;132;125;19;58;7;5;22;5;15;3;0;6;3;1;54;0
2011-10;26;3;350;78;107;7;46;6;2;9;22;20;0;0;1;0;0;20;5
2011-10;27;3;809;230;206;33;123;7;11;79;55;23;7;6;1;1;3;75;4
2011-10;28;3;535;144;132;22;85;13;10;43;18;23;2;2;5;0;3;46;1
2011-10;29;3;749;191;245;49;136;12;20;28;31;11;8;6;1;1;2;50;5
2011-10;30;3;524;113;115;15;64;3;2;29;24;21;13;13;2;0;2;68;3
2011-10;31;3;457;138;78;12;88;5;2;34;12;10;4;3;3;1;3;55;2
2011-10;32;3;1267;101;283;74;63;6;4;16;18;47;3;2;12;1;15;189;4
2011-10;33;3;820;157;195;35;87;10;2;41;53;29;8;5;9;1;6;92;6
2011-10;34;3;1463;305;349;70;175;8;11;84;47;46;14;13;13;1;6;138;15
2011-10;35;3;1769;201;324;112;112;7;9;47;34;40;8;8;6;0;18;294;15
2011-10;36;3;731;69;155;21;39;4;4;12;11;27;7;6;3;0;26;131;13
2011-10;37;3;632;79;190;35;58;5;5;11;20;37;1;1;1;0;3;59;2
2011-10;38;3;692;147;154;29;78;7;14;37;18;18;2;2;4;0;1;75;10
2011-10;39;3;704;220;103;18;121;1;35;57;9;9;7;6;8;0;6;52;11
2011-10;40;3;421;174;52;8;98;11;11;44;17;6;6;5;3;0;1;36;2
2011-10;41;3;542;53;121;30;31;3;0;5;5;31;0;0;0;0;3;78;5
2011-10;42;3;817;79;307;36;45;3;0;22;37;50;4;4;3;0;2;105;5
2011-10;43;3;358;18;63;11;10;0;5;7;4;10;2;2;2;0;7;80;8
2011-10;44;3;381;110;90;8;64;7;11;24;3;17;0;0;0;0;1;28;1
2011-11;1;3;766;77;265;120;56;7;4;2;1;35;2;2;2;0;0;23;1
2011-11;4;3;662;102;305;12;85;17;7;6;2;60;2;2;0;0;2;18;0
2011-11;5;3;1013;144;437;75;118;9;4;3;14;43;1;1;4;0;2;48;1
2011-11;6;3;522;66;142;18;45;2;8;4;8;19;1;0;6;1;1;36;1
2011-11;7;3;201;39;36;3;25;1;0;6;3;4;0;0;1;0;1;18;0
2011-11;9;3;578;111;201;34;76;5;5;13;14;24;1;0;5;1;5;22;2
2011-11;10;3;630;80;240;62;59;9;4;4;8;51;1;1;2;0;0;35;2
2011-11;12;3;708;79;291;44;33;1;1;0;3;30;1;1;1;0;1;53;7
2011-11;13;3;355;30;137;21;22;3;0;1;0;20;0;0;0;0;0;15;2
2011-11;14;3;626;60;262;59;35;5;1;3;3;41;0;0;0;0;0;25;0
2011-11;15;3;570;23;109;28;13;3;3;2;4;14;1;1;3;0;0;47;3
2011-11;16;3;1100;107;435;114;64;9;13;9;48;91;0;0;2;0;3;63;4
2011-11;17;3;641;104;156;21;71;4;17;5;5;22;0;0;5;0;6;42;8
2011-11;18;3;426;82;148;24;57;3;2;9;12;16;0;0;0;0;0;12;0
2011-11;19;3;609;62;184;46;38;3;1;4;3;30;0;0;1;0;1;44;5
2011-11;20;3;595;71;145;31;38;1;3;4;14;15;2;2;1;0;1;68;2
2011-11;21;3;1060;280;253;34;160;13;58;60;13;31;7;4;4;3;4;56;5
2011-11;22;3;762;121;231;35;60;6;14;24;24;44;3;3;1;0;5;53;6
2011-11;23;3;735;150;280;55;102;16;1;17;17;61;2;1;2;0;0;28;1
2011-11;24;3;353;90;93;13;56;5;4;14;14;13;1;1;0;0;0;38;3
2011-11;25;3;512;149;116;23;65;4;8;29;10;9;1;1;0;0;0;35;2
2011-11;26;3;326;55;121;3;31;3;0;13;26;9;1;1;0;0;4;22;3
2011-11;27;3;789;230;219;41;138;16;18;59;52;21;2;0;1;2;5;63;3
2011-11;28;3;652;131;136;21;80;17;3;33;23;32;2;1;2;0;2;67;5
2011-11;29;3;663;149;243;52;120;10;14;13;41;10;4;4;5;0;0;36;6
2011-11;30;3;509;89;118;32;52;7;1;18;21;12;1;0;1;1;4;71;1
2011-11;31;3;485;158;81;18;101;9;4;32;10;6;3;3;1;0;3;62;5
2011-11;32;3;1166;80;258;57;58;6;7;14;20;50;3;3;4;0;11;187;10
2011-11;33;3;835;152;198;33;88;7;2;42;41;25;12;11;8;1;12;101;6
2011-11;34;3;1391;310;324;72;205;10;10;68;23;39;4;3;14;1;5;127;13
2011-11;35;3;1792;216;371;128;133;1;18;38;32;61;15;14;8;0;14;284;22
2011-11;36;3;713;47;157;38;26;0;1;12;12;25;19;14;3;5;12;131;9
2011-11;37;3;681;99;212;39;58;5;6;25;27;31;2;2;9;0;4;42;7
2011-11;38;3;647;135;154;31;56;4;5;38;25;16;5;5;12;0;4;76;5
2011-11;39;3;658;196;97;11;92;1;19;67;14;6;13;8;8;5;8;40;6
2011-11;40;3;420;183;54;8;112;6;10;36;11;5;1;1;2;0;6;24;1
2011-11;41;3;492;35;123;24;23;8;2;4;5;29;2;2;2;0;0;66;0
2011-11;42;3;635;53;219;43;21;2;3;19;25;20;2;1;3;1;0;73;6
2011-11;43;3;316;25;63;11;9;1;1;10;5;14;5;5;2;0;3;58;2
2011-11;44;3;342;104;76;13;57;7;2;34;2;8;4;3;4;1;0;28;3
2011-12;1;3;777;73;290;111;56;1;3;3;8;24;0;0;0;0;0;33;1
2011-12;4;3;722;109;305;12;95;11;6;2;4;62;0;0;0;0;0;36;2
2011-12;5;3;1192;189;527;90;157;4;3;4;10;45;0;0;0;0;3;51;3
2011-12;6;3;515;62;109;13;41;2;5;5;9;23;0;0;11;0;3;43;0
2011-12;7;3;153;34;31;2;15;0;0;8;2;1;1;1;0;0;1;8;2
2011-12;9;3;620;99;262;25;66;3;1;4;13;21;0;0;0;0;6;14;3
2011-12;10;3;692;80;264;71;60;6;7;2;10;42;0;0;3;0;1;37;5
2011-12;12;3;851;69;348;66;33;1;3;0;6;32;0;0;0;0;1;46;0
2011-12;13;3;452;34;157;50;26;2;1;0;2;22;0;0;0;0;0;21;0
2011-12;14;3;766;69;291;73;44;5;0;0;4;39;2;0;2;2;3;20;4
2011-12;15;3;497;41;132;30;16;3;5;2;8;13;0;0;3;0;0;51;4
2011-12;16;3;1139;91;423;106;63;4;6;6;16;84;4;2;2;1;7;88;1
2011-12;17;3;782;109;194;21;59;3;11;15;7;35;3;2;5;1;3;47;1
2011-12;18;3;397;69;116;24;41;2;4;9;10;9;0;0;1;0;2;28;2
2011-12;19;3;651;55;228;49;28;3;1;5;8;15;0;0;3;0;0;59;4
2011-12;20;3;676;48;186;34;25;2;1;8;9;18;0;0;1;0;4;74;1
2011-12;21;3;1041;245;284;34;141;12;36;50;9;18;10;9;10;1;10;79;5
2011-12;22;3;861;93;250;31;43;5;6;22;25;46;2;1;0;1;6;81;4
2011-12;23;3;751;153;301;42;108;10;5;22;11;54;0;0;1;0;0;35;3
2011-12;24;3;417;93;82;16;51;3;2;22;10;11;2;0;1;2;1;29;4
2011-12;25;3;549;195;91;11;81;7;4;45;3;8;5;1;1;2;4;45;3
2011-12;26;3;416;81;102;13;40;4;1;27;14;13;5;5;1;0;2;25;8
2011-12;27;3;865;236;234;40;126;13;6;70;59;14;12;12;0;0;1;73;4
2011-12;28;3;553;127;116;23;85;14;4;27;15;27;2;2;1;0;5;52;1
2011-12;29;3;774;144;331;50;107;8;13;18;34;25;3;3;2;0;2;53;5
2011-12;30;3;588;139;134;25;82;3;6;29;26;20;8;7;1;0;0;80;5
2011-12;31;3;509;163;91;11;96;3;6;40;13;8;5;3;5;0;7;59;6
2011-12;32;3;1358;89;313;73;57;8;3;6;25;57;4;4;10;0;10;196;11
2011-12;33;3;848;172;161;40;91;8;9;42;35;29;2;2;8;0;6;110;9
2011-12;34;3;1462;325;305;75;200;8;11;80;34;30;10;8;10;0;5;150;11
2011-12;35;3;1946;264;403;82;136;4;27;58;31;42;19;19;4;0;16;337;18
2011-12;36;3;841;58;199;35;39;3;5;9;9;31;13;13;5;0;10;129;12
2011-12;37;3;716;79;250;46;45;3;4;18;23;30;1;1;1;0;10;55;3
2011-12;38;3;702;102;195;31;50;5;4;29;17;23;0;0;5;0;2;80;4
2011-12;39;3;662;231;119;12;108;4;23;44;13;9;7;5;9;2;1;38;7
2011-12;40;3;489;178;67;5;102;8;11;47;13;10;6;5;11;1;3;37;1
2011-12;41;3;656;80;139;38;50;12;2;13;9;29;2;0;4;1;6;75;1
2011-12;42;3;643;68;191;32;31;3;1;22;16;23;0;0;1;0;5;76;3
2011-12;43;3;356;14;53;8;6;1;1;3;0;16;4;4;1;0;7;72;9
2011-12;44;3;451;114;96;13;68;5;5;23;5;13;3;3;0;0;1;34;3
2012-01;1;3;749;90;264;129;59;5;3;2;5;35;1;1;0;0;0;30;1
2012-01;4;3;636;101;281;12;87;15;7;3;1;53;1;1;1;0;6;30;2
2012-01;5;3;1097;158;513;52;119;6;1;1;4;59;0;0;0;0;1;57;2
2012-01;6;3;516;72;128;15;46;1;10;10;4;9;2;1;5;1;5;26;3
2012-01;7;3;135;28;31;3;14;0;0;3;8;0;0;0;0;0;3;20;2
2012-01;9;3;525;102;217;30;58;4;2;11;15;16;0;0;0;0;2;12;2
2012-01;10;3;633;77;267;62;47;4;3;1;24;46;0;0;1;0;0;32;1
2012-01;12;3;1490;80;975;67;49;5;1;1;5;75;0;0;0;0;1;45;4
2012-01;13;3;480;27;239;36;21;1;3;0;0;26;0;0;1;0;4;22;2
2012-01;14;3;798;59;387;61;37;2;2;2;5;37;0;0;0;0;1;37;0
2012-01;15;3;481;23;138;35;11;0;0;2;6;16;2;2;2;0;3;62;4
2012-01;16;3;1111;109;411;100;75;13;8;9;33;76;2;2;0;0;4;81;6
2012-01;17;3;674;124;186;15;73;4;18;13;6;28;1;1;8;0;4;37;7
2012-01;18;3;398;53;148;31;38;1;6;1;8;13;0;0;0;0;1;26;1
2012-01;19;3;601;62;195;51;36;1;1;5;5;22;0;0;3;0;2;54;1
2012-01;20;3;699;47;155;34;25;1;1;6;13;15;1;0;0;0;1;58;2
2012-01;21;3;1022;219;297;33;125;14;29;37;13;27;8;6;10;2;5;67;13
2012-01;22;3;816;123;280;27;56;4;8;36;45;45;5;5;7;0;5;56;10
2012-01;23;3;651;130;228;53;75;9;1;32;9;42;1;1;0;0;2;33;3
2012-01;24;3;342;85;68;21;45;2;2;18;14;5;3;3;0;0;2;31;2
2012-01;25;3;510;140;112;20;60;5;8;23;4;10;3;1;1;2;3;41;6
2012-01;26;3;340;80;91;6;55;1;2;11;19;9;2;1;4;1;0;33;5
2012-01;27;3;832;232;226;40;117;15;12;82;50;36;8;7;5;1;10;60;4
2012-01;28;3;533;119;146;22;71;10;6;30;15;32;4;3;1;0;8;54;9
2012-01;29;3;602;156;173;46;120;8;10;20;11;10;2;2;1;0;3;54;1
2012-01;30;3;501;130;108;18;84;1;3;24;14;20;2;1;1;0;2;78;2
2012-01;31;3;511;145;93;22;98;8;7;30;14;10;10;7;7;3;2;69;1
2012-01;32;3;1429;133;293;75;91;9;6;14;24;41;6;6;8;0;11;248;14
2012-01;33;3;799;157;214;22;79;10;6;44;40;39;7;5;5;2;10;97;4
2012-01;34;3;1445;327;299;64;195;12;15;67;45;41;11;6;20;5;6;159;10
2012-01;35;3;1818;225;394;118;124;5;21;48;41;51;16;14;5;1;16;304;27
2012-01;36;3;776;53;179;25;38;1;6;6;14;27;16;13;3;2;12;137;17
2012-01;37;3;717;72;229;68;43;1;2;11;19;43;4;3;0;0;7;47;3
2012-01;38;3;646;123;162;30;53;8;7;35;22;27;2;2;1;0;5;83;7
2012-01;39;3;803;253;116;19;136;3;25;55;7;14;15;12;4;3;7;44;8
2012-01;40;3;416;153;65;10;85;11;11;41;14;7;5;4;5;1;1;29;1
2012-01;41;3;527;79;129;34;43;8;1;10;19;23;3;3;1;0;3;73;8
2012-01;42;3;631;41;189;36;22;2;1;9;35;15;6;6;3;0;0;63;5
2012-01;43;3;380;15;71;7;7;0;1;3;12;12;3;3;1;0;7;68;9
2012-01;44;3;398;103;109;5;60;6;6;24;6;11;1;1;2;0;1;26;4
2012-02;1;3;1073;87;670;86;62;6;5;3;5;79;0;0;0;0;0;30;0
2012-02;4;3;742;110;380;12;96;9;10;5;2;67;3;3;2;0;3;16;3
2012-02;5;3;2302;230;1610;72;188;12;2;0;14;122;2;1;2;0;3;41;6
2012-02;6;3;581;67;185;12;51;2;9;2;6;21;3;1;31;1;3;33;2
2012-02;7;3;357;33;228;7;22;0;0;3;3;21;0;0;5;0;0;16;1
2012-02;9;3;723;120;385;17;88;2;3;7;7;40;0;0;1;0;1;21;1
2012-02;10;3;668;74;285;50;55;9;5;4;14;45;0;0;2;0;0;32;2
2012-02;12;3;937;67;405;80;31;0;1;0;3;26;0;0;4;0;2;62;5
2012-02;13;3;530;32;268;37;24;4;5;0;3;33;0;0;0;0;0;15;2
2012-02;14;3;1969;149;1453;62;123;11;7;1;14;196;0;0;3;0;3;34;2
2012-02;15;3;499;41;187;21;26;3;5;1;4;32;4;4;6;0;2;43;2
2012-02;16;3;1096;107;425;96;66;6;8;7;27;83;2;2;0;0;4;68;5
2012-02;17;3;607;107;164;17;54;2;7;21;5;11;1;1;19;0;1;43;9
2012-02;18;3;414;82;130;22;50;1;6;11;8;15;0;0;0;0;3;24;1
2012-02;19;3;647;50;225;52;31;2;2;5;9;31;1;1;1;0;2;54;0
2012-02;20;3;719;55;191;47;34;1;2;6;12;17;1;1;2;0;7;73;6
2012-02;21;3;981;223;244;31;136;11;34;37;24;23;14;8;11;4;2;61;5
2012-02;22;3;790;133;244;28;63;5;11;34;27;43;5;5;0;0;5;73;5
2012-02;23;3;717;188;266;46;133;15;5;29;10;56;0;0;0;0;1;37;1
2012-02;24;3;384;107;95;12;61;4;1;18;8;11;1;1;1;0;2;48;1
2012-02;25;3;544;143;140;17;62;2;4;35;4;15;7;5;0;2;5;32;2
2012-02;26;3;406;108;119;8;58;4;0;24;6;13;2;1;7;1;2;16;2
2012-02;27;3;767;239;215;29;109;9;5;82;24;29;6;4;6;2;2;63;5
2012-02;28;3;525;131;131;22;80;5;6;33;15;24;8;8;2;0;2;60;0
2012-02;29;3;684;165;225;42;115;15;8;36;8;18;7;7;59;0;4;70;7
2012-02;30;3;504;105;89;25;64;6;5;25;19;6;4;4;3;0;3;76;5
2012-02;31;3;504;163;67;14;92;5;10;50;11;0;4;4;4;0;1;69;4
2012-02;32;3;1289;98;318;47;62;4;3;12;27;46;3;3;5;0;11;230;13
2012-02;33;3;799;143;161;34;82;9;7;29;33;25;10;10;4;0;5;120;11
2012-02;34;3;1383;347;324;61;225;17;11;72;48;39;12;6;5;4;8;106;10
2012-02;35;3;1737;239;390;89;134;6;16;56;43;47;17;16;7;1;16;298;15
2012-02;36;3;763;86;197;17;52;4;4;14;9;44;14;13;8;0;10;135;21
2012-02;37;3;730;110;231;38;61;9;4;23;14;31;1;1;7;0;6;59;8
2012-02;38;3;673;127;130;29;48;3;9;49;17;13;3;3;1;0;11;74;15
2012-02;39;3;752;276;113;6;117;2;20;81;7;4;9;5;13;4;7;43;13
2012-02;40;3;488;179;77;7;98;10;12;61;14;9;2;1;8;1;6;51;3
2012-02;41;3;548;46;142;26;28;2;0;7;6;33;1;1;2;0;1;73;4
2012-02;42;3;629;63;194;21;28;1;3;17;46;8;1;1;3;0;4;97;6
2012-02;43;3;412;26;85;5;6;0;2;14;17;12;3;3;5;0;5;78;8
2012-02;44;3;365;110;91;8;63;6;4;26;3;14;3;3;2;0;3;29;3
2012-03;1;3;897;115;346;129;90;6;5;2;7;44;2;2;0;0;0;24;2
2012-03;4;3;783;117;383;11;93;11;7;5;4;56;2;2;2;0;1;27;1
2012-03;5;3;1250;199;545;76;158;15;5;1;8;62;0;0;0;0;1;42;4
2012-03;6;3;524;57;131;20;43;1;7;2;6;17;4;3;3;1;2;39;1
2012-03;7;3;152;21;55;2;10;0;0;1;17;4;0;0;6;0;3;15;0
2012-03;9;3;581;135;221;16;95;11;2;4;17;17;1;1;2;0;2;25;0
2012-03;10;3;664;64;295;49;42;8;0;2;19;35;0;0;0;0;0;39;3
2012-03;12;3;807;53;338;77;18;1;3;0;4;25;0;0;0;0;1;54;5
2012-03;13;3;443;34;157;31;24;2;0;2;1;21;0;0;0;0;1;29;1
2012-03;14;3;747;84;343;50;45;6;4;1;7;45;0;0;2;0;0;46;0
2012-03;15;3;485;50;160;33;25;0;8;2;7;16;6;6;0;0;5;41;6
2012-03;16;3;1188;118;428;134;66;7;4;15;37;83;0;0;4;0;8;94;3
2012-03;17;3;723;132;211;22;72;9;14;25;20;30;1;1;3;0;3;40;4
2012-03;18;3;517;88;172;41;48;1;3;18;12;14;2;2;0;0;3;36;1
2012-03;19;3;679;65;229;65;42;7;4;1;12;15;2;1;2;0;9;45;4
2012-03;20;3;802;56;190;34;33;3;0;4;9;17;0;0;0;0;5;43;4
2012-03;21;3;1114;233;294;45;127;13;27;45;25;29;3;2;7;0;12;80;8
2012-03;22;3;944;162;280;49;66;3;4;57;29;46;2;2;0;0;10;92;2
2012-03;23;3;762;146;280;40;98;17;1;28;7;49;2;1;6;1;3;53;1
2012-03;24;3;453;120;104;27;74;6;1;22;11;12;1;1;2;0;1;47;3
2012-03;25;3;568;125;176;16;68;5;6;22;16;9;4;2;3;2;3;36;7
2012-03;26;3;414;90;129;6;58;9;0;16;21;7;3;1;0;1;0;39;4
2012-03;27;3;849;234;221;30;99;15;1;93;39;23;6;5;5;1;4;88;8
2012-03;28;3;625;154;143;20;88;6;10;42;14;34;6;6;4;0;5;60;3
2012-03;29;3;718;175;218;47;136;14;8;22;17;19;4;3;2;1;7;56;6
2012-03;30;3;492;100;104;23;58;2;4;22;23;15;3;3;1;0;5;66;4
2012-03;31;3;521;172;85;13;97;2;2;53;11;5;8;8;8;0;6;67;4
2012-03;32;3;1449;117;363;65;69;4;3;24;32;50;4;4;4;0;20;257;12
2012-03;33;3;904;196;177;37;102;17;9;55;33;30;15;12;6;3;9;142;6
2012-03;34;3;1474;348;307;54;207;18;12;94;40;44;17;13;12;4;15;148;10
2012-03;35;3;2016;212;437;137;113;6;17;57;49;56;7;6;10;0;29;289;23
2012-03;36;3;926;70;208;38;40;4;6;15;14;48;22;15;1;7;8;178;7
2012-03;37;3;748;94;256;42;66;5;6;8;29;36;2;0;1;0;7;67;3
2012-03;38;3;739;174;133;36;82;6;7;52;18;20;6;5;4;1;7;84;10
2012-03;39;3;827;285;140;11;123;3;31;85;7;9;7;6;9;1;5;47;8
2012-03;40;3;479;193;75;15;94;8;7;62;15;5;4;3;9;1;10;36;3
2012-03;41;3;600;73;133;37;42;3;1;11;10;26;0;0;1;0;5;75;2
2012-03;42;3;698;91;189;36;33;0;3;30;38;7;2;2;2;0;7;68;3
2012-03;43;3;378;18;74;6;6;0;0;7;4;14;3;3;3;0;0;75;10
2012-03;44;3;433;108;112;7;53;6;6;25;14;9;2;2;0;0;5;36;1
2012-04;1;3;675;68;267;96;53;9;4;0;5;36;1;1;3;0;0;29;1
2012-04;4;3;732;90;354;18;74;8;1;8;4;60;1;1;2;0;2;38;2
2012-04;5;3;1014;131;467;63;92;6;5;3;11;54;1;0;2;0;0;50;0
2012-04;6;3;453;61;97;10;43;3;4;4;6;8;1;1;0;0;4;56;3
2012-04;7;3;161;30;46;0;21;0;0;3;13;2;0;0;0;0;1;11;0
2012-04;9;3;528;96;230;21;65;4;5;7;20;16;0;0;0;0;0;22;0
2012-04;10;3;593;56;252;52;39;2;5;3;16;44;0;0;0;0;0;32;0
2012-04;12;3;727;55;283;65;31;2;4;1;3;20;0;0;0;0;0;59;1
2012-04;13;3;433;36;151;32;20;0;0;1;1;17;0;0;0;0;3;29;0
2012-04;14;3;611;75;267;46;40;8;3;2;3;41;0;0;1;0;0;20;0
2012-04;15;3;507;38;155;32;19;1;7;3;10;17;5;3;7;2;3;34;1
2012-04;16;3;1103;120;422;106;73;10;3;13;29;68;0;0;1;0;3;61;3
2012-04;17;3;639;93;189;22;60;4;11;11;7;19;0;0;12;0;3;49;3
2012-04;18;3;439;84;164;21;47;2;7;13;7;7;0;0;0;0;2;16;0
2012-04;19;3;658;63;201;68;44;3;1;6;6;16;0;0;0;0;1;42;3
2012-04;20;3;639;57;172;31;29;1;0;10;10;17;0;0;0;0;5;46;1
2012-04;21;3;968;195;257;32;99;7;29;45;19;26;8;6;8;2;9;42;6
2012-04;22;3;899;191;248;36;89;8;3;59;30;50;1;1;1;0;1;66;8
2012-04;23;3;711;171;283;41;95;10;3;45;14;49;0;0;0;0;0;40;2
2012-04;24;3;409;101;90;13;50;5;1;30;9;17;8;7;2;1;0;34;2
2012-04;25;3;511;117;137;16;52;8;3;21;3;11;5;2;3;3;2;40;4
2012-04;26;3;427;105;118;15;64;4;2;18;21;10;2;0;2;2;0;25;3
2012-04;27;3;856;263;244;37;119;12;4;103;46;43;4;3;2;1;2;74;3
2012-04;28;3;636;188;138;23;100;13;5;49;16;26;2;2;5;0;5;65;3
2012-04;29;3;752;190;242;28;141;7;15;27;12;34;1;0;2;0;3;53;3
2012-04;30;3;485;127;94;16;76;8;1;33;22;8;2;2;2;0;0;78;4
2012-04;31;3;541;194;91;12;101;3;4;70;10;3;7;6;7;1;3;59;4
2012-04;32;3;1291;98;289;40;60;4;6;17;21;51;2;2;11;0;12;242;18
2012-04;33;3;879;174;206;32;103;15;9;33;60;32;16;14;13;2;6;116;8
2012-04;34;3;1437;351;309;66;222;6;18;90;46;48;16;12;11;4;8;125;19
2012-04;35;3;1908;224;357;115;122;5;18;55;36;36;11;11;7;0;11;300;18
2012-04;36;3;800;68;181;30;40;4;6;11;17;54;7;7;1;0;20;144;6
2012-04;37;3;852;94;281;40;62;3;3;10;39;41;3;2;3;1;8;77;7
2012-04;38;3;755;166;208;23;74;14;4;41;20;25;3;3;4;0;3;70;10
2012-04;39;3;694;217;120;9;101;0;14;53;11;14;11;8;9;3;3;52;6
2012-04;40;3;439;168;63;10;84;6;14;57;8;6;4;2;6;2;0;39;2
2012-04;41;3;520;73;111;28;37;5;3;13;6;23;4;3;3;1;4;65;7
2012-04;42;3;644;58;189;29;20;0;1;21;32;7;1;1;6;0;7;100;2
2012-04;43;3;401;21;56;5;3;0;1;9;3;10;6;4;1;0;3;78;9
2012-04;44;3;430;103;103;8;57;9;4;24;7;9;4;3;2;1;1;23;8
2012-05;1;3;811;62;306;125;49;3;3;0;12;36;0;0;0;0;3;35;3
2012-05;4;3;735;100;357;22;78;8;5;8;0;51;2;2;0;0;4;34;2
2012-05;5;3;1096;141;479;74;108;6;3;4;7;59;0;0;1;0;0;47;0
2012-05;6;3;523;68;125;17;51;2;4;7;9;14;1;1;1;0;1;40;2
2012-05;7;3;175;33;38;5;20;1;0;6;8;1;1;1;0;0;1;13;1
2012-05;9;3;632;79;239;38;52;2;6;6;20;31;1;1;0;0;2;28;1
2012-05;10;3;662;36;325;46;21;3;1;2;19;45;0;0;1;0;2;38;1
2012-05;12;3;670;41;264;58;27;1;2;0;2;25;1;1;0;0;1;44;2
2012-05;13;3;411;26;146;38;19;2;1;0;0;17;0;0;1;0;0;26;3
2012-05;14;3;663;76;277;54;49;6;1;0;2;35;0;0;0;0;0;25;1
2012-05;15;3;530;48;151;32;33;4;5;3;2;21;0;0;6;0;7;41;4
2012-05;16;3;1151;119;421;106;73;8;3;14;29;82;1;1;3;0;2;55;4
2012-05;17;3;704;87;245;22;54;6;15;13;12;24;2;0;4;2;0;40;14
2012-05;18;3;512;85;192;28;56;2;6;9;16;24;0;0;0;0;0;24;3
2012-05;19;3;656;60;216;68;42;4;3;6;6;23;0;0;0;0;1;49;3
2012-05;20;3;761;63;180;49;37;3;6;13;16;14;1;1;0;0;3;60;5
2012-05;21;3;1044;170;288;42;106;6;15;30;18;35;8;6;5;2;5;75;7
2012-05;22;3;897;163;251;44;65;5;7;47;32;45;3;3;2;0;3;62;8
2012-05;23;3;858;166;313;55;102;12;3;32;12;50;2;2;5;0;2;41;4
2012-05;24;3;432;93;88;22;53;3;0;28;14;8;2;2;1;0;1;62;4
2012-05;25;3;546;153;161;19;59;3;6;42;5;13;4;3;1;1;5;36;2
2012-05;26;3;458;103;152;15;62;10;7;21;27;16;1;1;3;0;1;30;3
2012-05;27;3;813;253;191;37;114;10;7;91;44;28;3;2;0;1;2;69;4
2012-05;28;3;643;172;142;35;86;7;6;55;19;24;4;4;1;0;3;64;6
2012-05;29;3;867;233;308;43;172;12;26;39;21;41;5;2;1;3;1;48;3
2012-05;30;3;580;157;132;19;101;7;2;41;18;24;3;2;4;0;5;68;4
2012-05;31;3;532;216;95;15;126;8;5;57;11;12;4;3;2;1;3;36;7
2012-05;32;3;1400;102;340;64;72;4;2;12;30;42;5;5;3;0;17;218;16
2012-05;33;3;884;185;195;26;104;16;7;48;42;32;7;5;6;1;9;112;12
2012-05;34;3;1503;379;344;62;239;14;12;71;43;48;8;7;7;1;5;126;21
2012-05;35;3;2059;283;452;131;149;4;18;63;23;51;9;9;15;0;20;278;23
2012-05;36;3;902;62;207;24;36;4;10;11;10;57;5;3;5;2;18;151;8
2012-05;37;3;802;92;242;51;62;3;5;9;23;29;2;2;1;0;8;78;9
2012-05;38;3;791;187;194;32;81;12;5;46;17;23;4;4;5;0;5;66;4
2012-05;39;3;823;274;110;19;141;3;29;53;13;8;18;6;10;10;3;40;2
2012-05;40;3;496;233;77;13;129;3;18;72;8;14;3;1;7;1;1;37;2
2012-05;41;3;509;62;141;26;37;7;2;13;6;22;0;0;1;0;4;66;4
2012-05;42;3;696;88;192;49;33;0;2;32;46;16;2;2;3;0;3;76;2
2012-05;43;3;419;20;75;9;12;0;3;2;5;5;5;5;1;0;6;87;8
2012-05;44;3;449;117;102;7;53;5;7;31;7;13;1;0;0;1;2;33;2
2012-06;1;3;649;76;255;74;61;4;4;2;5;34;0;0;0;0;0;28;3
2012-06;4;3;593;81;285;14;70;9;11;3;5;50;0;0;1;0;1;22;2
2012-06;5;3;989;123;438;62;96;4;1;4;10;46;0;0;1;0;2;33;4
2012-06;6;3;474;55;122;15;33;1;7;4;9;17;2;0;5;2;2;53;0
2012-06;7;3;138;19;31;3;10;1;0;3;1;2;1;1;4;0;1;13;0
2012-06;9;3;521;53;227;32;32;3;2;4;18;25;0;0;0;0;0;25;3
2012-06;10;3;639;52;268;44;32;3;5;5;19;42;0;0;0;0;5;39;1
2012-06;12;3;661;27;285;52;12;0;1;0;5;26;1;1;0;0;2;45;4
2012-06;13;3;401;20;155;32;15;3;1;0;3;27;1;0;0;0;1;42;1
2012-06;14;3;644;55;242;44;35;3;3;4;0;36;0;0;6;0;0;30;1
2012-06;15;3;481;51;121;39;30;3;8;4;7;15;1;0;7;1;1;41;4
2012-06;16;3;968;59;386;89;39;6;1;7;28;67;0;0;3;0;3;77;4
2012-06;17;3;618;81;229;15;41;4;14;18;9;30;2;1;0;0;3;36;1
2012-06;18;3;433;58;165;10;30;2;2;9;10;11;1;1;0;0;0;27;1
2012-06;19;3;600;58;192;51;42;4;4;4;12;24;0;0;0;0;4;51;4
2012-06;20;3;724;51;183;34;35;3;6;5;8;18;0;0;10;0;2;52;3
2012-06;21;3;994;155;282;46;75;10;19;23;9;24;3;2;1;0;8;78;5
2012-06;22;3;878;132;226;44;69;6;3;30;28;36;0;0;16;0;8;73;5
2012-06;23;3;778;170;299;40;107;10;5;29;11;38;1;1;3;0;0;43;1
2012-06;24;3;391;98;88;18;56;1;1;20;10;9;1;1;0;0;2;55;1
2012-06;25;3;587;181;129;13;89;8;10;49;4;8;6;6;6;0;2;28;4
2012-06;26;3;433;96;122;3;56;5;1;19;17;12;2;2;0;0;1;35;5
2012-06;27;3;766;232;194;43;118;10;3;78;44;19;6;5;2;0;2;70;8
2012-06;28;3;599;151;138;25;84;6;5;45;15;22;2;2;10;0;6;63;3
2012-06;29;3;778;185;281;50;140;6;16;22;15;39;4;4;3;0;5;50;3
2012-06;30;3;484;135;76;27;83;2;3;34;11;14;5;2;2;1;4;67;7
2012-06;31;3;470;176;84;13;103;3;5;48;14;10;5;3;2;2;5;37;6
2012-06;32;3;1372;125;318;68;77;4;8;27;19;35;4;4;8;0;20;218;18
2012-06;33;3;844;171;154;37;104;17;8;33;22;27;2;1;4;1;7;125;11
2012-06;34;3;1326;355;273;65;216;17;23;82;30;27;5;4;6;1;8;119;17
2012-06;35;3;1846;254;353;119;122;4;12;66;33;46;15;15;14;0;20;258;13
2012-06;36;3;844;62;196;41;38;4;10;12;7;48;5;5;1;0;17;139;7
2012-06;37;3;686;76;176;47;52;3;1;12;19;13;1;1;1;0;3;80;8
2012-06;38;3;713;172;146;15;82;3;3;45;24;11;3;2;3;1;4;68;7
2012-06;39;3;689;232;107;16;105;4;15;56;7;13;18;17;8;1;2;39;7
2012-06;40;3;452;179;66;7;96;3;8;49;10;5;2;1;5;1;4;43;2
2012-06;41;3;499;65;141;34;39;6;2;13;5;20;0;0;1;0;2;66;2
2012-06;42;3;580;79;188;29;37;1;1;13;18;12;1;0;0;0;1;62;10
2012-06;43;3;382;8;62;7;2;0;1;1;3;12;3;3;7;0;4;77;11
2012-06;44;3;440;148;86;9;83;10;4;39;5;8;4;3;2;1;1;26;1
2012-07;1;3;867;82;362;105;65;13;3;0;10;38;1;1;0;0;2;38;4
2012-07;4;3;640;101;258;25;82;7;5;7;0;40;0;0;0;0;0;21;3
2012-07;5;3;1124;152;460;98;116;9;6;7;11;65;0;0;2;0;4;54;3
2012-07;6;3;473;72;99;23;47;5;4;4;5;13;3;2;1;1;3;27;6
2012-07;7;3;133;20;37;2;9;0;0;1;8;6;0;0;0;0;1;6;1
2012-07;9;3;507;60;214;21;41;2;2;5;19;18;1;1;0;0;1;20;1
2012-07;10;3;670;58;269;50;32;2;4;6;18;41;0;0;0;0;1;29;2
2012-07;12;3;662;42;261;81;29;4;2;0;3;22;0;0;0;0;1;46;5
2012-07;13;3;413;24;136;33;14;1;0;0;3;22;1;1;0;0;1;29;3
2012-07;14;3;662;54;252;65;31;5;3;5;5;33;0;0;0;0;4;32;0
2012-07;15;3;506;54;136;39;40;6;6;1;6;26;1;1;1;0;4;52;5
2012-07;16;3;1048;84;365;125;52;5;3;11;23;70;1;1;3;0;4;72;4
2012-07;17;3;662;118;182;28;58;2;8;20;7;24;1;1;5;0;2;39;6
2012-07;18;3;482;81;166;33;59;4;3;4;15;14;0;0;1;0;0;32;1
2012-07;19;3;638;70;223;69;56;8;3;7;4;29;0;0;0;0;0;59;4
2012-07;20;3;664;55;181;38;25;2;3;16;11;13;4;0;0;2;1;63;4
2012-07;21;3;1028;145;293;45;88;14;13;28;11;33;6;4;1;2;5;60;3
2012-07;22;3;994;191;229;46;108;9;14;40;34;38;3;1;11;1;7;99;10
2012-07;23;3;759;151;251;57;87;9;4;30;6;34;0;0;0;0;1;43;2
2012-07;24;3;414;78;88;25;54;3;2;13;14;8;2;1;4;1;2;50;4
2012-07;25;3;620;141;138;18;64;6;7;27;7;13;11;3;8;8;6;31;6
2012-07;26;3;473;103;117;15;67;3;2;16;19;10;1;1;4;0;0;33;1
2012-07;27;3;829;233;213;37;123;10;6;71;51;25;8;7;5;0;2;60;9
2012-07;28;3;701;130;158;47;81;4;9;37;17;27;1;1;3;0;3;84;6
2012-07;29;3;738;156;241;47;114;10;11;20;17;27;2;1;4;1;3;32;4
2012-07;30;3;502;99;112;23;63;5;2;20;27;20;3;3;2;0;5;72;3
2012-07;31;3;489;156;84;11;95;9;1;46;13;7;7;5;0;2;4;45;8
2012-07;32;3;1458;108;328;75;76;4;7;11;26;47;3;2;3;0;17;233;16
2012-07;33;3;923;193;192;51;117;19;8;40;30;26;2;1;3;0;9;116;15
2012-07;34;3;1462;297;334;62;182;11;8;54;35;39;12;4;13;5;19;131;14
2012-07;35;3;2038;226;423;135;102;7;15;67;37;49;9;9;3;0;14;313;25
2012-07;36;3;939;69;197;35;39;0;9;19;9;40;9;7;3;2;18;160;14
2012-07;37;3;744;75;226;43;50;2;6;10;28;19;1;1;1;0;5;69;8
2012-07;38;3;772;168;178;25;68;7;4;63;16;29;8;7;12;1;6;62;4
2012-07;39;3;754;268;124;14;135;8;17;59;11;11;12;10;7;1;6;41;4
2012-07;40;3;473;168;72;17;103;10;5;41;18;3;9;5;5;4;5;39;3
2012-07;41;3;534;56;144;38;28;3;2;8;5;25;0;0;0;0;1;83;2
2012-07;42;3;611;67;163;44;25;1;1;22;25;10;0;0;3;0;5;63;2
2012-07;43;3;420;15;72;8;6;0;1;3;5;5;0;0;2;0;4;91;10
2012-07;44;3;426;99;109;17;57;4;4;27;10;17;7;5;4;2;4;24;4
2012-08;1;3;961;78;331;195;58;8;5;1;7;44;0;0;0;0;0;49;2
2012-08;4;3;650;87;317;16;71;5;5;7;3;63;2;2;1;0;5;18;1
2012-08;5;3;1078;130;493;96;98;8;3;2;12;61;0;0;5;0;3;51;1
2012-08;6;3;429;57;111;18;38;3;6;4;6;18;0;0;3;0;2;51;1
2012-08;7;3;153;41;34;4;24;3;0;8;5;1;1;1;0;0;1;9;1
2012-08;9;3;666;74;302;48;43;3;0;8;19;34;0;0;0;0;1;23;2
2012-08;10;3;576;55;252;54;33;2;3;6;12;42;0;0;0;0;1;21;4
2012-08;12;3;681;51;252;65;33;1;3;0;1;27;0;0;0;0;1;35;2
2012-08;13;3;422;28;147;40;20;3;1;1;1;26;0;0;0;0;1;39;0
2012-08;14;3;645;51;250;68;36;10;2;3;8;44;1;1;2;0;1;34;1
2012-08;15;3;491;27;133;33;18;3;0;2;6;17;1;1;2;0;2;36;5
2012-08;16;3;1130;105;415;98;64;5;0;8;40;76;0;0;0;0;5;86;5
2012-08;17;3;654;104;200;14;53;5;4;11;8;33;1;1;3;0;4;54;1
2012-08;18;3;454;75;163;31;48;6;5;10;11;16;3;0;0;3;0;32;2
2012-08;19;3;671;54;233;78;35;2;2;7;7;22;0;0;0;0;3;51;3
2012-08;20;3;759;61;178;56;36;1;2;8;17;9;1;1;3;0;2;55;2
2012-08;21;3;996;144;274;56;73;4;22;37;18;25;11;10;4;1;7;75;5
2012-08;22;3;932;129;259;38;69;5;4;31;29;38;2;2;7;0;4;83;8
2012-08;23;3;745;141;259;54;87;9;4;17;10;38;2;2;0;0;2;40;2
2012-08;24;3;435;84;91;18;44;7;2;16;12;8;6;6;4;0;1;49;5
2012-08;25;3;575;170;136;17;69;6;7;32;5;9;2;1;3;1;0;29;5
2012-08;26;3;496;129;120;20;70;3;4;25;18;9;0;0;0;0;3;32;4
2012-08;27;3;914;259;243;64;127;7;7;86;54;29;9;7;4;2;5;67;9
2012-08;28;3;663;116;120;54;54;5;4;34;10;19;4;2;4;2;3;97;2
2012-08;29;3;704;160;228;36;127;14;13;20;13;28;9;5;2;4;2;47;6
2012-08;30;3;527;116;102;23;70;2;2;27;15;13;2;2;2;0;1;75;5
2012-08;31;3;535;177;97;15;109;6;3;48;8;8;9;4;4;4;5;51;7
2012-08;32;3;1441;95;304;72;53;4;3;13;19;31;2;2;4;0;18;253;19
2012-08;33;3;933;188;183;43;111;6;8;40;33;22;7;7;12;0;9;104;13
2012-08;34;3;1469;290;331;82;185;7;5;58;36;41;5;4;2;0;12;144;20
2012-08;35;3;1995;205;440;167;98;4;10;51;38;71;6;6;5;0;14;300;17
2012-08;36;3;873;74;179;25;47;3;8;14;10;40;13;7;3;6;16;160;12
2012-08;37;3;742;67;244;37;35;2;9;15;26;26;4;0;5;4;2;86;6
2012-08;38;3;893;218;220;35;92;9;6;72;24;25;5;4;2;1;2;90;6
2012-08;39;3;772;269;119;15;129;10;12;64;17;14;12;6;6;6;6;46;6
2012-08;40;3;487;150;99;9;84;2;7;36;16;7;6;6;3;0;5;43;5
2012-08;41;3;474;59;113;38;33;5;1;10;3;23;1;1;0;0;1;77;4
2012-08;42;3;652;68;198;44;34;5;1;21;27;13;1;1;1;0;6;62;0
2012-08;43;3;497;34;76;14;10;4;3;13;7;9;1;1;3;0;3;124;9
2012-08;44;3;443;106;113;15;59;2;6;33;7;16;2;2;0;0;0;39;1
2012-09;1;3;742;59;240;168;37;2;2;6;10;33;0;0;0;0;0;17;0
2012-09;4;3;667;96;277;27;78;9;8;5;5;51;1;1;0;0;1;27;3
2012-09;5;3;918;92;405;70;66;6;3;4;7;54;0;0;0;0;4;50;3
2012-09;6;3;412;60;109;20;34;1;5;7;5;16;1;1;3;0;1;27;4
2012-09;7;3;182;36;58;2;21;1;0;7;13;1;1;1;3;0;1;8;1
2012-09;9;3;514;65;221;23;35;2;2;8;16;18;0;0;0;0;2;26;1
2012-09;10;3;638;53;276;56;30;2;3;6;14;43;1;1;0;0;2;42;6
2012-09;12;3;631;50;261;59;32;4;2;1;3;32;0;0;0;0;2;40;1
2012-09;13;3;399;33;150;34;21;1;0;0;3;12;1;1;0;0;1;29;0
2012-09;14;3;585;70;233;45;40;11;1;7;6;33;0;0;1;0;0;22;1
2012-09;15;3;496;47;134;27;28;4;2;3;6;17;1;1;6;0;4;52;6
2012-09;16;3;1079;108;385;95;79;5;1;9;28;75;1;1;2;0;3;83;2
2012-09;17;3;575;102;162;21;53;1;10;16;7;21;2;0;8;1;7;29;6
2012-09;18;3;413;69;152;28;43;5;8;17;8;8;0;0;1;0;0;20;2
2012-09;19;3;560;57;185;45;37;7;1;4;8;17;0;0;3;0;0;43;2
2012-09;20;3;610;69;159;37;34;3;0;12;12;15;2;2;1;0;8;44;1
2012-09;21;3;943;122;269;39;60;5;18;26;24;28;7;4;2;2;4;81;12
2012-09;22;3;891;152;223;42;66;7;7;45;28;25;4;3;7;0;8;90;2
2012-09;23;3;637;121;215;44;72;11;0;24;10;45;0;0;0;0;1;32;3
2012-09;24;3;373;72;88;9;45;6;1;15;13;10;1;1;2;0;0;48;2
2012-09;25;3;542;143;113;16;72;7;6;30;6;12;3;2;6;1;1;43;2
2012-09;26;3;412;86;97;11;41;2;1;24;18;14;4;3;3;0;1;36;3
2012-09;27;3;790;238;202;40;115;8;8;86;44;18;8;7;2;1;6;80;5
2012-09;28;3;640;136;108;31;60;2;4;44;12;22;4;2;0;2;4;82;7
2012-09;29;3;640;139;225;28;102;8;12;26;11;27;6;5;6;1;1;53;4
2012-09;30;3;481;101;96;19;58;2;5;30;11;12;2;2;1;0;6;72;4
2012-09;31;3;497;149;88;12;78;3;3;51;11;7;4;4;2;0;1;49;8
2012-09;32;3;1287;82;281;53;50;2;8;6;17;44;2;2;3;0;13;219;12
2012-09;33;3;825;160;163;35;94;12;13;32;30;18;6;6;3;0;8;110;13
2012-09;34;3;1295;256;260;69;160;12;5;42;24;36;8;7;7;1;11;143;20
2012-09;35;3;1678;169;353;117;101;7;8;37;35;52;6;4;5;1;17;263;13
2012-09;36;3;760;52;169;29;36;1;3;8;10;46;12;12;3;0;6;144;3
2012-09;37;3;731;74;247;42;42;0;7;16;24;24;3;3;1;0;3;70;9
2012-09;38;3;778;192;156;20;68;7;5;65;14;18;5;5;6;0;6;75;4
2012-09;39;3;644;221;101;7;105;8;12;56;9;15;6;6;3;0;0;46;2
2012-09;40;3;422;115;79;11;61;6;5;25;14;7;7;5;3;2;3;59;3
2012-09;41;3;459;36;115;27;15;3;1;8;4;19;2;1;2;0;4;82;5
2012-09;42;3;555;46;180;30;14;0;2;23;39;11;0;0;0;0;4;67;4
2012-09;43;3;415;19;82;11;6;0;2;7;6;8;4;4;1;0;5;83;7
2012-09;44;3;404;99;102;8;48;1;7;28;0;10;0;0;1;0;1;29;2
2012-10;1;3;690;81;241;113;59;8;3;3;0;36;0;0;0;0;0;27;2
2012-10;4;3;724;91;340;27;75;7;8;1;2;47;0;0;2;0;3;31;6
2012-10;5;3;1088;149;482;94;115;9;5;1;11;68;1;1;1;0;2;36;1
2012-10;6;3;459;63;120;23;37;3;6;5;7;18;0;0;0;0;8;33;2
2012-10;7;3;154;29;34;3;21;1;1;1;8;3;0;0;1;0;0;24;3
2012-10;9;3;591;80;240;40;57;5;8;5;25;25;2;1;2;1;1;23;0
2012-10;10;3;635;62;285;79;49;4;7;3;16;45;0;0;0;0;1;24;3
2012-10;12;3;726;50;290;54;28;1;2;0;7;40;0;0;0;0;4;47;5
2012-10;13;3;407;23;169;29;20;3;0;1;3;20;0;0;0;0;0;33;0
2012-10;14;3;659;47;280;55;26;2;3;1;6;41;0;0;2;0;0;40;0
2012-10;15;3;522;31;144;35;16;1;5;2;10;24;2;1;11;1;1;40;8
2012-10;16;3;1173;89;459;121;52;5;5;15;35;87;0;0;3;0;0;66;1
2012-10;17;3;638;111;189;26;63;3;10;14;7;21;1;1;8;0;1;50;1
2012-10;18;3;465;74;173;34;41;3;5;14;20;16;0;0;0;0;1;26;4
2012-10;19;3;667;63;185;62;51;5;2;3;9;21;0;0;2;0;3;57;4
2012-10;20;3;697;72;189;44;40;2;0;12;16;18;2;2;3;0;1;52;2
2012-10;21;3;1165;150;332;38;75;6;15;30;41;23;9;4;6;4;8;82;12
2012-10;22;3;896;165;212;57;91;3;5;39;36;34;1;0;3;0;6;73;9
2012-10;23;3;700;128;238;75;94;14;4;9;10;33;1;1;1;0;1;49;5
2012-10;24;3;436;85;85;21;46;8;0;20;15;8;3;2;2;1;1;57;3
2012-10;25;3;558;121;130;31;76;5;7;18;6;19;3;2;2;0;7;43;4
2012-10;26;3;445;95;114;18;56;1;1;17;15;12;0;0;1;0;4;39;1
2012-10;27;3;858;274;204;38;140;13;8;100;44;19;5;0;1;5;4;69;4
2012-10;28;3;727;138;166;33;79;9;6;38;22;24;5;3;5;1;4;68;5
2012-10;29;3;719;171;249;29;118;9;15;27;11;31;5;4;8;1;4;43;1
2012-10;30;3;524;101;100;28;64;5;3;16;18;11;3;3;3;0;7;66;6
2012-10;31;3;565;142;105;17;86;4;1;39;8;8;1;1;0;0;2;65;4
2012-10;32;3;1380;99;304;82;68;7;4;8;21;39;2;2;11;0;11;226;12
2012-10;33;3;920;153;189;48;81;12;8;35;17;19;1;1;0;0;11;140;18
2012-10;34;3;1395;291;299;82;152;12;9;80;29;26;7;7;5;0;9;138;24
2012-10;35;3;1941;218;420;169;107;7;5;57;26;56;6;6;4;0;18;271;34
2012-10;36;3;1031;59;188;42;30;1;5;16;11;33;11;9;6;2;28;193;13
2012-10;37;3;785;96;223;45;53;6;5;17;32;25;6;4;2;1;8;73;6
2012-10;38;3;722;159;127;34;69;2;4;44;11;14;8;7;11;1;1;59;8
2012-10;39;3;769;218;109;10;97;7;10;67;7;11;8;3;8;3;3;42;8
2012-10;40;3;450;148;78;8;80;4;6;39;15;9;6;4;6;2;3;46;2
2012-10;41;3;511;41;161;34;22;1;1;6;6;28;0;0;1;0;8;67;2
2012-10;42;3;683;73;222;42;34;1;2;28;31;16;1;1;3;0;5;62;6
2012-10;43;3;430;20;63;13;7;0;0;9;5;15;3;3;2;0;5;136;12
2012-10;44;3;440;120;99;21;72;9;4;25;6;8;2;2;2;0;2;34;6
2012-11;1;3;590;84;200;155;53;4;8;2;1;34;0;0;0;0;0;9;0
2012-11;4;3;735;117;329;39;89;9;9;6;7;52;1;1;2;0;1;24;4
2012-11;5;3;1029;195;439;78;147;15;8;3;6;47;1;1;1;0;1;46;1
2012-11;6;3;434;47;140;18;33;0;4;2;8;21;0;0;0;0;3;26;2
2012-11;7;3;145;30;36;2;17;1;0;0;3;5;1;0;6;1;1;14;2
2012-11;9;3;606;68;264;51;45;6;2;3;14;36;1;1;0;0;2;21;1
2012-11;10;3;633;68;242;58;54;5;5;3;6;30;1;0;1;0;3;36;2
2012-11;12;3;777;52;339;69;37;2;2;1;1;33;0;0;0;0;3;49;2
2012-11;13;3;427;22;180;31;15;1;2;0;4;16;0;0;2;0;3;24;1
2012-11;14;3;589;57;228;64;36;2;1;0;5;33;1;0;5;1;1;23;3
2012-11;15;3;505;20;148;29;12;1;1;3;11;23;1;0;9;1;5;45;0
2012-11;16;3;1040;88;433;108;42;4;6;14;30;87;0;0;1;0;3;70;1
2012-11;17;3;572;88;151;20;50;3;11;13;8;12;0;0;8;0;5;26;8
2012-11;18;3;395;63;128;41;42;4;8;11;8;7;0;0;1;0;2;19;0
2012-11;19;3;591;55;217;73;37;5;0;5;10;21;0;0;1;0;3;64;0
2012-11;20;3;637;64;151;34;42;2;1;10;22;13;1;1;0;0;1;57;1
2012-11;21;3;1055;142;281;56;63;5;14;32;29;21;3;2;1;1;6;93;5
2012-11;22;3;886;175;206;47;70;6;6;58;37;19;6;4;6;2;6;59;7
2012-11;23;3;689;100;284;55;69;9;4;12;9;28;0;0;1;0;1;33;4
2012-11;24;3;447;85;106;30;60;3;4;15;7;10;1;0;0;1;1;37;0
2012-11;25;3;500;126;107;17;63;3;8;19;13;11;2;1;0;1;7;45;3
2012-11;26;3;422;89;118;11;53;6;0;15;14;9;5;3;4;1;2;29;3
2012-11;27;3;758;226;190;33;108;15;5;73;45;24;5;3;3;1;4;59;4
2012-11;28;3;617;117;154;43;69;7;6;28;14;13;5;5;2;0;6;56;2
2012-11;29;3;780;159;314;50;105;11;4;25;11;33;1;1;0;0;3;58;4
2012-11;30;3;452;110;120;19;65;1;4;28;18;11;1;1;0;0;5;41;5
2012-11;31;3;465;150;70;15;93;4;8;37;17;5;5;5;5;0;4;45;7
2012-11;32;3;1309;53;300;71;21;1;5;12;22;41;6;6;5;0;19;227;16
2012-11;33;3;814;149;151;43;87;6;7;24;15;14;9;6;11;1;10;117;7
2012-11;34;3;1323;280;266;86;155;12;7;77;31;32;13;5;6;8;12;150;15
2012-11;35;3;1719;214;368;156;108;5;11;54;28;43;4;4;10;0;20;273;20
2012-11;36;3;891;50;171;24;25;1;6;17;17;35;15;12;2;3;14;153;7
2012-11;37;3;730;87;212;36;52;3;6;15;35;21;4;4;4;0;5;75;8
2012-11;38;3;700;171;133;32;65;3;5;48;19;20;6;5;6;1;0;66;7
2012-11;39;3;636;197;115;13;88;3;6;61;8;9;9;5;7;4;6;38;2
2012-11;40;3;392;122;93;5;60;7;2;31;9;13;3;3;3;0;2;44;1
2012-11;41;3;520;32;155;34;14;3;1;3;8;26;1;1;3;0;1;83;10
2012-11;42;3;638;53;232;23;22;2;3;14;30;23;0;0;5;0;2;68;7
2012-11;43;3;384;13;69;10;2;0;0;8;5;11;0;0;2;0;8;88;9
2012-11;44;3;401;93;120;9;47;5;5;20;11;10;3;2;1;1;1;31;4
2012-12;1;3;612;57;200;187;42;3;4;1;2;27;0;0;0;0;1;17;1
2012-12;4;3;791;121;337;26;92;8;9;8;1;43;0;0;1;0;1;29;6
2012-12;5;3;1114;162;482;91;121;11;4;2;5;46;2;2;0;0;3;50;3
2012-12;6;3;458;42;108;16;25;1;3;3;5;12;1;1;9;0;1;32;0
2012-12;7;3;149;26;36;1;11;0;0;5;1;1;2;1;5;1;0;21;0
2012-12;9;3;565;84;218;44;58;3;4;4;19;18;1;1;0;0;0;17;2
2012-12;10;3;629;50;263;68;34;2;5;3;16;38;0;0;0;0;2;26;3
2012-12;12;3;963;76;433;75;51;2;7;2;4;36;1;1;3;0;3;41;2
2012-12;13;3;474;30;185;33;24;4;0;0;2;22;0;0;0;0;1;27;2
2012-12;14;3;797;46;389;53;25;4;3;1;9;42;0;0;1;0;1;32;2
2012-12;15;3;514;23;137;32;13;1;4;0;9;22;0;0;4;0;2;51;5
2012-12;16;3;1178;119;463;115;67;2;5;11;50;87;3;1;3;1;4;70;3
2012-12;17;3;603;80;175;19;56;4;11;4;6;15;2;2;3;0;2;48;7
2012-12;18;3;419;63;136;36;30;2;3;14;9;9;0;0;0;0;2;24;2
2012-12;19;3;606;52;196;58;34;3;2;1;2;19;2;2;6;0;0;50;3
2012-12;20;3;724;69;146;44;39;4;1;12;13;13;0;0;5;0;2;54;4
2012-12;21;3;1032;139;277;39;76;3;28;28;27;16;6;5;1;0;8;77;15
2012-12;22;3;859;175;202;52;72;3;10;52;19;29;8;5;1;3;4;80;6
2012-12;23;3;753;123;259;70;73;19;2;25;8;26;4;4;0;0;1;50;1
2012-12;24;3;436;94;77;30;53;5;2;27;11;7;2;2;5;0;2;56;2
2012-12;25;3;578;116;125;19;57;5;4;18;6;11;3;3;3;0;2;41;4
2012-12;26;3;425;105;99;11;59;3;1;24;12;11;2;2;0;0;1;44;4
2012-12;27;3;836;215;218;40;111;17;1;69;19;29;6;4;2;2;1;83;8
2012-12;28;3;679;137;128;37;71;4;2;42;14;22;3;3;7;0;7;80;2
2012-12;29;3;781;133;325;44;87;8;8;20;17;31;3;3;4;0;2;43;2
2012-12;30;3;499;75;120;14;40;0;2;15;18;13;0;0;6;0;5;88;7
2012-12;31;3;460;130;64;11;56;0;4;38;8;5;8;8;8;0;3;51;8
2012-12;32;3;1389;61;336;59;34;5;3;7;25;44;6;6;15;0;13;239;23
2012-12;33;3;859;144;170;41;80;8;2;32;13;18;5;5;2;0;4;143;9
2012-12;34;3;1447;293;341;65;148;10;10;89;29;35;11;11;7;0;6;130;18
2012-12;35;3;1906;221;492;141;98;5;11;69;36;58;6;6;9;0;16;265;21
2012-12;36;3;909;69;176;24;39;1;8;13;7;40;16;16;1;0;22;160;14
2012-12;37;3;848;90;242;42;49;3;10;20;27;32;2;2;3;0;6;73;6
2012-12;38;3;799;170;170;23;72;8;6;61;23;15;8;6;2;2;8;100;6
2012-12;39;3;722;266;118;11;97;6;6;83;10;12;8;3;21;5;2;40;10
2012-12;40;3;400;98;87;7;50;2;7;31;17;6;12;5;10;7;0;52;2
2012-12;41;3;512;38;144;39;16;5;1;8;8;28;1;1;0;0;2;87;3
2012-12;42;3;778;59;273;43;23;3;0;19;35;10;2;1;0;0;3;105;5
2012-12;43;3;433;26;67;7;14;0;3;8;5;8;3;3;1;0;7;91;7
2012-12;44;3;382;88;79;11;47;4;2;14;9;10;1;1;5;0;1;30;4
2013-01;1;3;660;70;194;278;49;6;0;0;1;31;0;0;2;0;1;12;2
2013-01;4;3;797;113;400;37;79;8;12;11;7;51;0;0;0;0;5;35;0
2013-01;5;3;1357;177;725;76;140;12;5;0;9;75;1;1;1;0;0;44;4
2013-01;6;3;519;71;142;25;45;3;6;6;4;8;2;1;0;1;4;38;2
2013-01;7;3;158;28;39;4;13;0;0;7;5;1;0;0;0;0;0;10;0
2013-01;9;3;640;109;301;43;80;6;4;5;26;41;1;1;0;0;0;21;1
2013-01;10;3;729;64;311;70;44;4;5;2;19;47;0;0;0;0;2;24;4
2013-01;12;3;1648;80;1155;67;60;7;4;0;6;77;0;0;0;0;1;55;9
2013-01;13;3;458;25;228;23;17;1;3;0;2;25;0;0;1;0;0;26;3
2013-01;14;3;768;62;382;58;37;9;6;1;3;44;0;0;0;0;2;38;1
2013-01;15;3;527;34;148;37;23;4;4;5;10;18;2;1;15;1;2;42;3
2013-01;16;3;1162;88;446;130;42;1;2;11;46;72;3;3;1;0;1;67;4
2013-01;17;3;603;93;204;22;59;2;14;18;6;22;1;1;6;0;3;41;3
2013-01;18;3;442;70;153;38;39;2;7;8;9;13;0;0;0;0;0;21;1
2013-01;19;3;599;85;148;82;63;8;2;5;4;21;0;0;5;0;2;34;3
2013-01;20;3;720;94;144;52;72;6;3;9;15;10;3;3;3;0;1;54;2
2013-01;21;3;987;144;254;47;72;2;9;32;16;21;6;5;5;1;8;74;14
2013-01;22;3;921;183;228;51;86;7;6;60;25;29;1;1;3;0;5;75;13
2013-01;23;3;741;138;266;65;96;13;6;21;9;38;2;0;2;0;0;35;2
2013-01;24;3;407;88;83;33;57;8;2;14;6;13;4;4;5;0;2;45;2
2013-01;25;3;556;107;135;25;56;6;8;15;3;6;1;1;4;0;4;44;6
2013-01;26;3;447;101;100;6;57;13;0;22;11;7;0;0;4;0;4;52;0
2013-01;27;3;814;262;201;24;136;9;4;87;40;30;5;4;6;0;3;72;6
2013-01;28;3;617;124;132;39;68;5;3;33;18;18;1;1;0;0;2;75;8
2013-01;29;3;677;138;220;56;98;5;8;18;21;20;2;2;4;0;3;42;5
2013-01;30;3;435;87;85;17;53;2;3;19;21;7;1;1;3;0;2;69;3
2013-01;31;3;505;179;84;19;86;5;2;65;9;7;11;11;5;0;1;47;7
2013-01;32;3;1322;66;302;76;39;0;3;8;18;33;2;2;6;0;10;258;18
2013-01;33;3;922;178;159;91;114;9;4;33;7;17;12;9;12;3;13;124;14
2013-01;34;3;1373;312;296;55;186;7;12;80;27;31;16;13;11;3;8;146;11
2013-01;35;3;1773;219;389;164;126;3;8;57;27;56;9;8;2;0;23;251;26
2013-01;36;3;822;65;178;35;45;4;7;16;8;27;22;21;3;0;19;134;12
2013-01;37;3;821;120;266;45;76;2;7;23;35;24;4;1;3;3;3;60;5
2013-01;38;3;739;150;136;46;69;5;2;50;18;18;3;1;2;2;5;90;8
2013-01;39;3;674;189;127;11;97;6;13;58;10;14;14;9;13;5;0;46;11
2013-01;40;3;442;131;108;11;66;1;6;39;16;11;0;0;4;0;3;35;2
2013-01;41;3;475;48;131;46;29;4;1;4;6;15;0;0;2;0;1;80;1
2013-01;42;3;769;81;236;62;23;1;0;39;46;9;2;2;2;0;1;84;3
2013-01;43;3;384;22;70;8;7;0;0;7;7;12;4;4;2;0;9;80;6
2013-01;44;3;390;87;95;14;44;5;4;26;6;12;4;4;1;0;1;32;1
2013-02;1;3;931;96;490;100;81;8;3;1;1;66;1;1;0;0;0;17;1
2013-02;4;3;938;126;469;34;96;7;5;9;6;60;0;0;3;0;1;32;3
2013-02;5;3;2123;235;1465;70;181;9;4;2;13;140;3;3;2;0;1;44;2
2013-02;6;3;585;65;208;19;44;3;6;3;6;17;2;1;0;1;0;34;6
2013-02;7;3;386;39;237;3;16;2;0;1;9;33;0;0;1;0;1;22;3
2013-02;9;3;816;129;402;34;102;16;1;5;30;49;0;0;3;0;0;27;3
2013-02;10;3;697;72;289;50;59;12;5;0;12;41;0;0;1;0;2;35;2
2013-02;12;3;910;76;406;75;31;3;3;1;7;33;1;1;0;0;2;54;5
2013-02;13;3;538;33;269;37;17;0;1;1;5;24;0;0;0;0;1;26;2
2013-02;14;3;1617;128;1123;59;83;21;0;2;6;163;1;1;0;0;2;23;2
2013-02;15;3;562;36;198;28;27;4;6;1;4;36;1;1;3;0;2;45;2
2013-02;16;3;1045;74;405;110;49;5;1;13;28;73;1;1;1;0;3;66;4
2013-02;17;3;634;103;177;28;65;2;13;16;7;21;4;4;4;0;0;46;2
2013-02;18;3;401;74;149;30;52;10;2;8;7;18;0;0;1;0;1;18;0
2013-02;19;3;602;68;190;55;46;9;3;5;7;28;0;0;0;0;0;44;5
2013-02;20;3;728;83;185;30;57;3;1;12;14;16;1;1;1;0;0;58;3
2013-02;21;3;1030;158;268;42;118;6;38;21;14;32;8;7;1;1;12;114;6
2013-02;22;3;889;171;208;40;91;7;11;50;16;25;4;3;11;0;3;66;7
2013-02;23;3;705;138;251;53;103;25;0;13;9;34;2;2;1;0;1;44;1
2013-02;24;3;414;81;95;27;47;3;3;23;10;10;2;1;2;1;3;58;3
2013-02;25;3;566;92;113;24;50;1;6;21;4;5;2;1;2;0;5;64;1
2013-02;26;3;406;92;105;14;61;5;8;15;13;10;0;0;1;0;1;27;2
2013-02;27;3;801;229;203;38;120;14;7;70;33;19;6;3;5;3;3;72;3
2013-02;28;3;580;94;135;47;54;3;6;21;7;12;8;8;4;0;8;63;4
2013-02;29;3;682;163;218;48;111;6;13;26;8;28;2;1;8;1;0;52;2
2013-02;30;3;439;77;92;17;51;3;3;12;7;12;3;3;5;0;3;71;6
2013-02;31;3;508;160;86;17;85;4;2;49;10;6;3;2;7;1;3;58;2
2013-02;32;3;1304;71;267;89;53;3;12;7;12;28;6;6;6;0;14;235;19
2013-02;33;3;856;159;161;36;107;3;8;36;10;19;6;6;9;0;8;141;7
2013-02;34;3;1433;282;357;60;185;9;15;52;26;32;20;15;11;5;10;144;15
2013-02;35;3;1883;224;396;100;126;6;12;51;29;53;9;9;5;0;15;327;23
2013-02;36;3;907;57;171;23;28;4;6;16;10;26;21;19;5;2;16;171;9
2013-02;37;3;778;80;248;50;57;5;7;10;31;26;3;3;8;0;4;63;4
2013-02;38;3;654;152;109;31;74;4;2;35;15;9;6;6;5;0;8;58;14
2013-02;39;3;694;209;105;13;115;8;7;61;5;4;7;5;5;2;7;40;11
2013-02;40;3;462;170;87;12;110;5;9;39;13;6;5;3;9;2;0;33;4
2013-02;41;3;521;50;142;34;34;5;4;3;5;22;0;0;1;0;4;84;2
2013-02;42;3;792;64;245;33;27;2;3;25;39;14;5;5;3;0;10;94;1
2013-02;43;3;420;37;90;8;8;0;1;21;11;12;4;2;0;0;3;80;8
2013-02;44;3;400;102;92;6;54;1;3;24;6;11;3;2;1;0;0;32;4
2013-03;1;3;589;83;207;91;64;12;5;2;0;42;1;0;0;0;0;7;1
2013-03;4;3;933;148;366;33;117;9;10;6;7;51;3;3;1;0;2;44;2
2013-03;5;3;1017;166;363;86;133;12;3;3;9;43;1;1;0;0;2;43;4
2013-03;6;3;419;69;135;15;57;5;10;2;6;12;0;0;3;0;0;24;2
2013-03;7;3;208;49;43;3;21;0;0;5;6;4;0;0;0;0;3;19;0
2013-03;9;3;703;130;265;46;89;11;2;19;28;28;2;2;1;0;0;19;5
2013-03;10;3;655;70;292;52;53;4;5;6;12;41;1;0;0;1;1;32;4
2013-03;12;3;902;93;368;78;40;4;3;0;4;34;0;0;2;0;3;49;2
2013-03;13;3;431;41;168;32;26;1;3;0;1;22;0;0;0;0;0;24;1
2013-03;14;3;746;80;339;54;36;7;1;1;3;47;0;0;0;0;0;29;1
2013-03;15;3;523;41;131;25;23;4;6;2;10;14;1;1;8;0;0;52;5
2013-03;16;3;1091;105;370;80;68;7;8;19;46;71;0;0;1;0;1;86;4
2013-03;17;3;740;92;192;17;52;2;13;13;13;31;4;4;4;0;3;48;2
2013-03;18;3;474;77;157;33;52;2;10;9;15;15;0;0;0;0;0;25;2
2013-03;19;3;633;63;185;60;45;7;2;4;6;19;0;0;3;0;3;49;3
2013-03;20;3;815;82;194;34;52;2;3;8;11;11;0;0;0;0;0;53;3
2013-03;21;3;1095;165;253;59;101;4;29;36;11;25;2;2;3;0;5;91;23
2013-03;22;3;972;190;214;39;95;6;7;54;28;21;5;4;5;0;4;92;10
2013-03;23;3;724;135;257;70;96;19;3;20;10;30;0;0;2;0;1;38;1
2013-03;24;3;434;88;81;23;50;6;2;21;10;11;5;5;2;0;3;54;6
2013-03;25;3;706;131;155;24;66;7;8;17;6;9;2;2;3;0;4;53;9
2013-03;26;3;483;89;137;20;52;6;2;18;17;5;0;0;3;0;2;43;2
2013-03;27;3;763;228;200;29;127;13;8;63;42;30;9;8;3;1;0;49;2
2013-03;28;3;709;134;136;51;57;4;5;43;12;15;3;3;13;0;6;95;1
2013-03;29;3;736;155;236;48;103;9;14;26;12;28;8;7;5;1;1;60;3
2013-03;30;3;529;130;109;27;85;4;1;27;19;14;1;1;1;0;4;84;4
2013-03;31;3;532;173;86;15;84;2;2;58;12;4;4;2;5;2;1;50;3
2013-03;32;3;1407;95;302;81;67;3;12;9;21;42;5;4;21;1;14;249;16
2013-03;33;3;886;167;159;49;98;5;4;47;21;13;6;5;3;1;5;143;11
2013-03;34;3;1556;329;341;62;217;6;9;78;40;27;16;11;17;5;11;155;24
2013-03;35;3;1943;219;398;119;112;8;5;49;31;31;10;9;8;1;18;287;25
2013-03;36;3;965;81;181;44;45;1;12;17;9;41;18;16;0;1;17;167;10
2013-03;37;3;846;91;274;45;67;4;10;13;33;24;1;1;2;0;4;84;4
2013-03;38;3;781;183;128;33;90;5;7;50;17;8;2;1;6;1;12;67;11
2013-03;39;3;759;283;86;13;132;9;7;95;7;7;14;12;9;2;2;41;8
2013-03;40;3;496;162;93;17;86;2;3;52;15;11;6;3;3;2;2;30;2
2013-03;41;3;542;58;139;52;32;5;2;6;11;30;2;2;2;0;3;89;3
2013-03;42;3;765;84;228;34;37;4;2;34;37;32;1;1;0;0;4;101;0
2013-03;43;3;447;28;82;4;14;0;1;9;15;12;1;1;2;0;9;105;16
2013-03;44;3;469;110;120;16;54;0;5;34;14;15;7;7;6;0;1;36;3
2013-04;1;3;607;91;191;133;73;12;5;1;5;32;1;1;0;0;1;18;2
2013-04;4;3;852;139;383;30;111;10;8;6;1;48;2;2;0;0;0;35;4
2013-04;5;3;1004;153;376;84;113;12;1;2;5;41;1;1;0;0;1;43;2
2013-04;6;3;434;54;109;25;36;4;6;2;9;13;1;0;2;1;2;38;2
2013-04;7;3;175;43;40;3;22;0;0;4;5;0;0;0;0;0;1;11;1
2013-04;9;3;647;123;208;47;76;7;1;12;14;22;2;2;1;0;2;36;0
2013-04;10;3;648;84;267;64;59;6;6;10;8;41;0;0;0;0;3;26;6
2013-04;12;3;748;64;279;66;26;6;2;0;11;25;0;0;0;0;1;48;3
2013-04;13;3;479;69;159;55;43;4;1;0;3;12;0;0;0;0;1;29;0
2013-04;14;3;654;58;273;67;32;10;1;1;4;42;0;0;1;0;1;30;1
2013-04;15;3;492;37;126;24;20;4;3;6;5;23;1;1;3;0;4;48;1
2013-04;16;3;1085;117;403;121;68;6;16;13;52;69;5;2;2;3;3;73;2
2013-04;17;3;715;121;180;34;74;7;11;16;4;19;0;0;1;0;2;47;3
2013-04;18;3;471;101;174;40;70;12;10;11;12;24;0;0;0;0;1;18;4
2013-04;19;3;719;74;218;66;56;11;2;5;10;26;0;0;0;0;0;53;2
2013-04;20;3;837;82;229;43;55;5;3;8;14;17;1;1;3;0;4;40;1
2013-04;21;3;1146;144;317;42;76;0;17;39;24;23;10;6;5;3;6;71;9
2013-04;22;3;900;174;204;49;87;5;6;51;26;23;1;1;1;0;4;79;6
2013-04;23;3;736;143;200;72;103;16;3;18;9;26;0;0;1;0;0;42;4
2013-04;24;3;406;98;84;34;57;1;2;21;7;12;0;0;0;0;1;46;6
2013-04;25;3;650;129;137;28;64;7;3;26;11;13;4;4;2;0;3;41;12
2013-04;26;3;472;126;86;18;81;8;2;26;11;6;2;2;0;0;2;45;1
2013-04;27;3;728;215;193;27;107;9;9;66;45;24;9;9;0;0;3;52;3
2013-04;28;3;712;151;162;50;88;7;2;36;17;18;10;10;7;0;5;63;5
2013-04;29;3;716;185;198;44;127;6;15;37;13;20;6;5;0;1;4;62;4
2013-04;30;3;494;113;95;20;70;3;6;26;14;8;1;1;1;0;4;63;4
2013-04;31;3;550;164;82;21;83;2;4;58;13;4;4;4;2;0;5;53;5
2013-04;32;3;1376;93;312;83;62;9;8;8;27;48;6;6;7;0;11;215;14
2013-04;33;3;949;167;182;50;81;8;6;41;20;19;4;4;5;0;5;168;14
2013-04;34;3;1487;275;333;61;167;7;8;58;45;34;13;8;8;3;7;122;27
2013-04;35;3;1985;227;414;142;116;8;7;48;24;39;2;2;3;0;23;269;19
2013-04;36;3;1021;88;192;23;50;4;11;19;12;44;16;13;2;3;22;176;10
2013-04;37;3;865;95;243;56;53;0;6;18;26;18;2;2;2;0;5;79;9
2013-04;38;3;754;185;147;20;90;4;6;54;24;10;8;8;7;0;3;66;11
2013-04;39;3;826;257;120;18;116;10;1;81;13;10;23;13;8;6;2;56;9
2013-04;40;3;520;155;94;13;81;1;14;55;11;9;4;4;3;0;4;46;2
2013-04;41;3;527;50;125;46;32;3;1;1;14;17;1;1;2;0;5;57;7
2013-04;42;3;764;70;239;51;29;2;3;30;41;29;1;1;6;0;2;85;3
2013-04;43;3;466;41;71;12;15;1;1;19;8;8;4;4;3;0;6;97;13
2013-04;44;3;457;97;110;21;50;4;1;29;13;12;4;3;4;0;2;24;6
2013-05;1;3;633;96;198;127;75;10;9;2;3;32;0;0;0;0;0;20;3
2013-05;4;3;972;173;384;37;144;20;16;4;4;45;3;3;3;0;1;22;7
2013-05;5;3;1161;190;440;93;156;15;6;2;12;48;0;0;0;0;1;42;1
2013-05;6;3;442;54;117;25;33;3;4;6;3;15;0;0;0;0;2;41;2
2013-05;7;3;186;43;45;5;25;0;0;2;7;1;0;0;0;0;3;7;1
2013-05;9;3;692;143;238;54;93;16;3;13;24;27;0;0;0;0;1;38;5
2013-05;10;3;720;119;249;77;86;5;11;7;6;41;1;1;3;0;0;38;2
2013-05;12;3;790;58;265;82;29;2;9;0;2;24;0;0;0;0;2;64;2
2013-05;13;3;415;44;155;47;30;3;7;0;4;11;0;0;1;0;2;25;3
2013-05;14;3;711;76;271;62;40;5;4;1;5;46;0;0;0;0;3;27;0
2013-05;15;3;514;43;158;23;30;6;2;1;7;15;1;1;4;0;2;45;3
2013-05;16;3;1091;125;386;85;77;11;7;8;41;61;1;1;0;0;8;90;3
2013-05;17;3;771;167;178;22;113;15;21;15;6;18;3;1;4;2;7;38;4
2013-05;18;3;482;98;180;28;59;4;9;15;13;15;0;0;0;0;2;23;3
2013-05;19;3;698;78;199;89;48;13;1;6;11;23;0;0;1;0;4;51;7
2013-05;20;3;978;101;212;49;66;0;5;20;7;17;1;1;0;0;2;48;1
2013-05;21;3;1167;160;285;48;85;6;19;37;29;22;10;4;4;5;7;74;8
2013-05;22;3;993;156;222;54;79;2;12;38;28;26;4;3;4;1;3;87;4
2013-05;23;3;808;170;249;90;126;26;3;15;10;34;0;0;0;0;1;37;2
2013-05;24;3;451;150;64;16;84;12;2;33;6;3;3;1;4;2;2;33;2
2013-05;25;3;588;109;121;15;48;2;4;25;3;11;2;1;4;0;7;56;10
2013-05;26;3;509;131;110;26;84;8;3;18;18;10;3;1;0;2;0;28;2
2013-05;27;3;767;201;194;47;97;12;3;65;50;19;4;4;0;0;3;55;6
2013-05;28;3;772;172;162;57;86;6;5;44;13;18;2;2;3;0;7;73;1
2013-05;29;3;812;196;243;44;141;8;20;26;11;21;6;6;1;0;1;61;0
2013-05;30;3;479;142;87;19;71;3;8;43;13;7;4;4;2;0;4;58;3
2013-05;31;3;630;217;107;26;118;2;13;66;14;3;8;7;1;1;3;66;3
2013-05;32;3;1468;98;323;83;56;3;18;10;20;36;6;6;12;0;16;246;16
2013-05;33;3;1007;194;176;57;106;5;5;47;24;14;6;4;8;2;6;110;11
2013-05;34;3;1444;312;290;68;183;10;10;66;34;33;9;6;11;3;15;128;20
2013-05;35;3;1942;229;392;126;114;9;5;42;28;49;4;4;4;0;32;251;26
2013-05;36;3;891;65;190;31;39;0;5;14;11;23;15;11;12;4;13;148;6
2013-05;37;3;836;93;261;39;49;2;5;13;47;25;2;1;2;0;4;69;6
2013-05;38;3;724;159;122;36;88;6;7;36;22;18;3;3;2;0;6;75;7
2013-05;39;3;729;199;117;16;107;5;14;42;9;8;12;10;15;2;2;51;5
2013-05;40;3;507;199;88;9;113;3;17;63;12;10;5;5;1;0;2;41;4
2013-05;41;3;537;63;171;34;33;9;1;10;15;29;0;0;5;0;3;61;3
2013-05;42;3;774;77;255;52;28;3;2;33;37;37;1;1;0;0;6;78;1
2013-05;43;3;444;27;80;8;9;0;2;16;6;11;7;7;3;0;7;76;10
2013-05;44;3;460;103;118;14;48;2;5;27;10;16;3;2;6;1;1;37;2
2013-06;1;3;643;93;216;81;65;11;3;1;6;34;0;0;3;0;0;20;0
2013-06;4;3;924;145;408;33;121;10;14;0;5;50;3;1;0;2;3;23;6
2013-06;5;3;1114;204;402;91;168;18;6;2;10;53;3;3;2;0;10;45;2
2013-06;6;3;461;80;121;21;48;10;5;5;5;19;1;0;4;1;4;24;3
2013-06;7;3;157;27;52;4;15;0;0;1;5;3;1;1;0;0;0;15;0
2013-06;9;3;639;143;238;32;94;8;6;9;21;31;1;1;0;0;1;28;1
2013-06;10;3;728;94;255;66;54;13;5;8;12;41;0;0;0;0;2;31;1
2013-06;12;3;804;70;271;71;33;10;2;0;4;29;1;1;1;0;4;56;3
2013-06;13;3;456;41;170;30;27;6;4;0;2;19;0;0;1;0;0;37;2
2013-06;14;3;646;63;274;56;32;12;3;0;1;31;0;0;0;0;0;22;1
2013-06;15;3;439;40;128;25;28;9;3;1;9;25;0;0;6;0;2;32;3
2013-06;16;3;1084;140;409;106;111;14;25;9;43;57;2;1;1;0;7;70;4
2013-06;17;3;681;121;179;24;80;6;11;11;10;19;0;0;1;0;6;35;4
2013-06;18;3;565;99;201;35;67;8;9;7;8;18;2;2;0;0;0;16;0
2013-06;19;3;696;71;215;61;38;11;4;11;5;28;1;1;1;0;4;60;3
2013-06;20;3;961;81;179;47;56;7;6;8;8;15;1;1;2;0;5;63;5
2013-06;21;3;1100;159;259;54;82;3;13;38;18;17;13;7;3;6;8;77;5
2013-06;22;3;850;127;199;40;69;4;4;31;30;35;3;3;4;0;4;69;11
2013-06;23;3;683;84;261;72;49;11;1;16;10;40;0;0;0;0;0;31;3
2013-06;24;3;441;127;79;27;63;5;0;29;8;11;2;2;1;0;3;49;1
2013-06;25;3;599;117;121;18;51;4;7;26;6;9;1;1;4;0;5;45;5
2013-06;26;3;470;86;121;18;54;6;3;16;13;15;2;2;9;0;1;40;2
2013-06;27;3;728;170;212;53;88;8;4;53;50;25;10;10;4;0;4;37;12
2013-06;28;3;670;155;145;36;90;4;7;41;15;8;2;1;7;0;4;69;4
2013-06;29;3;731;189;220;42;123;6;14;40;14;25;4;4;1;0;5;64;4
2013-06;30;3;579;150;92;18;78;4;8;43;10;6;1;0;5;0;3;76;10
2013-06;31;3;577;174;112;26;94;2;3;62;14;1;4;3;4;1;2;49;5
2013-06;32;3;1412;99;370;67;65;4;14;12;34;44;3;3;4;0;11;219;14
2013-06;33;3;909;165;191;48;73;10;4;48;20;10;1;1;0;0;9;135;17
2013-06;34;3;1466;332;310;76;184;12;12;88;37;31;3;2;11;0;8;148;15
2013-06;35;3;1954;192;448;148;68;6;9;50;36;44;9;8;7;0;26;295;32
2013-06;36;3;956;79;178;44;37;5;9;25;15;38;8;7;4;0;6;161;11
2013-06;37;3;868;76;288;60;40;6;3;17;34;17;3;3;4;0;9;88;2
2013-06;38;3;687;162;112;21;82;5;2;46;21;9;3;3;1;0;3;76;4
2013-06;39;3;763;234;140;15;113;10;9;67;18;17;11;9;2;2;4;60;5
2013-06;40;3;474;199;67;9;119;1;6;47;7;10;4;2;1;1;2;41;4
2013-06;41;3;531;65;157;29;42;4;0;8;10;32;2;2;1;0;0;68;0
2013-06;42;3;712;64;218;42;20;1;2;28;28;28;0;0;6;0;4;103;0
2013-06;43;3;420;38;71;6;11;1;0;18;7;8;4;4;3;0;7;80;10
2013-06;44;3;405;83;116;11;38;6;4;32;12;7;0;0;2;0;0;35;0
2013-07;1;3;606;81;230;90;64;9;5;0;5;34;0;0;1;0;1;13;0
2013-07;4;3;901;155;389;41;125;8;9;3;8;32;0;0;2;0;1;30;7
2013-07;5;3;1058;143;433;72;108;11;3;1;9;55;0;0;0;0;2;35;3
2013-07;6;3;505;79;144;25;50;2;5;6;7;17;1;1;1;0;5;31;0
2013-07;7;3;184;60;49;1;43;2;0;5;7;0;0;0;0;0;0;16;1
2013-07;9;3;811;127;282;42;83;10;5;5;21;29;0;0;3;0;1;32;2
2013-07;10;3;666;84;260;62;65;13;6;2;8;48;1;1;1;0;0;38;3
2013-07;12;3;1735;55;1190;65;28;4;3;0;4;142;0;0;0;0;2;56;5
2013-07;13;3;499;40;223;27;21;2;2;0;6;27;0;0;0;0;1;16;2
2013-07;14;3;694;59;301;58;34;10;0;0;7;47;0;0;0;0;1;26;0
2013-07;15;3;467;34;150;32;21;3;4;2;13;24;1;1;2;0;5;32;3
2013-07;16;3;1186;175;413;122;117;8;15;19;43;60;3;3;2;0;2;77;2
2013-07;17;3;669;133;197;28;91;6;26;14;11;23;2;1;2;1;4;36;2
2013-07;18;3;512;92;203;44;64;8;5;6;7;14;0;0;0;0;1;15;0
2013-07;19;3;694;73;216;72;52;17;5;4;13;23;1;1;3;0;3;49;3
2013-07;20;3;996;99;179;43;55;10;5;12;12;14;1;0;1;1;1;54;0
2013-07;21;3;1121;141;316;67;67;2;19;34;31;32;1;0;2;0;8;63;2
2013-07;22;3;925;173;210;40;94;2;6;39;32;23;2;1;4;0;4;61;2
2013-07;23;3;731;105;254;76;60;9;1;21;7;41;0;0;2;0;3;30;0
2013-07;24;3;450;113;98;25;65;7;0;25;12;9;3;3;1;0;0;55;5
2013-07;25;3;589;107;133;23;47;5;3;12;3;10;2;2;2;0;2;43;1
2013-07;26;3;427;93;101;14;50;2;5;25;4;12;2;2;0;0;1;27;1
2013-07;27;3;743;218;188;39;104;12;6;84;56;16;5;3;1;2;5;46;1
2013-07;28;3;673;175;125;54;104;7;10;36;16;17;2;2;0;0;3;57;2
2013-07;29;3;692;183;212;39;125;6;12;32;4;32;4;3;5;1;4;32;5
2013-07;30;3;565;140;126;16;85;1;7;39;21;8;3;3;1;0;7;72;2
2013-07;31;3;541;164;97;17;90;2;8;45;11;3;2;1;4;0;2;58;3
2013-07;32;3;1347;134;320;77;83;8;20;19;33;32;2;2;6;0;8;218;8
2013-07;33;3;907;178;197;34;87;5;9;45;23;19;6;5;1;1;6;133;7
2013-07;34;3;1481;317;307;62;190;19;14;71;33;20;18;10;3;5;13;120;18
2013-07;35;3;1814;216;423;140;95;10;9;60;32;40;3;3;7;0;12;226;18
2013-07;36;3;1002;46;213;44;26;1;3;7;12;37;4;1;3;3;13;142;5
2013-07;37;3;807;79;249;49;52;6;8;11;34;17;5;5;4;0;5;82;4
2013-07;38;3;744;188;161;26;95;9;11;54;24;14;2;2;1;0;7;61;6
2013-07;39;3;710;245;103;16;125;6;22;63;9;7;8;5;1;2;4;40;3
2013-07;40;3;518;206;83;15;106;6;6;69;14;3;10;9;2;1;2;44;1
2013-07;41;3;532;63;165;35;39;5;1;11;12;26;3;3;1;0;1;56;0
2013-07;42;3;751;94;245;54;40;5;1;22;37;34;0;0;1;0;4;71;2
2013-07;43;3;443;30;76;11;12;2;0;10;10;7;3;2;1;1;4;94;7
2013-07;44;3;423;112;102;13;54;7;2;34;7;10;2;2;3;0;1;23;1
2013-08;1;3;534;97;204;86;77;6;9;0;5;28;0;0;1;0;0;8;1
2013-08;4;3;879;170;343;44;134;13;14;5;7;38;1;1;0;0;2;24;2
2013-08;5;3;1183;203;470;80;164;15;9;2;16;62;0;0;0;0;3;43;0
2013-08;6;3;546;100;125;20;65;6;14;10;5;22;3;2;2;0;2;27;2
2013-08;7;3;196;60;45;3;36;3;1;4;5;0;0;0;0;0;0;16;0
2013-08;9;3;764;128;289;43;87;21;4;19;20;42;0;0;1;0;6;32;1
2013-08;10;3;655;116;233;61;92;11;9;7;11;26;0;0;2;0;2;32;4
2013-08;12;3;812;61;329;58;28;8;3;1;5;47;1;1;0;0;0;55;7
2013-08;13;3;482;51;194;47;32;5;2;1;6;35;0;0;0;0;1;22;0
2013-08;14;3;672;100;270;59;60;12;6;4;7;46;0;0;2;0;1;15;0
2013-08;15;3;480;62;128;29;35;9;2;5;2;18;0;0;1;0;1;43;3
2013-08;16;3;1230;220;399;95;177;31;25;9;34;74;1;0;2;1;0;75;2
2013-08;17;3;761;131;193;24;99;7;26;14;16;32;3;3;4;0;5;43;1
2013-08;18;3;545;97;164;51;66;5;7;16;7;20;0;0;1;0;1;28;0
2013-08;19;3;733;79;225;92;57;12;4;7;5;34;2;2;2;0;2;48;6
2013-08;20;3;928;63;165;45;32;2;2;16;20;7;0;0;1;0;1;51;0
2013-08;21;3;1176;201;292;74;111;6;27;43;31;19;2;2;2;0;9;69;6
2013-08;22;3;933;203;208;48;114;5;11;55;33;19;4;4;4;0;10;67;4
2013-08;23;3;725;121;225;78;62;4;2;32;6;29;1;1;0;0;0;47;1
2013-08;24;3;429;112;89;22;61;5;1;28;2;13;1;1;1;0;5;54;3
2013-08;25;3;561;107;121;22;45;2;1;29;8;10;4;2;5;1;1;26;1
2013-08;26;3;472;101;99;17;62;6;1;22;8;10;8;4;11;4;1;29;1
2013-08;27;3;855;287;219;27;168;19;16;79;58;18;6;6;2;0;1;46;0
2013-08;28;3;723;200;138;38;100;5;3;52;13;14;3;2;2;0;6;81;2
2013-08;29;3;787;233;213;59;149;11;15;43;13;22;7;6;0;0;4;50;0
2013-08;30;3;527;140;108;20;73;3;6;47;19;11;0;0;1;0;1;63;5
2013-08;31;3;566;192;114;18;94;3;9;70;11;7;2;2;1;0;4;48;8
2013-08;32;3;1411;135;315;84;99;13;21;16;26;25;6;6;8;0;13;212;15
2013-08;33;3;984;196;217;56;103;8;4;58;23;15;4;4;3;0;7;117;11
2013-08;34;3;1433;299;310;68;178;9;23;55;47;26;11;11;7;0;11;120;21
2013-08;35;3;2010;173;477;144;93;4;7;30;35;59;2;2;2;0;19;289;27
2013-08;36;3;971;73;197;47;33;1;5;22;20;33;30;28;3;2;14;129;11
2013-08;37;3;850;98;272;53;56;8;12;20;40;26;1;1;3;0;4;67;5
2013-08;38;3;786;218;156;23;122;6;12;47;29;14;3;3;0;0;4;78;7
2013-08;39;3;782;263;131;17;133;5;21;71;9;14;6;5;0;0;3;62;2
2013-08;40;3;503;227;88;17;131;4;19;59;21;8;3;3;4;0;0;37;2
2013-08;41;3;558;72;145;38;52;6;5;10;17;15;1;1;2;0;4;76;4
2013-08;42;3;808;90;253;61;35;3;3;33;36;34;5;4;1;1;1;89;4
2013-08;43;3;415;32;81;5;11;1;3;14;11;7;5;5;4;0;11;87;7
2013-08;44;3;475;127;107;9;49;5;4;41;10;12;2;1;3;0;2;29;1
2013-09;1;3;484;81;188;104;66;10;7;1;3;30;0;0;0;0;0;14;1
2013-09;4;3;977;178;431;36;149;13;22;0;8;52;0;0;3;0;2;30;6
2013-09;5;3;1128;205;374;74;173;17;7;4;18;56;1;1;0;0;1;43;3
2013-09;6;3;459;80;95;21;44;8;8;8;7;12;0;0;11;0;2;33;2
2013-09;7;3;207;58;59;2;28;2;0;5;11;3;0;0;1;0;1;16;0
2013-09;9;3;763;162;263;38;119;16;7;16;13;40;4;4;1;0;2;34;3
2013-09;10;3;686;131;264;44;108;21;13;4;8;44;2;1;0;0;2;30;2
2013-09;12;3;812;56;345;48;37;10;12;0;6;53;1;1;0;0;2;53;2
2013-09;13;3;491;50;194;33;38;6;8;0;6;27;0;0;0;0;0;26;0
2013-09;14;3;760;99;355;54;67;19;3;3;15;54;0;0;3;0;0;20;1
2013-09;15;3;500;59;126;21;43;11;10;2;8;19;1;1;6;0;4;40;8
2013-09;16;3;1302;183;529;98;137;30;15;13;36;122;1;1;0;0;5;55;1
2013-09;17;3;721;167;176;20;118;7;34;18;13;16;3;1;3;2;7;63;1
2013-09;18;3;537;103;188;44;70;9;9;13;10;28;1;1;0;0;1;21;1
2013-09;19;3;700;86;214;63;60;15;4;3;7;26;2;0;0;1;3;57;2
2013-09;20;3;918;74;167;43;37;4;2;15;10;17;2;2;1;0;1;51;0
2013-09;21;3;1175;169;305;45;101;5;35;33;31;20;5;5;2;0;4;83;8
2013-09;22;3;946;182;191;43;97;8;12;42;33;25;3;3;2;0;7;64;10
2013-09;23;3;714;134;214;72;96;13;2;18;7;29;0;0;0;0;0;40;0
2013-09;24;3;481;101;77;28;63;10;2;20;5;9;1;0;2;1;2;46;4
2013-09;25;3;560;105;111;27;51;4;6;15;4;6;2;1;2;0;4;50;1
2013-09;26;3;410;99;117;7;53;2;0;24;11;9;1;1;0;0;0;28;1
2013-09;27;3;925;268;245;37;148;12;7;84;68;23;3;3;4;0;2;54;1
2013-09;28;3;688;178;141;33;105;13;11;45;15;12;5;3;2;2;6;78;3
2013-09;29;3;736;167;207;40;112;7;16;33;12;18;4;3;6;0;2;48;4
2013-09;30;3;534;124;105;21;67;0;8;34;12;12;3;3;4;0;2;66;2
2013-09;31;3;566;180;110;16;103;1;7;57;24;3;3;2;2;0;4;59;6
2013-09;32;3;1393;124;285;72;73;9;16;20;17;33;6;5;16;1;21;243;19
2013-09;33;3;966;198;192;41;79;11;10;77;28;25;7;7;7;0;8;118;16
2013-09;34;3;1503;316;271;74;182;12;16;87;42;26;10;9;7;1;14;137;17
2013-09;35;3;1815;146;467;131;65;5;9;32;41;54;4;3;8;0;24;244;16
2013-09;36;3;940;60;172;32;32;2;6;10;15;22;15;12;1;3;7;160;9
2013-09;37;3;844;93;277;49;49;2;4;20;27;28;5;4;3;0;3;74;8
2013-09;38;3;784;202;145;29;108;10;17;54;23;8;6;6;12;0;7;61;8
2013-09;39;3;776;266;114;8;134;3;30;87;14;12;16;14;2;1;7;34;4
2013-09;40;3;544;224;93;9;120;4;26;78;12;6;6;4;12;1;1;28;0
2013-09;41;3;496;52;127;43;28;6;2;13;15;24;2;1;7;1;1;62;1
2013-09;42;3;2244;128;1466;67;78;29;1;25;66;443;6;6;2;0;3;91;0
2013-09;43;3;458;27;88;15;10;0;1;12;14;8;0;0;3;0;13;97;9
2013-09;44;3;483;135;89;10;70;6;3;40;6;10;8;5;1;3;2;35;2
2013-10;1;3;529;75;199;106;55;9;1;1;6;31;0;0;0;0;0;17;0
2013-10;4;3;933;171;381;34;122;22;17;8;4;63;0;0;2;0;3;29;6
2013-10;5;3;1353;242;486;72;208;17;7;2;17;61;2;2;4;0;4;44;0
2013-10;6;3;546;94;122;22;69;10;12;6;7;12;3;3;3;0;2;32;4
2013-10;7;3;223;69;48;2;46;3;0;9;7;1;0;0;1;0;0;10;1
2013-10;9;3;763;179;242;45;140;18;6;17;19;32;0;0;5;0;1;30;4
2013-10;10;3;697;125;267;58;97;20;8;7;11;50;0;0;0;0;1;28;0
2013-10;12;3;848;63;381;64;37;2;5;1;2;41;2;2;1;0;2;64;4
2013-10;13;3;468;46;200;27;31;4;1;0;6;29;3;1;3;1;2;23;0
2013-10;14;3;658;103;261;38;70;16;3;1;5;39;0;0;0;0;0;23;2
2013-10;15;3;555;78;143;25;49;15;6;2;6;18;2;2;1;0;2;60;4
2013-10;16;3;1205;170;379;102;129;18;20;15;41;68;4;3;3;1;9;71;0
2013-10;17;3;828;182;216;31;128;8;31;20;8;26;2;2;0;0;3;58;4
2013-10;18;3;548;93;197;32;60;9;8;9;7;23;1;1;1;0;1;23;1
2013-10;19;3;689;108;202;76;72;9;0;4;7;23;0;0;1;0;0;42;2
2013-10;20;3;698;74;192;48;47;6;3;7;14;25;1;1;0;0;4;42;0
2013-10;21;3;1472;211;293;56;121;10;40;37;15;21;5;4;6;0;12;61;14
2013-10;22;3;1034;207;211;43;127;10;8;34;34;24;8;4;11;3;5;69;4
2013-10;23;3;705;131;207;52;78;9;1;30;5;38;2;2;0;0;0;34;0
2013-10;24;3;498;135;77;27;83;7;6;28;2;11;6;4;4;2;3;45;5
2013-10;25;3;755;125;137;23;52;2;4;24;7;12;0;0;2;0;1;63;5
2013-10;26;3;496;113;98;11;73;2;4;23;10;9;2;2;0;0;2;44;4
2013-10;27;3;904;291;245;36;159;11;11;92;61;23;11;7;4;4;0;48;4
2013-10;28;3;801;216;123;53;123;10;16;66;12;18;9;8;2;1;3;91;6
2013-10;29;3;878;197;292;52;134;7;14;36;20;38;0;0;7;0;4;46;1
2013-10;30;3;646;141;136;27;67;3;6;57;22;8;3;1;2;2;4;78;6
2013-10;31;3;559;167;104;18;94;2;5;56;16;8;8;7;4;1;1;48;8
2013-10;32;3;1560;164;340;63;123;14;46;16;27;39;8;7;13;1;14;256;18
2013-10;33;3;1020;187;215;43;94;6;12;70;25;28;10;9;4;0;7;126;11
2013-10;34;3;1653;389;326;81;200;4;15;105;49;23;10;7;24;2;10;124;23
2013-10;35;3;1923;192;460;124;75;2;14;48;65;36;5;3;6;1;29;279;21
2013-10;36;3;1000;77;183;44;37;2;3;24;17;28;13;11;5;2;19;143;10
2013-10;37;3;861;96;269;42;66;8;6;14;21;32;3;3;1;0;1;58;2
2013-10;38;3;828;217;160;44;102;9;6;66;21;7;3;2;2;0;5;70;6
2013-10;39;3;904;341;134;13;160;15;37;102;14;5;7;6;4;1;2;48;13
2013-10;40;3;550;223;74;11;124;1;22;81;15;3;2;2;4;0;1;53;2
2013-10;41;3;581;81;121;35;50;9;4;12;9;16;3;2;3;1;1;85;4
2013-10;42;3;748;75;245;56;37;2;1;20;28;42;1;1;2;0;5;67;2
2013-10;43;3;476;22;97;9;6;1;0;5;13;6;3;3;0;0;7;92;9
2013-10;44;3;507;156;109;16;79;6;12;43;8;10;3;3;4;0;4;22;4
2013-11;1;3;469;94;179;78;69;6;6;1;3;25;0;0;0;0;1;18;0
2013-11;4;3;921;156;372;34;121;15;8;5;8;46;2;2;3;0;0;21;3
2013-11;5;3;1038;178;420;71;134;17;5;3;14;53;1;1;0;0;5;47;4
2013-11;6;3;538;70;174;15;54;1;10;2;9;21;1;1;16;0;1;30;2
2013-11;7;3;212;56;45;2;38;1;0;5;6;1;1;1;0;0;0;9;0
2013-11;9;3;774;135;293;33;104;10;8;8;14;45;1;1;0;0;3;39;3
2013-11;10;3;676;93;250;55;59;8;4;14;14;37;0;0;0;0;2;33;2
2013-11;12;3;785;66;315;56;40;1;6;2;2;41;2;2;0;0;0;38;5
2013-11;13;3;458;73;186;32;40;7;2;1;2;18;0;0;0;0;0;16;1
2013-11;14;3;739;86;317;50;60;8;2;1;6;37;1;0;4;1;1;35;2
2013-11;15;3;481;57;145;16;35;3;5;7;4;22;0;0;7;0;3;39;4
2013-11;16;3;1145;188;376;78;157;28;35;11;31;60;0;0;1;0;2;69;2
2013-11;17;3;758;151;212;13;109;11;24;14;6;20;2;2;5;0;1;46;2
2013-11;18;3;582;103;203;42;80;13;16;6;8;34;0;0;2;0;1;12;1
2013-11;19;3;692;131;199;68;92;20;2;8;8;25;5;3;2;1;4;39;3
2013-11;20;3;576;90;171;29;46;7;0;16;14;18;0;0;3;0;0;45;2
2013-11;21;3;1405;214;281;56;123;3;21;39;24;18;4;3;5;0;15;68;5
2013-11;22;3;876;193;191;30;110;6;12;36;32;15;4;4;4;0;3;65;9
2013-11;23;3;710;160;217;53;100;9;6;29;7;32;2;2;2;0;6;37;1
2013-11;24;3;487;143;61;25;76;8;3;35;1;9;10;7;4;3;2;42;0
2013-11;25;3;811;146;99;23;57;4;8;35;6;4;4;2;2;2;1;54;6
2013-11;26;3;436;117;73;14;70;5;4;22;9;10;0;0;0;0;2;50;0
2013-11;27;3;706;234;187;34;131;19;11;72;56;14;2;2;0;0;3;42;4
2013-11;28;3;689;171;126;32;85;7;1;56;10;14;7;6;9;0;3;67;7
2013-11;29;3;743;197;195;32;123;6;12;42;10;24;5;3;5;1;2;52;4
2013-11;30;3;621;179;110;26;94;4;4;60;17;5;2;2;4;0;1;72;0
2013-11;31;3;591;213;93;20;123;4;4;70;21;7;3;3;3;0;3;49;4
2013-11;32;3;1429;171;284;70;118;3;42;20;16;29;4;4;14;0;8;261;20
2013-11;33;3;1038;246;175;54;127;7;9;85;27;14;5;4;8;0;10;113;7
2013-11;34;3;1497;403;296;54;210;8;8;118;51;22;4;3;6;1;7;149;19
2013-11;35;3;1759;187;400;86;75;4;9;40;38;44;7;7;5;0;15;293;15
2013-11;36;3;938;74;173;39;32;1;2;22;17;24;9;7;5;2;11;142;8
2013-11;37;3;799;85;262;49;51;3;4;18;16;39;3;3;3;0;5;60;2
2013-11;38;3;729;205;142;25;82;8;4;74;32;9;8;7;1;1;3;74;7
2013-11;39;3;787;311;116;19;138;10;24;81;13;12;10;8;3;2;5;47;3
2013-11;40;3;514;197;89;10;107;3;14;59;20;4;7;6;3;1;3;29;4
2013-11;41;3;527;72;105;25;44;6;4;13;5;27;2;2;12;0;0;84;1
2013-11;42;3;864;120;252;54;55;6;6;42;46;44;2;1;0;0;2;89;2
2013-11;43;3;457;23;84;4;6;1;1;8;11;8;5;5;3;0;9;84;3
2013-11;44;3;445;137;95;11;69;3;2;44;7;7;4;3;2;1;2;30;1
2013-12;1;3;494;69;259;53;51;3;2;1;0;36;0;0;1;0;0;10;0
2013-12;4;3;851;148;375;16;118;10;8;3;10;57;0;0;2;0;2;20;3
2013-12;5;3;1104;161;384;62;132;13;1;4;14;37;3;2;1;0;2;39;5
2013-12;6;3;457;77;103;20;54;5;11;2;5;13;3;3;17;0;0;31;0
2013-12;7;3;179;33;34;1;18;0;0;6;5;1;0;0;2;0;0;17;2
2013-12;9;3;748;149;254;43;104;11;4;9;19;27;1;1;0;0;1;27;8
2013-12;10;3;689;89;262;60;65;8;4;8;10;45;1;1;0;0;1;44;7
2013-12;11;3;107;3;11;1;0;0;0;0;0;1;0;0;1;0;2;26;0
2013-12;12;3;977;68;403;64;34;5;3;2;8;55;0;0;0;0;3;87;5
2013-12;13;3;511;42;199;30;27;5;2;3;1;23;0;0;22;0;0;43;1
2013-12;14;3;693;87;292;50;59;12;3;3;8;37;0;0;1;0;0;27;2
2013-12;15;3;464;63;136;22;43;11;10;3;9;14;0;0;8;0;2;30;1
2013-12;16;3;1136;167;358;80;117;6;18;20;34;72;0;0;2;0;5;56;6
2013-12;17;3;762;199;171;19;129;5;21;32;12;15;4;3;5;0;1;45;0
2013-12;18;3;436;74;159;29;55;9;5;6;9;23;0;0;0;0;1;16;0
2013-12;19;3;733;85;223;51;60;19;3;13;4;14;1;1;3;0;0;66;5
2013-12;20;3;581;111;145;26;70;11;1;9;8;10;1;1;0;0;1;53;2
2013-12;21;3;1237;213;252;42;123;6;28;38;27;12;5;3;15;1;2;67;8
2013-12;22;3;941;196;162;45;98;2;17;47;21;11;6;3;18;2;2;86;8
2013-12;23;3;730;155;221;49;114;19;2;19;5;34;2;1;1;0;6;48;1
2013-12;24;3;441;131;69;20;81;9;2;28;4;4;3;2;0;1;4;45;1
2013-12;25;3;706;146;126;18;74;2;9;33;3;8;1;0;9;1;3;48;3
2013-12;26;3;454;112;60;9;73;5;3;19;9;7;0;0;3;0;2;46;3
2013-12;27;3;751;233;185;30;112;10;3;83;56;8;18;11;5;5;3;57;1
2013-12;28;3;714;223;112;34;134;13;4;67;15;16;4;4;6;0;3;70;6
2013-12;29;3;874;197;315;32;133;11;11;31;14;26;8;7;11;1;1;54;5
2013-12;30;3;679;229;112;21;126;7;6;77;11;10;5;5;4;0;1;61;3
2013-12;31;3;694;302;93;10;152;3;8;102;13;4;7;3;6;4;6;54;4
2013-12;32;3;1491;192;286;62;120;7;41;30;21;28;10;8;12;0;15;259;15
2013-12;33;3;998;239;180;43;109;7;11;77;36;13;7;5;0;2;5;114;7
2013-12;34;3;1637;453;315;74;242;2;8;136;54;23;13;11;9;1;7;156;19
2013-12;35;3;1870;178;482;87;57;4;6;48;53;51;6;5;2;0;10;263;19
2013-12;36;3;1030;84;205;36;40;1;9;23;16;33;16;13;1;3;8;161;16
2013-12;37;3;898;131;248;54;80;1;4;28;12;24;3;3;1;0;0;82;5
2013-12;38;3;739;189;153;13;92;3;8;46;35;10;8;5;7;3;3;58;9
2013-12;39;3;869;388;128;17;139;6;19;95;17;18;4;3;3;1;4;41;7
2013-12;40;3;565;244;86;6;127;2;7;65;22;3;4;3;6;1;2;50;4
2013-12;41;3;549;107;106;32;60;12;7;19;10;15;1;1;6;0;3;59;3
2013-12;42;3;803;95;259;41;39;5;0;37;42;37;4;4;3;0;3;108;2
2013-12;43;3;461;26;100;7;7;0;1;14;15;8;1;1;1;0;5;86;4
2013-12;44;3;463;144;109;11;64;3;8;39;4;10;3;3;2;0;2;28;3
2013-12;45;3;13;1;0;0;1;0;0;0;0;0;0;0;0;0;2;3;0
2014-01;1;3;533;82;198;126;67;10;5;3;2;26;0;0;0;0;1;20;0
2014-01;4;3;989;186;424;23;136;19;19;14;3;57;0;0;0;0;1;31;2
2014-01;5;3;1377;133;382;80;96;1;6;4;3;35;1;1;0;0;4;36;2
2014-01;6;3;543;97;117;29;67;6;10;12;7;16;0;0;3;0;1;28;5
2014-01;7;3;219;51;51;2;28;1;0;8;5;2;0;0;2;0;0;13;1
2014-01;9;3;883;183;298;43;133;8;4;12;16;26;0;0;0;0;6;47;0
2014-01;10;3;785;126;301;66;85;17;9;9;16;51;0;0;0;0;0;34;7
2014-01;11;3;259;10;55;4;5;0;2;0;3;7;1;1;4;0;7;58;1
2014-01;12;3;1906;143;1256;62;80;5;7;7;7;103;0;0;13;0;3;69;17
2014-01;13;3;615;74;279;26;49;6;1;2;7;26;1;0;15;1;0;28;0
2014-01;14;3;924;142;465;33;96;15;7;1;11;64;0;0;0;0;1;41;2
2014-01;15;3;444;89;122;21;53;7;7;8;3;10;0;0;0;0;1;30;1
2014-01;16;3;1312;184;461;80;122;13;15;28;32;63;0;0;1;0;2;79;7
2014-01;17;3;860;254;210;15;163;6;43;33;13;18;3;1;4;2;2;52;4
2014-01;18;3;502;91;179;38;66;5;8;12;10;24;0;0;2;0;1;22;2
2014-01;19;3;726;114;200;66;85;16;2;8;8;21;0;0;6;0;1;55;3
2014-01;20;3;686;139;173;41;84;10;2;13;11;15;1;1;6;0;1;77;0
2014-01;21;3;1693;278;270;59;174;4;48;47;25;25;10;7;4;2;6;106;14
2014-01;22;3;1107;241;183;41;150;5;17;49;20;17;6;2;7;4;4;108;11
2014-01;23;3;725;153;194;58;110;17;8;21;3;31;0;0;2;0;2;46;2
2014-01;24;3;491;153;54;20;100;12;7;30;5;4;4;2;4;2;2;45;2
2014-01;25;3;732;147;115;24;69;9;12;34;8;7;1;1;3;0;0;69;6
2014-01;26;3;496;129;80;7;76;4;0;25;3;7;0;0;3;0;0;53;2
2014-01;27;3;891;320;204;30;183;9;12;96;42;19;12;5;4;6;5;64;6
2014-01;28;3;741;202;139;38;111;10;0;65;10;17;3;3;1;0;2;103;11
2014-01;29;3;891;224;226;49;153;9;9;41;12;17;13;11;6;1;5;78;6
2014-01;30;3;640;180;108;17;84;9;4;61;22;8;4;4;4;0;6;96;4
2014-01;31;3;668;238;99;16;126;1;8;77;8;5;2;1;4;1;5;66;5
2014-01;32;3;1595;218;300;62;134;11;31;34;23;26;7;7;22;0;15;261;15
2014-01;33;3;1081;229;222;36;107;13;6;65;30;23;7;6;7;1;7;155;4
2014-01;34;3;1869;485;339;83;265;10;19;117;37;31;24;16;24;6;15;200;25
2014-01;35;3;2215;182;494;125;61;3;10;37;43;49;6;5;9;0;28;354;31
2014-01;36;3;1085;96;203;36;43;3;4;28;26;26;15;12;3;1;15;240;13
2014-01;37;3;916;99;296;47;63;3;10;21;7;40;4;3;5;1;7;111;9
2014-01;38;3;760;214;110;30;101;7;8;55;18;8;3;2;6;1;7;87;9
2014-01;39;3;919;355;108;11;172;3;33;69;16;7;14;12;2;2;6;72;4
2014-01;40;3;573;219;81;12;118;5;13;74;12;9;2;2;3;0;4;48;4
2014-01;41;3;606;101;119;27;52;6;3;20;2;29;1;1;3;0;2;107;2
2014-01;42;3;1041;96;403;55;42;5;5;38;80;60;2;2;2;0;3;124;3
2014-01;43;3;541;34;114;12;11;0;0;17;12;12;5;5;2;0;12;97;8
2014-01;44;3;523;167;109;17;83;5;9;41;7;16;1;0;6;1;1;35;0
2014-01;45;3;127;1;12;5;1;0;0;0;1;2;0;0;0;0;3;24;4
2014-02;1;3;600;88;338;57;69;7;1;0;4;44;0;0;2;0;0;18;2
2014-02;4;3;1081;190;493;29;154;16;22;8;7;53;3;3;0;0;0;30;1
2014-02;5;3;1343;162;617;82;125;5;3;2;15;54;0;0;2;0;1;57;6
2014-02;6;3;542;89;173;25;61;2;5;7;15;19;0;0;6;0;0;30;1
2014-02;7;3;222;35;69;2;18;5;0;6;4;11;0;0;4;0;1;9;2
2014-02;9;3;788;124;242;50;90;8;7;13;15;17;1;0;1;0;2;47;2
2014-02;10;3;790;122;311;103;87;8;7;12;19;50;0;0;0;0;0;28;2
2014-02;11;3;202;3;30;2;2;0;1;0;1;3;1;1;9;0;2;44;1
2014-02;12;3;1009;103;417;74;58;2;2;0;5;20;1;1;1;0;4;59;6
2014-02;13;3;528;55;229;35;41;3;3;1;1;24;0;0;6;0;5;19;2
2014-02;14;3;997;147;566;36;100;16;3;1;5;70;0;0;2;0;0;28;0
2014-02;15;3;504;93;194;29;63;10;13;8;6;30;3;1;1;2;1;13;1
2014-02;16;3;1214;173;407;90;111;7;13;20;33;41;4;2;3;2;5;97;5
2014-02;17;3;786;198;208;23;143;10;39;22;9;17;3;3;3;0;3;61;4
2014-02;18;3;524;118;185;43;87;9;10;13;16;16;1;0;2;1;0;28;1
2014-02;19;3;727;110;221;52;91;16;2;7;14;20;1;1;3;0;2;57;0
2014-02;20;3;680;155;174;55;92;10;0;23;17;11;0;0;0;0;4;73;1
2014-02;21;3;1379;232;279;50;141;7;41;38;27;19;13;13;4;0;3;91;10
2014-02;22;3;929;226;191;37;138;1;19;39;28;14;7;7;11;0;5;76;4
2014-02;23;3;727;191;201;62;132;24;10;20;7;33;0;0;4;0;2;43;4
2014-02;24;3;440;124;75;28;73;9;3;26;12;7;4;4;4;0;3;58;3
2014-02;25;3;710;137;126;14;81;10;7;15;5;11;2;1;9;1;4;65;2
2014-02;26;3;429;129;70;8;83;11;1;23;3;10;0;0;1;0;1;51;4
2014-02;27;3;794;269;217;23;139;5;6;84;65;18;5;4;5;1;2;64;1
2014-02;28;3;666;213;98;24;119;15;5;55;4;11;3;3;8;0;5;75;0
2014-02;29;3;858;238;271;32;170;9;25;33;11;15;8;6;3;1;3;60;3
2014-02;30;3;605;211;97;26;112;4;1;55;11;9;9;5;1;1;3;61;4
2014-02;31;3;632;244;80;12;123;8;3;79;14;3;4;3;7;0;3;64;6
2014-02;32;3;1500;183;310;58;114;11;24;25;19;37;3;3;10;0;15;242;21
2014-02;33;3;1030;258;176;50;126;7;6;69;27;24;12;11;11;1;4;113;7
2014-02;34;3;1800;481;334;75;261;15;9;143;33;25;11;9;20;2;14;201;18
2014-02;35;3;1861;160;524;96;49;4;6;42;48;43;6;6;9;0;13;270;15
2014-02;36;3;1028;95;217;41;59;1;5;20;21;19;16;14;3;1;13;153;15
2014-02;37;3;807;93;237;63;53;2;9;19;13;19;3;3;2;0;4;73;7
2014-02;38;3;723;171;150;23;69;2;4;47;24;13;3;2;4;0;3;107;8
2014-02;39;3;818;306;109;17;144;6;18;74;17;5;17;13;2;4;3;60;7
2014-02;40;3;576;234;94;18;116;3;14;67;16;5;4;1;2;3;10;63;6
2014-02;41;3;558;85;124;33;39;3;3;15;6;26;4;3;2;1;7;74;3
2014-02;42;3;778;104;255;41;40;6;2;42;45;43;2;2;0;0;6;82;1
2014-02;43;3;503;38;88;12;16;2;1;13;9;10;7;7;4;0;9;80;16
2014-02;44;3;490;150;100;16;70;3;5;49;10;13;1;1;2;0;2;33;6
2014-02;45;3;150;2;17;2;2;1;0;0;0;4;0;0;6;0;4;21;1
2014-03;1;3;619;99;352;70;81;5;4;1;4;44;0;0;0;0;0;16;1
2014-03;4;3;1127;247;517;49;194;23;19;8;3;47;2;2;1;0;1;16;0
2014-03;5;3;1850;214;1020;65;175;6;4;1;7;76;1;0;1;0;3;57;9
2014-03;6;3;603;90;182;21;70;5;5;5;9;19;2;2;1;0;0;40;2
2014-03;7;3;234;46;102;4;26;3;1;2;3;12;2;0;0;2;0;15;1
2014-03;9;3;1036;138;556;48;109;14;6;4;25;74;1;1;1;0;0;47;4
2014-03;10;3;854;145;280;146;92;12;8;10;20;41;1;1;1;0;0;46;1
2014-03;11;3;222;5;39;3;3;0;2;2;1;5;1;1;0;0;0;40;7
2014-03;12;3;1083;101;455;91;62;4;3;2;6;33;2;1;5;1;1;66;4
2014-03;13;3;631;71;311;20;46;7;1;1;5;31;0;0;13;0;0;32;0
2014-03;14;3;1629;176;1132;47;136;24;1;0;9;136;0;0;0;0;1;34;3
2014-03;15;3;454;74;175;24;46;6;11;13;3;28;0;0;2;0;1;28;0
2014-03;16;3;1201;135;431;79;72;6;12;12;44;55;1;1;1;0;2;81;5
2014-03;17;3;833;252;221;18;153;9;8;44;9;17;0;0;2;0;6;34;6
2014-03;18;3;554;138;181;32;100;10;8;14;12;7;0;0;3;0;1;29;0
2014-03;19;3;764;116;248;62;96;10;3;7;12;36;1;1;0;0;3;63;9
2014-03;20;3;618;158;152;29;83;7;2;27;13;14;0;0;4;0;2;46;3
2014-03;21;3;1438;237;283;55;158;7;30;24;15;20;5;4;8;1;4;81;12
2014-03;22;3;852;204;162;42;121;3;11;32;21;16;5;4;4;0;5;85;2
2014-03;23;3;822;221;220;53;161;25;3;33;6;31;0;0;0;0;1;65;2
2014-03;24;3;486;129;79;27;60;5;3;25;8;7;0;0;5;0;6;62;6
2014-03;25;3;986;165;116;15;102;2;7;24;3;9;3;3;2;0;3;82;3
2014-03;26;3;454;110;87;17;69;8;0;20;7;7;0;0;1;0;2;46;4
2014-03;27;3;865;289;250;23;176;22;18;65;79;22;5;3;3;2;2;64;3
2014-03;28;3;735;208;146;32;128;9;8;53;18;18;4;4;7;0;3;77;4
2014-03;29;3;845;235;251;43;170;10;15;36;18;16;15;13;4;2;1;59;5
2014-03;30;3;594;177;94;24;102;9;9;47;11;11;5;5;12;0;2;66;4
2014-03;31;3;640;248;98;15;123;16;6;80;14;4;7;4;5;2;11;57;8
2014-03;32;3;1479;187;312;62;115;4;10;21;19;29;10;10;15;0;8;230;17
2014-03;33;3;1100;259;207;42;142;16;11;70;24;20;5;5;6;0;6;152;10
2014-03;34;3;1876;521;342;72;333;20;17;110;57;32;14;12;19;1;9;187;18
2014-03;35;3;2020;186;534;76;83;5;11;43;64;49;6;6;3;0;12;301;26
2014-03;36;3;1042;99;234;39;48;2;2;24;17;20;15;12;4;2;10;170;11
2014-03;37;3;890;84;256;52;57;0;5;14;15;14;6;3;5;3;1;105;8
2014-03;38;3;735;200;169;16;89;8;4;56;35;17;3;2;2;1;5;86;5
2014-03;39;3;983;336;116;9;171;3;34;87;19;12;8;5;7;3;2;51;6
2014-03;40;3;621;291;103;17;133;6;20;109;17;14;4;2;4;1;4;49;5
2014-03;41;3;576;117;127;27;84;10;4;12;7;21;1;1;0;0;8;71;0
2014-03;42;3;854;118;266;37;69;7;5;37;33;39;1;1;1;0;9;94;3
2014-03;43;3;460;36;82;6;19;2;2;11;11;13;1;1;0;0;2;94;10
2014-03;44;3;487;148;128;14;62;3;2;39;12;8;1;1;0;0;3;26;1
2014-03;45;3;174;7;29;3;4;1;0;0;1;1;0;0;4;0;1;18;2
2014-04;1;3;363;58;162;48;46;6;4;0;5;24;1;1;0;0;0;4;1
2014-04;4;3;975;181;428;55;131;27;10;17;6;53;2;2;0;0;1;27;5
2014-04;5;3;1015;159;356;61;115;7;2;2;6;30;1;1;3;0;0;60;7
2014-04;6;3;526;127;137;17;103;4;11;7;4;11;0;0;4;0;1;27;3
2014-04;7;3;178;38;32;0;19;0;0;4;4;3;0;0;0;0;0;16;0
2014-04;9;3;548;83;210;44;56;5;6;5;13;17;0;0;2;0;4;24;3
2014-04;10;3;836;132;286;135;81;10;4;9;25;29;0;0;0;0;2;40;3
2014-04;11;3;128;5;21;3;4;0;1;0;0;0;1;1;3;0;1;23;0
2014-04;12;3;879;91;322;80;56;2;5;0;3;22;0;0;1;0;1;61;1
2014-04;13;3;425;50;172;17;35;4;4;0;5;16;2;2;16;0;1;25;1
2014-04;14;3;654;99;277;38;69;10;11;4;3;28;0;0;1;0;0;24;1
2014-04;15;3;351;71;103;19;40;4;4;8;6;11;0;0;0;0;0;28;1
2014-04;16;3;1163;195;381;95;94;8;11;23;23;29;1;1;6;0;1;86;7
2014-04;17;3;811;216;226;21;114;5;12;40;10;21;1;0;4;0;0;48;6
2014-04;18;3;611;175;188;37;137;6;8;10;13;7;0;0;0;0;1;28;1
2014-04;19;3;722;86;241;69;55;5;2;11;11;15;1;0;1;0;7;52;0
2014-04;20;3;656;181;171;28;119;11;5;20;13;8;1;0;1;0;0;47;6
2014-04;21;3;1542;248;232;36;144;14;24;33;20;8;7;6;17;1;7;78;14
2014-04;22;3;788;199;163;30;133;6;10;31;35;8;3;3;8;0;3;55;6
2014-04;23;3;766;204;210;68;124;21;4;34;8;30;1;1;1;0;0;53;3
2014-04;24;3;430;114;94;17;54;4;4;35;9;9;0;0;2;0;2;40;5
2014-04;25;3;1105;181;113;22;84;4;4;30;10;9;3;2;7;1;0;46;5
2014-04;26;3;467;129;91;17;76;12;2;25;13;9;4;4;5;0;3;47;0
2014-04;27;3;792;313;189;26;184;22;22;82;59;21;8;7;1;1;5;42;4
2014-04;28;3;710;218;124;30;136;19;12;46;15;12;2;2;1;0;4;81;4
2014-04;29;3;872;263;238;33;181;14;18;48;17;11;7;5;8;2;2;59;5
2014-04;30;3;661;191;113;21;100;5;8;60;18;10;6;4;6;1;7;87;3
2014-04;31;3;610;230;80;15;111;17;4;88;14;15;2;2;4;0;3;72;5
2014-04;32;3;1485;165;334;69;105;5;11;14;22;24;7;6;16;1;10;245;13
2014-04;33;3;1032;283;181;39;149;17;23;80;34;23;7;6;9;1;13;148;5
2014-04;34;3;1664;467;327;66;298;9;13;84;44;23;7;5;15;2;8;144;17
2014-04;35;3;1846;159;489;95;66;2;4;33;58;48;7;4;3;2;15;261;21
2014-04;36;3;1000;88;244;41;46;3;3;22;16;26;14;12;5;2;5;142;15
2014-04;37;3;838;73;278;34;47;4;3;13;13;27;1;1;6;0;1;79;6
2014-04;38;3;696;192;132;26;109;13;5;36;23;17;1;0;7;1;0;68;4
2014-04;39;3;855;325;106;9;180;5;44;66;8;10;6;4;8;2;8;55;10
2014-04;40;3;670;325;80;15;199;8;46;85;13;5;4;3;5;0;4;44;3
2014-04;41;3;602;136;118;22;82;15;2;15;9;16;2;1;1;1;5;88;4
2014-04;42;3;801;103;257;44;48;9;2;30;39;29;2;2;2;0;3;102;8
2014-04;43;3;433;36;79;8;13;1;3;14;16;7;3;3;2;0;7;85;17
2014-04;44;3;555;204;107;13;118;7;23;43;3;9;2;2;3;0;3;37;1
2014-04;45;3;158;3;14;1;1;0;0;0;0;2;1;1;2;0;0;19;3
2014-05;1;3;389;65;167;50;50;2;4;2;2;21;2;1;0;0;0;8;0
2014-05;4;3;981;188;434;51;147;28;14;4;8;51;3;3;3;0;0;26;1
2014-05;5;3;1116;171;378;80;138;9;5;2;7;45;2;2;2;0;0;40;3
2014-05;6;3;497;115;111;31;84;6;11;7;3;10;3;2;4;1;4;29;4
2014-05;7;3;169;33;43;1;15;0;0;4;7;2;1;0;1;1;1;12;1
2014-05;9;3;534;72;186;41;48;6;3;8;17;17;1;1;1;0;0;42;2
2014-05;10;3;720;110;285;94;61;13;4;6;13;23;0;0;2;0;0;27;2
2014-05;11;3;170;8;31;5;2;0;0;1;0;1;3;1;18;2;0;26;0
2014-05;12;3;782;80;306;43;45;2;4;3;8;19;1;1;1;0;2;55;1
2014-05;13;3;432;55;171;22;40;4;0;1;1;19;0;0;10;0;0;25;1
2014-05;14;3;651;108;252;47;76;7;5;5;4;19;1;1;0;0;0;13;1
2014-05;15;3;355;80;101;24;48;9;13;4;12;12;0;0;0;0;0;17;3
2014-05;16;3;1116;168;387;92;112;6;10;14;34;29;6;2;4;3;2;70;2
2014-05;17;3;772;225;193;37;140;8;20;28;10;24;0;0;0;0;3;48;3
2014-05;18;3;545;119;188;43;89;9;7;12;16;18;0;0;2;0;1;20;2
2014-05;19;3;744;88;285;70;63;10;2;13;6;14;3;3;0;0;1;40;3
2014-05;20;3;630;157;163;41;102;4;2;14;15;14;0;0;7;0;0;49;6
2014-05;21;3;1511;232;234;53;145;10;23;18;9;17;7;7;3;0;5;90;7
2014-05;22;3;812;218;152;47;153;4;6;32;20;7;2;2;9;0;1;68;10
2014-05;23;3;785;212;186;70;147;37;3;29;8;34;2;1;1;0;1;44;3
2014-05;24;3;425;134;72;22;89;11;5;18;3;4;1;0;1;1;5;48;3
2014-05;25;3;1065;195;121;21;115;6;15;24;5;2;1;1;1;0;2;49;6
2014-05;26;3;479;146;82;20;105;13;1;22;10;14;0;0;3;0;2;45;3
2014-05;27;3;900;355;205;46;185;19;13;109;59;12;4;2;2;2;4;43;2
2014-05;28;3;684;188;118;41;113;6;5;52;14;18;2;2;3;0;5;81;4
2014-05;29;3;856;260;206;34;156;16;14;62;14;17;11;10;6;0;7;56;4
2014-05;30;3;608;207;89;24;98;10;8;76;10;6;7;6;5;1;6;58;1
2014-05;31;3;589;252;94;12;127;23;4;82;19;8;5;3;3;2;4;59;2
2014-05;32;3;1349;155;265;85;94;9;6;19;18;35;5;4;27;1;7;218;16
2014-05;33;3;1024;294;173;29;177;9;20;74;25;13;7;7;2;0;5;121;7
2014-05;34;3;1709;502;305;68;293;15;9;115;44;25;12;8;14;4;5;137;12
2014-05;35;3;1830;161;496;86;53;4;4;39;48;53;5;5;5;0;21;242;9
2014-05;36;3;913;110;195;33;54;0;7;25;22;13;14;12;2;2;10;126;12
2014-05;37;3;858;59;241;42;35;3;2;8;17;17;2;2;2;0;6;90;2
2014-05;38;3;700;207;129;32;105;5;15;49;27;8;3;1;0;2;2;49;5
2014-05;39;3;846;305;129;14;154;0;16;74;12;8;14;8;4;6;1;48;5
2014-05;40;3;592;246;91;21;124;5;10;92;21;11;6;6;1;0;3;30;4
2014-05;41;3;519;97;111;41;42;5;1;20;10;18;0;0;1;0;0;60;1
2014-05;42;3;802;97;241;56;43;4;5;37;29;23;1;1;2;0;2;106;2
2014-05;43;3;416;45;81;17;21;2;1;14;16;8;3;3;1;0;4;85;6
2014-05;44;3;423;146;91;10;90;7;8;26;9;8;4;4;2;0;2;20;0
2014-05;45;3;150;12;16;1;3;0;0;0;0;3;1;1;4;0;2;14;3
2014-06;1;3;371;63;182;37;50;8;1;0;3;20;0;0;0;0;1;11;0
2014-06;4;3;1014;164;393;107;129;16;13;3;2;37;1;1;3;0;0;28;9
2014-06;5;3;1306;162;537;66;120;9;7;2;8;40;0;0;3;0;3;48;3
2014-06;6;3;422;77;81;27;65;7;6;1;3;7;0;0;1;0;4;35;0
2014-06;7;3;171;44;40;3;30;1;0;3;6;1;0;0;1;0;0;13;0
2014-06;9;3;588;76;211;41;43;6;2;10;13;21;1;1;1;0;1;37;3
2014-06;10;3;744;87;284;71;53;11;5;3;12;37;1;0;1;1;3;37;2
2014-06;11;3;161;6;34;7;2;0;1;1;2;4;0;0;15;0;2;20;0
2014-06;12;3;1852;114;1218;62;67;7;2;2;5;70;0;0;3;0;1;44;5
2014-06;13;3;501;38;228;16;18;2;2;0;3;17;0;0;2;0;1;26;1
2014-06;14;3;623;73;244;40;51;5;3;1;2;22;1;1;0;0;0;36;0
2014-06;15;3;372;51;115;17;26;4;2;1;7;16;1;1;0;0;1;19;2
2014-06;16;3;1065;155;357;81;102;10;11;16;29;39;3;2;2;1;0;67;4
2014-06;17;3;709;162;206;14;107;10;14;14;9;15;0;0;2;0;4;40;1
2014-06;18;3;934;112;428;49;92;8;3;5;6;16;1;0;0;0;0;20;2
2014-06;19;3;796;77;311;63;64;8;2;9;6;28;2;2;5;0;2;54;3
2014-06;20;3;581;112;142;25;81;6;1;16;15;7;0;0;9;0;2;44;1
2014-06;21;3;1254;186;243;52;119;6;20;25;18;16;3;3;4;0;2;89;4
2014-06;22;3;785;219;160;44;144;8;5;21;9;16;1;1;2;0;2;45;4
2014-06;23;3;693;163;198;79;128;24;2;17;9;30;0;0;0;0;2;40;2
2014-06;24;3;413;131;71;31;90;14;2;15;5;6;2;1;5;1;2;44;3
2014-06;25;3;893;134;94;16;93;8;6;13;4;6;5;4;6;0;2;64;2
2014-06;26;3;487;133;75;17;80;11;1;30;12;7;1;0;8;0;2;46;2
2014-06;27;3;890;325;221;50;210;29;16;73;64;21;3;3;1;0;4;57;2
2014-06;28;3;630;194;99;46;121;17;6;52;7;10;6;6;4;0;3;74;2
2014-06;29;3;804;242;210;39;158;13;16;49;15;16;6;6;1;0;2;52;4
2014-06;30;3;619;208;88;30;103;7;6;75;12;8;3;3;2;0;7;62;5
2014-06;31;3;598;247;73;11;146;28;9;62;12;4;4;3;7;1;2;59;4
2014-06;32;3;1314;163;262;66;101;13;8;17;16;30;8;8;24;0;8;227;10
2014-06;33;3;988;253;205;36;170;8;27;44;32;24;5;5;4;0;9;110;3
2014-06;34;3;1704;505;268;53;305;24;19;119;39;21;10;5;13;5;7;164;16
2014-06;35;3;1829;156;500;105;71;7;9;29;49;52;2;2;1;0;13;222;22
2014-06;36;3;891;98;165;34;52;2;9;27;20;17;8;8;11;0;8;151;11
2014-06;37;3;763;57;210;41;40;2;1;4;12;21;4;4;0;0;5;99;7
2014-06;38;3;707;197;125;42;99;10;3;47;28;10;5;5;3;0;3;77;6
2014-06;39;3;822;298;135;17;142;10;28;61;15;10;14;10;9;4;3;43;8
2014-06;40;3;609;282;96;10;153;7;18;95;15;4;1;0;0;0;6;41;3
2014-06;41;3;506;65;99;35;45;11;4;5;4;15;1;1;2;0;4;74;3
2014-06;42;3;720;79;220;33;40;4;7;24;28;23;4;2;4;2;3;97;5
2014-06;43;3;374;29;69;5;6;1;1;16;13;10;7;7;5;0;6;68;10
2014-06;44;3;459;142;110;12;96;9;6;27;11;11;4;3;2;1;5;15;7
2014-06;45;3;127;5;14;3;5;0;0;0;0;1;6;2;3;4;0;6;1
2014-07;1;3;412;58;192;65;37;3;2;0;4;22;0;0;0;0;1;9;0
2014-07;4;3;1133;180;518;85;145;15;21;2;3;45;1;1;2;0;3;41;5
2014-07;5;3;1483;179;680;111;127;13;2;4;6;59;2;1;1;0;0;37;2
2014-07;6;3;416;64;105;19;53;5;4;4;2;7;3;3;3;0;0;26;2
2014-07;7;3;203;56;42;5;27;1;0;14;8;1;2;0;0;2;0;22;0
2014-07;9;3;576;104;203;56;63;8;4;9;7;10;1;0;0;1;2;23;1
2014-07;10;3;714;90;292;83;54;6;4;7;14;32;1;1;2;0;0;29;2
2014-07;11;3;178;6;36;9;1;0;1;0;2;3;0;0;0;0;6;30;3
2014-07;12;3;2228;142;1565;84;67;9;0;1;6;89;0;0;3;0;1;48;3
2014-07;13;3;539;52;253;31;35;4;4;0;5;21;0;0;1;0;0;16;0
2014-07;14;3;681;92;299;44;61;8;2;1;4;34;0;0;0;0;0;23;1
2014-07;15;3;377;64;111;24;44;4;8;1;2;20;1;0;1;0;0;26;2
2014-07;16;3;1073;161;367;92;101;6;18;12;23;36;5;5;0;0;0;64;3
2014-07;17;3;741;190;219;24;123;8;26;18;10;16;3;3;1;0;1;32;1
2014-07;18;3;712;120;304;62;93;7;3;7;10;21;1;1;0;0;1;23;0
2014-07;19;3;787;95;260;72;75;14;1;8;14;18;0;0;2;0;2;45;2
2014-07;20;3;564;126;143;28;99;9;3;11;12;17;0;0;9;0;2;51;5
2014-07;21;3;1551;195;258;57;104;6;21;30;7;12;5;4;5;0;4;64;8
2014-07;22;3;815;214;197;41;142;11;14;34;32;9;2;1;3;1;2;54;7
2014-07;23;3;717;162;205;74;124;24;6;23;12;17;1;1;0;0;2;45;4
2014-07;24;3;399;129;74;19;82;12;2;21;4;9;1;1;2;0;0;36;0
2014-07;25;3;961;157;118;22;98;4;11;13;4;6;1;1;0;0;4;36;4
2014-07;26;3;486;123;95;17;77;8;4;28;10;14;0;0;6;0;0;30;2
2014-07;27;3;797;281;189;45;173;26;9;56;52;21;5;4;1;1;1;50;4
2014-07;28;3;758;247;115;46;158;11;6;53;12;13;7;7;2;0;5;83;3
2014-07;29;3;880;286;247;34;183;19;21;64;12;28;9;7;10;1;4;34;3
2014-07;30;3;619;218;88;26;131;9;7;53;14;6;1;1;2;0;3;63;4
2014-07;31;3;615;254;80;13;158;17;15;64;13;5;6;4;5;2;6;45;2
2014-07;32;3;1365;155;332;101;106;7;18;19;21;30;5;5;19;0;11;184;12
2014-07;33;3;1028;283;197;49;182;18;21;55;37;15;1;1;0;0;7;109;8
2014-07;34;3;1820;493;305;71;341;18;12;80;44;21;8;6;13;2;11;145;20
2014-07;35;3;1857;227;443;85;125;23;7;42;33;46;7;5;10;0;14;236;11
2014-07;36;3;940;97;208;39;66;3;17;19;25;26;8;5;13;3;10;115;14
2014-07;37;3;811;79;227;53;59;3;3;6;14;19;3;3;1;0;1;72;3
2014-07;38;3;723;221;144;33;132;8;7;47;33;8;1;1;1;0;5;62;6
2014-07;39;3;824;282;146;20;169;11;24;48;20;6;14;7;1;7;3;45;3
2014-07;40;3;616;258;87;21;136;10;14;73;17;10;3;2;3;1;3;55;6
2014-07;41;3;543;101;119;60;75;15;3;9;6;10;1;1;3;0;2;54;1
2014-07;42;3;795;111;231;61;60;3;7;28;29;23;5;4;1;0;2;89;3
2014-07;43;3;414;41;75;6;21;1;4;12;7;9;3;3;0;0;10;56;3
2014-07;44;3;470;161;109;16;105;9;6;25;5;9;2;2;3;0;1;17;2
2014-07;45;3;130;4;17;1;2;0;0;0;2;1;1;1;4;0;2;8;1
2014-08;1;3;341;63;139;44;53;6;8;0;2;19;0;0;0;0;1;16;1
2014-08;4;3;1119;200;445;54;169;17;24;9;7;50;0;0;5;0;2;23;1
2014-08;5;3;1223;151;420;83;122;15;6;1;11;46;2;2;0;0;0;44;1
2014-08;6;3;464;65;115;33;48;5;2;5;3;15;1;1;4;0;1;24;4
2014-08;7;3;184;57;35;6;31;3;0;7;8;2;1;1;2;0;0;16;0
2014-08;9;3;572;76;194;49;50;3;4;7;15;18;0;0;0;0;2;24;2
2014-08;10;3;692;96;239;62;67;11;8;10;9;19;1;1;0;0;2;35;2
2014-08;11;3;171;9;34;3;1;0;0;0;3;4;1;0;2;1;1;24;0
2014-08;12;3;777;47;352;40;26;2;0;2;2;33;2;0;1;0;1;49;4
2014-08;13;3;452;57;179;28;36;4;3;2;0;16;0;0;1;0;1;20;2
2014-08;14;3;659;93;293;40;62;7;10;5;5;35;0;0;2;0;0;39;2
2014-08;15;3;341;43;95;26;25;5;6;4;8;11;0;0;1;0;2;18;1
2014-08;16;3;1028;102;350;79;64;9;9;10;31;40;3;3;2;0;2;81;3
2014-08;17;3;775;203;184;27;137;18;19;24;10;23;0;0;0;0;2;36;3
2014-08;18;3;511;117;146;48;90;13;6;13;7;15;1;0;1;0;0;23;1
2014-08;19;3;708;96;217;63;72;9;1;12;11;30;0;0;4;0;3;38;1
2014-08;20;3;558;105;145;27;84;7;2;14;15;11;2;1;12;1;2;41;2
2014-08;21;3;1306;191;280;37;114;6;13;31;10;17;3;3;1;0;3;72;2
2014-08;22;3;781;203;149;44;137;13;7;27;22;7;3;1;10;2;3;48;3
2014-08;23;3;727;161;235;67;127;24;6;13;10;42;0;0;1;0;0;31;1
2014-08;24;3;401;116;64;19;81;4;10;15;6;7;2;2;0;0;1;25;4
2014-08;25;3;871;155;107;30;102;7;13;14;2;6;5;5;1;0;7;36;4
2014-08;26;3;444;97;92;19;65;5;1;18;14;8;3;2;1;0;1;34;1
2014-08;27;3;771;290;169;24;189;32;9;75;42;17;5;4;2;1;2;63;3
2014-08;28;3;683;199;99;44;134;11;6;43;12;9;4;4;2;0;4;73;8
2014-08;29;3;847;246;197;46;163;12;16;38;20;26;4;4;0;0;2;51;8
2014-08;30;3;559;162;84;19;104;12;3;32;12;8;1;1;6;0;3;51;3
2014-08;31;3;626;277;78;17;177;38;8;68;12;9;3;1;3;1;8;51;3
2014-08;32;3;1324;138;281;52;98;10;10;15;17;26;8;8;25;0;10;228;13
2014-08;33;3;1052;311;164;49;193;19;21;72;35;11;3;3;3;0;8;144;10
2014-08;34;3;1579;436;260;71;299;8;10;76;49;20;11;8;8;3;11;128;13
2014-08;35;3;1726;186;423;94;89;10;1;50;49;41;3;3;6;0;17;208;19
2014-08;36;3;1005;114;179;40;66;2;11;28;17;14;6;6;6;0;9;126;15
2014-08;37;3;807;53;235;55;31;5;4;10;13;16;3;3;2;0;0;79;4
2014-08;38;3;726;223;148;17;118;14;9;58;41;7;4;4;3;0;2;59;7
2014-08;39;3;791;268;108;23;134;9;10;65;15;6;9;8;0;1;5;44;9
2014-08;40;3;624;266;87;18;141;7;15;76;17;5;1;1;1;0;2;42;4
2014-08;41;3;512;65;93;44;44;11;2;8;9;16;1;1;4;0;2;76;5
2014-08;42;3;690;52;183;50;31;3;2;16;26;18;0;0;3;0;8;92;7
2014-08;43;3;445;36;69;12;19;2;1;12;6;7;1;1;3;0;8;84;7
2014-08;44;3;472;138;108;11;100;10;2;17;8;10;1;0;4;1;1;26;5
2014-08;45;3;158;7;13;7;5;0;1;0;2;2;2;0;5;2;1;16;4
2014-09;1;3;397;58;177;56;45;6;5;2;2;27;0;0;0;0;2;8;1
2014-09;4;3;1190;213;488;87;182;10;44;8;4;56;2;2;6;0;0;38;8
2014-09;5;3;1137;162;354;75;124;10;9;4;11;37;3;3;1;0;3;48;1
2014-09;6;3;536;85;136;28;68;9;11;8;2;16;3;3;6;0;1;36;2
2014-09;7;3;206;39;40;9;21;2;0;6;7;3;0;0;0;0;0;11;2
2014-09;9;3;583;87;203;34;62;5;2;5;11;22;0;0;0;0;3;26;2
2014-09;10;3;715;105;237;44;75;8;4;7;8;35;0;0;1;0;3;51;0
2014-09;11;3;165;5;37;5;2;0;0;0;1;7;1;1;4;0;3;19;0
2014-09;12;3;790;49;327;56;25;5;3;1;11;26;0;0;10;0;1;56;9
2014-09;13;3;446;31;169;19;14;3;0;1;2;21;0;0;0;0;0;25;0
2014-09;14;3;625;70;278;35;41;8;3;4;2;28;0;0;0;0;2;21;1
2014-09;15;3;352;30;110;22;18;3;3;1;7;11;1;1;1;0;8;29;1
2014-09;16;3;1079;121;327;90;74;9;10;10;28;35;3;3;1;0;6;79;6
2014-09;17;3;723;164;213;22;119;9;12;12;12;27;6;5;14;1;4;34;3
2014-09;18;3;503;120;169;46;89;11;4;13;6;18;0;0;1;0;0;16;0
2014-09;19;3;692;80;224;39;63;9;0;10;7;21;0;0;2;0;2;45;4
2014-09;20;3;587;106;149;34;79;4;1;11;12;7;3;3;12;0;4;56;2
2014-09;21;3;1406;229;267;45;140;8;24;24;13;27;5;2;5;3;2;74;6
2014-09;22;3;868;228;189;47;155;13;9;33;32;20;4;2;12;2;1;41;7
2014-09;23;3;822;206;240;74;172;30;3;18;9;38;2;2;3;0;2;31;1
2014-09;24;3;447;124;70;21;85;7;5;21;1;6;0;0;11;0;3;40;1
2014-09;25;3;924;138;102;23;93;13;12;16;3;6;3;3;2;0;2;62;3
2014-09;26;3;477;117;90;10;86;11;0;17;5;10;0;0;9;0;0;31;0
2014-09;27;3;840;282;199;34;192;30;10;58;47;22;2;2;6;0;4;54;1
2014-09;28;3;699;200;112;41;136;16;9;39;11;15;4;4;5;0;5;68;4
2014-09;29;3;843;220;235;61;148;19;10;38;10;17;4;4;8;0;2;44;2
2014-09;30;3;528;143;67;22;83;8;2;33;15;5;1;1;7;0;4;38;2
2014-09;31;3;617;263;76;18;166;37;7;69;16;6;3;3;3;0;2;54;4
2014-09;32;3;1478;178;303;65;120;12;30;20;24;36;9;9;21;0;14;254;14
2014-09;33;3;1018;267;181;50;147;22;17;73;29;19;4;4;3;0;4;104;7
2014-09;34;3;1844;474;319;78;306;17;11;91;59;18;5;3;17;1;12;149;15
2014-09;35;3;1978;221;464;100;95;10;10;57;31;63;7;7;5;0;20;260;23
2014-09;36;3;1005;101;214;31;62;0;15;15;24;23;12;10;6;2;10;128;14
2014-09;37;3;869;70;208;58;43;0;0;10;15;17;1;1;0;0;3;92;6
2014-09;38;3;754;220;154;39;144;19;4;34;37;5;6;4;5;2;1;74;8
2014-09;39;3;905;334;123;24;153;10;24;86;10;10;4;3;5;1;4;41;2
2014-09;40;3;593;236;93;25;119;11;7;70;16;6;3;2;9;0;2;44;5
2014-09;41;3;564;69;120;36;42;6;2;8;7;20;4;3;4;0;10;72;3
2014-09;42;3;860;82;245;65;44;6;3;20;35;33;1;1;2;0;4;104;2
2014-09;43;3;484;29;79;6;18;0;0;2;9;12;4;4;4;0;5;99;9
2014-09;44;3;446;121;102;17;81;13;5;17;7;13;2;2;0;0;4;27;1
2014-09;45;3;173;7;13;2;6;1;0;0;2;2;5;2;3;3;1;16;2
2014-10;1;3;371;68;161;48;54;6;4;1;0;17;0;0;0;0;0;12;0
2014-10;4;3;1223;261;489;84;226;13;41;6;2;45;1;1;6;0;2;21;6
2014-10;5;3;1130;182;348;93;150;12;7;2;5;45;3;2;4;0;1;49;4
2014-10;6;3;558;103;124;23;71;8;12;8;1;27;3;2;26;0;0;38;2
2014-10;7;3;185;51;44;7;37;4;0;6;10;2;2;2;0;0;0;11;3
2014-10;9;3;586;113;194;41;73;6;3;8;15;25;1;1;0;0;0;31;1
2014-10;10;3;675;106;254;48;71;9;5;4;18;33;2;2;2;0;2;38;5
2014-10;11;3;175;4;31;10;1;0;1;0;0;8;1;1;0;0;3;21;3
2014-10;12;3;869;40;388;67;20;4;2;1;2;27;0;0;6;0;3;43;3
2014-10;13;3;452;35;202;29;25;3;5;0;3;17;0;0;1;0;0;26;1
2014-10;14;3;679;55;313;41;34;6;3;1;2;34;0;0;0;0;1;26;1
2014-10;15;3;356;63;109;18;40;10;3;2;3;15;0;0;1;0;1;20;1
2014-10;16;3;1159;141;397;97;54;15;9;10;30;44;1;1;1;0;3;72;4
2014-10;17;3;789;189;197;43;122;14;10;21;12;20;3;3;18;0;0;42;3
2014-10;18;3;535;102;187;64;83;11;8;2;12;25;1;1;4;0;2;21;1
2014-10;19;3;710;111;213;69;78;8;2;10;11;11;0;0;6;0;4;32;2
2014-10;20;3;625;130;166;33;92;3;3;14;10;7;0;0;18;0;3;70;4
2014-10;21;3;1233;241;255;49;168;10;36;26;17;19;11;11;3;0;4;70;11
2014-10;22;3;855;232;121;51;159;11;8;28;14;10;6;5;10;1;2;52;7
2014-10;23;3;843;237;239;102;197;43;6;19;10;33;1;1;1;0;5;35;2
2014-10;24;3;568;178;95;33;124;19;6;20;7;10;2;1;4;1;4;47;5
2014-10;25;3;895;167;118;20;110;14;10;21;6;13;3;2;6;1;2;31;7
2014-10;26;3;476;124;103;14;89;14;2;23;18;17;2;2;8;0;1;39;4
2014-10;27;3;916;325;205;59;199;30;3;77;57;21;3;3;0;0;2;58;6
2014-10;28;3;720;213;120;45;134;19;6;56;6;18;2;2;1;0;6;77;5
2014-10;29;3;871;242;220;75;150;12;14;43;14;20;7;5;3;2;2;52;3
2014-10;30;3;603;210;107;30;122;13;7;54;13;11;3;3;4;0;7;57;3
2014-10;31;3;689;262;103;27;163;29;17;61;20;15;0;0;2;0;5;72;5
2014-10;32;3;1579;254;331;91;187;15;77;23;28;33;7;7;23;0;7;218;17
2014-10;33;3;1188;314;203;69;197;28;25;66;43;19;4;3;7;0;4;112;10
2014-10;34;3;1838;506;323;62;327;12;38;81;52;17;8;4;17;4;10;131;16
2014-10;35;3;1915;191;477;118;88;12;9;44;44;57;4;4;4;0;12;283;13
2014-10;36;3;936;86;211;44;43;7;5;22;18;29;15;13;9;0;11;145;16
2014-10;37;3;801;69;181;52;57;0;4;5;5;18;2;1;4;1;4;64;5
2014-10;38;3;744;204;133;32;124;17;7;47;28;11;2;2;1;0;7;74;10
2014-10;39;3;929;347;115;15;175;14;28;87;13;3;17;14;3;2;4;45;5
2014-10;40;3;642;231;94;16;110;12;7;73;26;3;6;5;6;0;3;57;6
2014-10;41;3;601;82;141;38;55;6;2;10;7;10;3;3;0;0;5;77;2
2014-10;42;3;758;73;232;55;34;5;2;16;28;39;2;2;3;0;4;82;7
2014-10;43;3;510;35;74;11;24;3;1;8;13;9;4;4;8;0;9;82;7
2014-10;44;3;494;180;102;24;111;13;6;25;4;11;3;2;0;1;2;28;3
2014-10;45;3;129;3;16;0;2;0;1;0;0;2;0;0;8;0;2;15;3
2014-11;1;3;392;52;162;55;43;8;2;0;1;15;0;0;0;0;0;5;0
2014-11;4;3;1084;216;446;51;184;26;30;7;5;49;1;1;9;0;1;37;5
2014-11;5;3;1118;114;355;86;93;14;3;2;9;43;0;0;1;0;1;46;1
2014-11;6;3;523;82;142;29;63;5;9;4;7;18;0;0;10;0;0;45;5
2014-11;7;3;168;35;53;6;20;1;0;5;11;4;2;1;8;1;0;12;0
2014-11;9;3;593;103;213;34;65;9;3;8;23;20;0;0;0;0;2;34;2
2014-11;10;3;695;98;257;56;70;10;7;5;16;32;0;0;0;0;2;34;3
2014-11;11;3;175;4;25;7;4;1;2;0;1;2;1;0;5;1;2;20;1
2014-11;12;3;953;67;461;61;38;5;3;1;4;38;0;0;4;0;1;44;6
2014-11;13;3;483;29;185;26;21;3;3;0;2;19;1;1;0;0;0;15;0
2014-11;14;3;594;78;273;36;50;9;2;2;4;26;1;1;0;0;0;20;0
2014-11;15;3;383;50;138;18;24;0;2;1;3;11;1;1;7;0;1;21;0
2014-11;16;3;1215;190;456;83;89;12;10;9;27;53;1;1;3;0;1;79;4
2014-11;17;3;691;173;177;34;92;2;9;30;7;19;1;1;6;0;2;40;3
2014-11;18;3;581;106;195;52;79;8;10;4;14;21;2;2;0;0;1;31;3
2014-11;19;3;650;92;219;47;74;21;2;7;4;22;1;1;2;0;1;40;3
2014-11;20;3;538;120;135;31;91;3;2;8;7;10;2;2;20;0;1;49;4
2014-11;21;3;1214;248;227;53;153;6;37;31;20;10;6;5;2;1;1;63;13
2014-11;22;3;892;223;163;47;125;7;13;38;25;8;3;2;13;1;4;68;9
2014-11;23;3;773;189;222;62;146;32;7;14;14;29;1;0;4;0;1;44;2
2014-11;24;3;470;169;65;22;115;22;2;26;6;10;3;3;3;0;2;48;7
2014-11;25;3;763;118;116;21;79;14;10;16;7;12;1;1;6;0;1;32;6
2014-11;26;3;444;122;82;6;72;9;3;22;17;10;0;0;15;0;0;31;2
2014-11;27;3;929;386;174;48;221;25;10;110;28;24;1;0;2;1;1;60;10
2014-11;28;3;1198;262;119;30;177;21;9;54;13;13;1;0;1;1;7;71;7
2014-11;29;3;921;289;198;58;175;8;9;69;3;20;5;3;1;2;1;62;11
2014-11;30;3;607;238;92;29;137;12;4;65;21;11;1;1;9;0;2;54;4
2014-11;31;3;710;276;90;26;164;35;3;61;13;7;10;7;2;2;8;79;7
2014-11;32;3;1478;240;314;63;176;20;51;28;25;32;9;8;27;1;20;220;21
2014-11;33;3;1036;356;130;55;216;29;14;82;25;17;4;4;5;0;7;98;11
2014-11;34;3;1864;514;328;75;311;33;25;87;60;24;7;4;13;2;13;164;22
2014-11;35;3;1979;254;458;113;101;12;14;71;36;62;5;5;0;0;28;250;20
2014-11;36;3;880;104;167;28;50;2;17;29;11;13;12;11;4;1;14;138;20
2014-11;37;3;795;87;184;35;69;5;7;7;12;18;0;0;2;0;3;78;7
2014-11;38;3;795;245;116;27;145;13;13;48;29;9;5;4;11;0;4;83;6
2014-11;39;3;796;315;115;12;157;13;26;76;12;4;10;5;5;5;4;48;15
2014-11;40;3;621;248;72;19;123;15;21;77;11;5;4;4;4;0;0;53;11
2014-11;41;3;582;117;120;32;65;6;4;20;7;12;1;0;5;1;2;72;3
2014-11;42;3;765;57;265;47;34;7;3;11;35;29;0;0;1;0;5;78;4
2014-11;43;3;499;39;86;11;20;2;2;9;12;17;2;2;2;0;3;102;7
2014-11;44;3;492;135;111;14;75;11;4;28;7;9;4;1;2;3;2;28;6
2014-11;45;3;181;6;12;1;4;1;0;0;2;3;1;0;31;1;2;19;9
2014-12;1;3;370;67;152;42;51;7;2;1;1;18;0;0;1;0;0;9;1
2014-12;4;3;1164;161;509;59;122;10;11;11;2;48;0;0;2;0;4;28;6
2014-12;5;3;1159;142;408;83;106;12;5;5;6;35;3;3;2;0;3;45;4
2014-12;6;3;470;83;108;21;54;4;4;6;6;8;5;5;8;0;1;29;2
2014-12;7;3;170;30;55;3;22;4;0;3;14;5;0;0;19;0;1;20;2
2014-12;9;3;559;141;180;24;82;10;2;9;18;23;0;0;0;0;2;34;0
2014-12;10;3;779;93;263;63;69;6;5;4;16;36;0;0;0;0;1;29;1
2014-12;11;3;149;2;34;3;0;0;0;0;2;4;1;0;2;1;2;14;4
2014-12;12;3;954;59;483;60;26;4;1;0;4;42;0;0;1;0;3;50;4
2014-12;13;3;433;35;195;20;20;4;4;2;2;27;0;0;0;0;0;25;2
2014-12;14;3;688;85;338;53;54;10;3;1;4;23;0;0;0;0;0;18;1
2014-12;15;3;326;42;107;18;25;2;3;4;3;18;0;0;3;0;1;17;2
2014-12;16;3;1263;199;455;92;106;17;18;17;27;48;2;2;10;0;0;75;4
2014-12;17;3;675;169;180;21;120;9;23;12;8;19;4;4;7;0;2;33;2
2014-12;18;3;467;109;151;50;80;4;5;14;4;17;0;0;1;0;0;28;2
2014-12;19;3;652;83;179;41;55;12;3;13;11;13;1;1;12;0;6;47;4
2014-12;20;3;549;111;126;30;71;3;3;16;12;7;2;2;34;0;0;43;7
2014-12;21;3;1357;311;277;55;183;10;58;37;22;11;2;2;1;0;9;74;12
2014-12;22;3;796;223;155;28;119;5;5;46;25;11;5;5;6;0;1;52;11
2014-12;23;3;740;176;221;55;126;26;4;23;13;38;0;0;0;0;1;37;1
2014-12;24;3;459;151;60;15;86;18;3;28;5;9;7;6;7;1;2;54;4
2014-12;25;3;618;138;95;17;92;15;8;14;8;9;1;1;0;0;3;48;8
2014-12;26;3;443;125;71;11;73;9;5;27;18;2;2;0;18;1;2;37;0
2014-12;27;3;908;423;167;29;267;37;22;94;33;17;3;3;0;0;6;55;4
2014-12;28;3;711;203;84;32;125;16;7;50;8;12;4;2;3;2;1;76;8
2014-12;29;3;987;302;312;34;173;16;13;78;16;29;2;1;2;1;2;46;9
2014-12;30;3;611;225;97;22;111;14;4;56;13;10;5;2;5;2;5;55;3
2014-12;31;3;721;357;87;16;190;23;7;106;22;4;3;2;2;0;2;54;6
2014-12;32;3;1480;232;308;54;170;19;32;26;31;27;8;8;23;0;13;217;20
2014-12;33;3;1053;309;154;53;165;31;16;80;25;21;3;3;8;0;5;152;8
2014-12;34;3;1729;527;306;64;334;30;32;95;42;28;12;7;12;5;8;153;8
2014-12;35;3;2118;267;479;112;137;22;14;57;40;60;5;5;6;0;18;286;17
2014-12;36;3;871;89;173;24;49;5;12;18;11;31;17;16;8;1;10;124;35
2014-12;37;3;823;77;240;29;39;1;17;15;10;20;2;1;0;0;0;56;5
2014-12;38;3;756;250;94;30;119;12;8;58;18;7;3;2;9;1;5;76;3
2014-12;39;3;848;338;126;14;157;10;37;77;6;5;13;6;3;6;2;44;7
2014-12;40;3;694;308;70;14;164;8;32;81;14;4;4;3;12;0;4;56;5
2014-12;41;3;535;102;114;28;62;14;5;19;9;11;1;1;1;0;5;70;4
2014-12;42;3;884;73;309;58;35;2;3;22;53;30;4;4;3;0;4;100;8
2014-12;43;3;487;44;74;14;23;3;6;15;5;5;4;4;1;0;6;91;12
2014-12;44;3;484;150;107;8;91;6;8;26;10;9;1;1;0;0;0;40;4
2014-12;45;3;127;3;7;1;3;2;0;0;1;1;1;1;35;0;1;13;6
2015-01;1;3;992;74;151;407;56;10;1;1;1;23;0;0;1;0;0;11;1
2015-01;4;3;1278;173;425;192;139;15;21;7;4;54;2;1;10;1;1;16;7
2015-01;5;3;1231;149;459;77;118;18;2;5;8;61;2;1;1;1;1;35;1
2015-01;6;3;461;82;127;16;58;6;4;9;4;18;4;3;13;1;1;20;2
2015-01;7;3;239;60;46;2;37;6;0;12;15;1;0;0;7;0;1;19;0
2015-01;9;3;704;183;270;25;130;19;4;14;25;36;0;0;1;0;1;28;5
2015-01;10;3;652;93;253;42;59;5;7;4;25;27;3;2;1;0;1;37;3
2015-01;11;3;151;3;32;6;1;0;1;0;4;3;2;2;8;0;1;23;4
2015-01;12;3;1761;93;1151;49;56;8;6;0;4;100;0;0;5;0;4;67;7
2015-01;13;3;531;60;264;17;36;3;5;3;3;37;0;0;2;0;0;21;0
2015-01;14;3;955;137;506;44;78;14;6;3;9;50;0;0;1;0;1;24;0
2015-01;15;3;369;32;150;14;20;4;1;1;6;12;1;1;0;0;1;20;1
2015-01;16;3;1477;209;641;81;108;18;25;15;30;89;0;0;7;0;3;74;10
2015-01;17;3;667;180;164;23;117;12;23;15;12;12;5;4;8;1;2;30;6
2015-01;18;3;517;135;154;45;102;14;8;10;4;22;0;0;5;0;0;20;1
2015-01;19;3;703;107;204;59;79;17;3;7;13;21;0;0;10;0;2;42;5
2015-01;20;3;582;135;148;25;90;6;3;13;11;5;1;1;17;0;2;54;9
2015-01;21;3;1310;262;275;45;162;5;45;34;31;26;5;5;2;0;7;56;11
2015-01;22;3;726;207;154;20;103;8;13;33;18;16;2;2;13;0;2;42;3
2015-01;23;3;757;230;198;52;162;34;3;38;9;38;0;0;0;0;1;48;5
2015-01;24;3;495;173;76;15;110;28;4;27;5;5;1;1;2;0;1;42;4
2015-01;25;3;928;184;130;17;120;10;11;19;10;7;1;1;7;0;4;50;4
2015-01;26;3;467;153;66;17;81;16;2;35;11;3;3;2;30;1;0;37;4
2015-01;27;3;899;400;158;27;250;28;28;112;23;14;6;6;1;0;1;53;2
2015-01;28;3;803;263;127;33;172;16;4;61;12;10;2;2;4;0;0;87;6
2015-01;29;3;882;294;196;35;200;15;45;64;11;15;10;8;4;2;3;32;4
2015-01;30;3;577;197;103;22;114;10;8;49;10;9;3;2;10;1;3;62;3
2015-01;31;3;719;342;79;21;176;25;10;101;13;8;9;5;3;4;4;58;5
2015-01;32;3;1492;191;350;70;125;10;33;27;29;40;9;9;19;0;12;236;21
2015-01;33;3;1145;352;148;49;188;36;5;110;22;17;4;4;1;0;10;151;7
2015-01;34;3;1845;595;337;60;370;43;11;127;51;28;13;9;10;4;14;173;17
2015-01;35;3;1933;269;446;92;128;14;10;64;37;46;3;3;8;0;16;270;27
2015-01;36;3;923;120;165;30;66;3;5;23;14;20;19;15;2;4;7;140;28
2015-01;37;3;809;110;224;62;64;3;8;15;17;15;3;3;2;0;7;50;6
2015-01;38;3;769;257;110;24;119;7;13;68;26;7;4;2;1;2;4;58;4
2015-01;39;3;1046;393;127;12;206;13;51;74;9;6;11;6;10;5;7;42;10
2015-01;40;3;696;334;59;10;178;15;33;100;10;7;6;3;4;3;1;53;7
2015-01;41;3;593;145;112;35;99;10;7;15;6;10;1;1;6;0;0;83;3
2015-01;42;3;990;111;367;52;39;3;4;43;61;38;0;0;2;0;0;110;4
2015-01;43;3;522;46;98;17;33;2;2;6;16;14;3;3;3;0;8;109;10
2015-01;44;3;580;203;92;11;117;11;20;38;7;10;7;7;3;0;1;33;5
2015-01;45;3;152;4;10;3;4;1;1;0;0;0;0;0;17;0;2;6;4
2015-02;1;3;805;87;444;114;63;12;2;1;3;80;0;0;2;0;0;6;0
2015-02;4;3;1327;197;631;97;164;15;9;8;5;81;5;3;8;0;1;21;3
2015-02;5;3;1684;239;878;64;202;15;4;0;1;110;1;1;1;0;2;50;3
2015-02;6;3;645;108;232;19;81;9;12;4;4;17;1;1;2;0;0;23;6
2015-02;7;3;407;63;245;1;33;5;0;3;21;36;1;0;4;1;1;15;1
2015-02;9;3;855;185;434;22;140;21;2;7;21;84;1;1;0;0;5;21;2
2015-02;10;3;616;89;289;36;70;13;8;4;21;46;0;0;1;0;2;21;5
2015-02;11;3;124;3;25;4;0;0;0;0;1;2;2;2;0;0;0;14;3
2015-02;12;3;996;57;516;54;26;4;0;0;5;43;1;1;10;0;4;52;2
2015-02;13;3;618;41;326;23;21;1;3;0;1;41;0;0;9;0;0;28;2
2015-02;14;3;1862;219;1372;37;157;38;0;2;5;195;0;0;0;0;0;16;5
2015-02;15;3;396;42;199;17;24;6;2;5;3;32;0;0;0;0;1;22;2
2015-02;16;3;1059;105;426;74;54;12;9;13;23;55;6;6;4;0;1;68;0
2015-02;17;3;702;179;194;25;122;12;14;18;8;26;5;4;3;1;1;21;1
2015-02;18;3;453;119;133;37;81;9;8;15;11;12;4;3;1;1;1;11;0
2015-02;19;3;650;96;193;55;80;10;1;4;11;24;2;1;8;1;2;41;3
2015-02;20;3;516;134;147;27;100;8;2;16;15;10;1;1;3;0;8;29;2
2015-02;21;3;1043;194;227;30;129;10;27;23;14;15;6;4;15;2;2;51;6
2015-02;22;3;672;163;152;28;99;6;7;25;15;11;3;3;26;0;1;34;4
2015-02;23;3;712;211;219;49;156;29;6;32;9;30;0;0;0;0;1;34;3
2015-02;24;3;445;154;66;23;106;15;4;24;2;11;3;2;1;1;0;51;4
2015-02;25;3;816;144;124;9;79;9;7;19;4;13;5;3;2;2;3;40;5
2015-02;26;3;435;124;80;10;73;8;0;23;15;11;1;1;3;0;0;38;10
2015-02;27;3;790;345;170;23;202;35;16;95;40;14;9;6;1;2;0;40;5
2015-02;28;3;704;268;119;22;173;18;6;60;12;13;2;2;2;0;1;63;7
2015-02;29;3;842;301;225;30;194;23;24;67;11;18;6;5;1;1;0;46;3
2015-02;30;3;579;206;106;21;132;14;10;49;18;13;10;5;3;5;5;61;6
2015-02;31;3;707;380;67;14;208;30;5;133;15;6;5;3;3;2;5;53;8
2015-02;32;3;1271;167;272;51;90;6;8;22;20;40;12;6;15;6;6;231;17
2015-02;33;3;1003;338;171;23;187;22;9;84;26;26;5;4;3;0;4;93;7
2015-02;34;3;1649;558;324;41;320;46;15;121;48;39;13;8;11;5;4;118;21
2015-02;35;3;1741;298;405;70;162;16;12;56;21;40;3;3;3;0;19;255;17
2015-02;36;3;842;105;179;22;68;4;5;20;12;18;6;6;8;0;5;130;24
2015-02;37;3;780;86;207;38;41;4;2;14;13;25;2;1;0;1;6;60;3
2015-02;38;3;673;261;87;15;125;11;7;79;14;8;3;2;0;1;4;46;4
2015-02;39;3;813;310;87;6;169;13;28;79;10;9;9;2;3;6;1;33;7
2015-02;40;3;654;320;71;13;153;14;21;110;8;4;9;3;0;6;0;40;5
2015-02;41;3;492;100;104;21;55;5;3;18;5;9;3;3;0;0;3;69;2
2015-02;42;3;796;110;280;44;55;10;4;37;42;34;1;1;7;0;3;73;7
2015-02;43;3;467;38;97;11;28;1;0;6;18;8;0;0;2;0;8;83;10
2015-02;44;3;452;158;101;11;99;10;13;34;5;7;4;4;1;0;0;23;4
2015-02;45;3;102;2;10;2;2;0;0;0;1;0;4;0;13;4;1;5;3
2015-03;1;3;467;63;212;56;46;6;2;0;3;26;0;0;1;0;0;8;1
2015-03;4;3;954;172;451;38;129;12;23;5;1;68;1;1;7;0;3;16;4
2015-03;5;3;1246;195;452;80;159;12;13;7;13;57;1;1;1;0;1;34;2
2015-03;6;3;511;91;123;24;65;9;9;6;3;21;4;3;6;1;3;35;0
2015-03;7;3;225;47;67;5;32;3;0;5;17;3;0;0;3;0;0;18;1
2015-03;9;3;630;141;209;53;97;21;7;12;22;19;1;1;0;0;1;43;3
2015-03;10;3;686;113;269;63;78;12;9;8;26;30;0;0;2;0;1;22;4
2015-03;11;3;163;11;36;7;3;1;0;0;2;5;1;0;9;1;0;19;1
2015-03;12;3;934;57;391;76;30;3;2;0;2;29;0;0;3;0;2;37;9
2015-03;13;3;451;36;180;36;22;4;2;1;1;17;0;0;3;0;1;22;0
2015-03;14;3;669;72;284;37;45;2;2;2;4;26;0;0;2;0;2;24;1
2015-03;15;3;321;37;112;22;19;4;3;5;4;20;0;0;2;0;0;18;1
2015-03;16;3;1207;157;418;111;103;17;13;12;39;61;4;2;1;2;4;87;7
2015-03;17;3;786;177;218;29;110;12;12;22;14;23;7;3;5;4;0;37;6
2015-03;18;3;628;143;196;73;115;12;2;13;9;19;0;0;2;0;0;33;1
2015-03;19;3;734;114;245;57;78;11;0;12;14;24;3;0;14;3;4;33;6
2015-03;20;3;617;131;162;44;89;4;4;15;23;8;2;2;7;0;3;35;4
2015-03;21;3;1148;213;221;58;122;12;25;28;14;9;6;4;8;1;1;52;13
2015-03;22;3;821;231;173;34;144;14;17;36;25;17;4;3;32;1;5;60;3
2015-03;23;3;743;199;199;67;143;32;6;30;6;31;0;0;0;0;1;45;1
2015-03;24;3;508;165;78;21;105;17;7;24;7;11;2;2;1;0;2;54;8
2015-03;25;3;755;178;137;28;104;12;11;33;9;12;2;2;7;0;2;36;11
2015-03;26;3;507;123;105;18;76;14;2;26;24;15;3;0;8;3;1;58;4
2015-03;27;3;918;371;154;47;222;18;10;102;38;9;4;4;2;0;4;46;8
2015-03;28;3;736;238;134;38;140;15;14;68;15;12;6;5;5;1;2;76;8
2015-03;29;3;927;335;230;40;204;14;27;89;10;23;1;1;0;0;3;58;2
2015-03;30;3;620;223;96;15;120;7;2;70;12;10;3;2;3;1;1;75;6
2015-03;31;3;704;340;99;15;202;32;8;107;12;10;3;1;1;2;2;50;12
2015-03;32;3;1535;198;345;78;117;14;21;32;20;33;5;5;42;0;16;202;18
2015-03;33;3;1218;371;188;66;201;57;11;110;31;29;1;0;5;1;4;142;6
2015-03;34;3;1873;462;437;87;209;50;10;123;56;39;11;7;9;4;14;139;22
2015-03;35;3;2045;331;470;118;196;26;13;64;45;58;5;5;4;0;19;280;29
2015-03;36;3;1065;145;226;35;96;9;8;22;15;22;15;14;8;1;8;143;28
2015-03;37;3;834;93;217;52;55;5;9;17;28;16;3;3;6;0;1;74;10
2015-03;38;3;763;264;118;27;158;9;16;57;27;8;2;2;3;0;5;74;8
2015-03;39;3;1025;360;109;18;178;14;16;88;15;14;9;7;5;2;0;70;10
2015-03;40;3;675;300;84;19;165;11;14;82;25;7;6;5;1;1;3;52;6
2015-03;41;3;561;99;111;35;57;2;1;18;11;20;2;2;4;0;1;79;4
2015-03;42;3;877;100;284;72;55;7;6;22;29;18;5;5;4;0;9;91;3
2015-03;43;3;592;48;120;19;27;3;3;9;7;9;4;4;2;0;14;88;8
2015-03;44;3;550;189;105;14;97;8;12;47;13;19;8;6;0;2;1;40;4
2015-03;45;3;176;8;14;3;6;1;0;0;1;1;5;4;20;1;0;11;3
2015-04;1;3;358;80;147;35;63;5;3;2;1;23;0;0;0;0;0;7;1
2015-04;4;3;876;185;391;28;147;9;30;12;5;48;2;2;4;0;1;22;3
2015-04;5;3;1164;188;372;61;149;13;8;1;4;47;0;0;1;0;2;38;1
2015-04;6;3;509;101;115;26;76;7;14;7;9;23;1;1;8;0;1;33;3
2015-04;7;3;203;42;44;1;24;2;0;1;9;0;2;2;7;0;0;18;5
2015-04;9;3;637;162;202;33;115;14;2;10;16;24;0;0;1;0;3;42;0
2015-04;10;3;708;152;265;59;93;16;4;15;9;27;0;0;3;0;3;29;1
2015-04;11;3;124;5;30;2;3;1;1;0;0;5;1;1;1;0;1;12;2
2015-04;12;3;775;39;304;66;20;2;2;1;4;18;0;0;6;0;2;50;2
2015-04;13;3;418;28;166;23;13;1;2;1;3;13;0;0;1;0;0;20;2
2015-04;14;3;653;79;269;35;45;4;4;3;6;19;1;0;0;0;0;29;1
2015-04;15;3;268;34;87;16;26;2;8;2;4;10;0;0;0;0;2;14;2
2015-04;16;3;1100;131;405;83;81;10;8;18;36;51;1;1;1;0;2;60;4
2015-04;17;3;672;131;198;22;77;13;13;22;12;25;5;4;1;1;0;30;3
2015-04;18;3;563;137;182;50;105;20;11;14;9;24;0;0;0;0;0;25;3
2015-04;19;3;643;91;221;39;66;8;3;7;4;17;1;0;7;0;2;44;6
2015-04;20;3;528;104;138;25;61;3;1;17;11;5;0;0;12;0;1;38;2
2015-04;21;3;1024;175;212;38;95;14;15;29;11;26;4;4;2;0;4;57;15
2015-04;22;3;765;230;138;31;145;11;10;43;21;9;0;0;17;0;1;31;2
2015-04;23;3;669;167;205;51;120;33;8;20;9;31;1;1;3;0;1;24;6
2015-04;24;3;462;134;73;33;83;13;5;27;6;8;0;0;0;0;0;44;2
2015-04;25;3;648;133;105;17;70;6;6;28;6;11;3;3;5;0;0;37;6
2015-04;26;3;494;137;99;14;85;16;6;29;8;4;0;0;13;0;3;53;1
2015-04;27;3;842;340;185;41;203;32;4;97;51;16;5;4;1;0;7;51;3
2015-04;28;3;707;262;120;28;138;11;15;89;10;14;1;1;2;0;4;65;7
2015-04;29;3;802;268;216;41;179;19;17;59;15;24;8;8;3;0;8;40;5
2015-04;30;3;582;194;111;14;111;8;8;52;19;8;3;3;1;0;0;55;5
2015-04;31;3;657;292;87;22;161;26;10;92;12;14;6;4;3;2;7;42;3
2015-04;32;3;1397;184;340;68;106;9;15;36;30;26;8;7;14;0;7;178;15
2015-04;33;3;1044;286;207;41;164;24;24;76;21;26;4;3;4;1;9;105;8
2015-04;34;3;1700;413;390;118;199;44;16;103;23;34;19;10;10;8;10;131;17
2015-04;35;3;1869;285;417;116;149;12;15;79;37;41;8;6;2;0;31;279;24
2015-04;36;3;931;120;171;44;70;9;5;18;12;22;15;12;3;2;11;138;30
2015-04;37;3;737;79;183;32;58;7;10;10;11;15;3;3;4;0;2;67;13
2015-04;38;3;752;267;125;28;153;10;17;64;21;12;7;6;3;0;3;61;3
2015-04;39;3;869;329;99;22;154;12;23;99;14;5;10;5;8;3;3;29;8
2015-04;40;3;674;307;70;20;161;8;6;104;12;3;3;2;12;1;3;41;6
2015-04;41;3;501;86;102;25;55;6;3;11;9;16;0;0;1;0;2;66;5
2015-04;42;3;768;115;223;57;69;14;2;22;24;23;2;1;3;0;1;98;6
2015-04;43;3;486;40;73;10;24;3;1;7;10;8;1;1;1;0;20;76;14
2015-04;44;3;533;180;124;11;96;7;6;42;14;19;1;1;4;0;0;31;1
2015-04;45;3;102;0;12;2;0;0;0;0;3;0;4;2;8;2;3;8;3
2015-05;1;3;375;72;151;38;50;9;1;1;1;21;0;0;0;0;0;10;1
2015-05;4;3;934;188;414;28;142;13;18;6;3;48;1;1;4;0;2;19;7
2015-05;5;3;1218;176;393;88;139;11;5;0;11;54;2;2;3;0;1;43;2
2015-05;6;3;541;130;110;26;96;15;16;14;7;21;10;9;6;1;2;23;6
2015-05;7;3;178;40;37;7;30;1;0;3;11;2;5;5;6;0;2;10;0
2015-05;9;3;528;135;159;37;102;16;4;11;23;11;0;0;1;0;2;34;2
2015-05;10;3;712;119;250;57;101;21;9;4;16;22;0;0;4;0;0;33;0
2015-05;11;3;117;3;21;1;1;1;0;0;0;0;0;0;8;0;1;14;0
2015-05;12;3;810;38;336;83;19;7;0;0;2;33;0;0;6;0;1;43;4
2015-05;13;3;364;23;152;26;15;3;1;0;4;8;0;0;0;0;2;13;1
2015-05;14;3;628;60;229;50;40;7;1;1;3;28;0;0;2;0;2;14;1
2015-05;15;3;341;46;132;18;30;3;4;6;2;31;1;0;0;0;2;15;0
2015-05;16;3;1058;150;367;100;98;9;16;13;45;45;2;1;4;1;0;60;2
2015-05;17;3;769;188;202;27;120;17;20;27;17;22;2;2;13;0;3;21;4
2015-05;18;3;649;166;188;52;118;16;6;21;12;24;1;1;1;0;0;34;3
2015-05;19;3;772;123;213;58;92;17;0;9;10;16;0;0;14;0;1;47;6
2015-05;20;3;570;118;141;37;77;3;2;8;7;14;0;0;12;0;11;46;1
2015-05;21;3;1308;202;260;51;124;13;40;21;13;20;0;0;15;0;4;66;21
2015-05;22;3;790;215;177;47;133;17;21;42;30;14;3;2;5;1;2;56;4
2015-05;23;3;676;134;219;53;95;14;6;16;13;33;2;2;1;0;1;39;2
2015-05;24;3;461;144;64;22;81;12;1;29;7;6;4;4;1;0;0;26;6
2015-05;25;3;689;121;129;26;61;11;4;20;4;15;3;3;6;0;1;32;2
2015-05;26;3;442;107;85;16;57;10;1;33;13;9;3;3;13;0;0;21;4
2015-05;27;3;891;325;205;41;190;20;10;92;40;17;1;1;1;0;1;52;8
2015-05;28;3;731;257;110;41;155;15;6;80;17;11;2;1;2;0;2;56;7
2015-05;29;3;913;296;245;46;201;18;20;59;16;28;4;3;3;1;4;29;3
2015-05;30;3;619;256;98;20;138;10;10;70;18;8;3;2;3;0;0;48;0
2015-05;31;3;642;297;72;16;179;37;21;76;13;6;1;0;1;0;1;61;12
2015-05;32;3;1389;185;325;63;99;13;18;33;22;32;11;11;19;0;13;203;12
2015-05;33;3;1015;261;201;50;168;36;10;45;26;28;10;10;4;0;3;128;11
2015-05;34;3;1578;399;378;69;242;73;11;51;24;38;14;11;5;3;6;117;14
2015-05;35;3;1874;287;422;103;148;21;7;77;43;34;5;4;4;1;14;251;28
2015-05;36;3;957;144;177;40;84;9;10;25;22;22;7;7;5;0;4;143;25
2015-05;37;3;889;75;218;60;46;5;8;11;24;23;5;3;6;2;2;53;9
2015-05;38;3;718;241;115;36;125;15;10;63;24;9;2;1;4;1;3;73;6
2015-05;39;3;892;346;116;13;183;19;20;71;8;15;15;10;4;5;3;22;11
2015-05;40;3;701;328;64;17;183;23;9;90;13;1;9;7;4;2;2;43;6
2015-05;41;3;525;80;105;41;47;3;6;16;7;13;2;2;3;0;1;71;6
2015-05;42;3;760;90;250;36;34;8;1;25;24;14;2;2;2;0;4;70;3
2015-05;43;3;465;36;76;14;18;3;3;9;11;11;5;5;1;0;14;91;6
2015-05;44;3;537;190;117;8;99;4;10;38;8;17;1;1;0;0;0;23;5
2015-05;45;3;98;2;8;3;2;0;1;0;1;0;1;1;0;0;1;4;4
2015-06;1;3;358;59;135;56;54;10;3;0;2;21;0;0;0;0;0;9;0
2015-06;4;3;887;166;397;41;130;17;19;2;3;55;2;2;12;0;0;17;0
2015-06;5;3;1044;166;317;88;129;15;21;1;10;45;2;0;1;2;0;36;4
2015-06;6;3;506;109;143;28;93;14;12;3;8;32;2;2;15;0;1;30;3
2015-06;7;3;180;42;36;5;32;3;0;2;12;0;1;1;1;0;1;6;0
2015-06;9;3;499;93;161;38;70;14;4;4;28;18;3;3;0;0;0;23;1
2015-06;10;3;618;102;234;58;58;12;7;11;17;29;0;0;1;0;1;34;0
2015-06;11;3;110;5;24;5;2;0;1;0;0;3;0;0;0;0;0;16;2
2015-06;12;3;676;19;291;74;10;0;1;0;3;31;1;1;3;0;2;39;4
2015-06;13;3;358;16;137;26;8;0;1;0;1;12;0;0;9;0;0;15;1
2015-06;14;3;631;62;262;39;40;6;3;0;6;31;0;0;0;0;0;16;2
2015-06;15;3;324;42;116;19;27;7;5;3;8;13;0;0;3;0;1;16;1
2015-06;16;3;1059;160;372;84;87;10;15;11;41;40;0;0;2;0;0;46;6
2015-06;17;3;734;187;191;31;120;16;16;25;15;20;1;1;11;0;1;41;5
2015-06;18;3;664;154;251;46;110;20;4;20;24;46;0;0;0;0;0;28;1
2015-06;19;3;728;98;230;45;75;14;1;6;15;27;0;0;13;0;1;39;2
2015-06;20;3;528;77;166;29;43;6;0;4;11;11;0;0;6;0;3;33;3
2015-06;21;3;1193;163;236;52;91;9;28;19;14;38;3;3;8;0;3;55;11
2015-06;22;3;645;188;133;19;116;13;9;37;17;14;3;3;4;0;7;34;4
2015-06;23;3;612;135;187;61;97;27;2;14;7;36;0;0;0;0;1;24;5
2015-06;24;3;473;124;85;24;72;20;0;25;6;11;1;1;3;0;3;37;2
2015-06;25;3;609;120;103;12;81;10;7;15;5;12;1;1;3;0;0;30;9
2015-06;26;3;390;77;94;13;42;7;2;24;12;6;0;0;7;0;1;33;4
2015-06;27;3;833;327;140;35;175;21;6;113;35;11;9;6;7;2;0;42;4
2015-06;28;3;723;211;140;48;147;28;10;49;21;21;7;3;4;4;4;69;4
2015-06;29;3;905;330;260;28;227;24;26;76;9;30;4;3;4;0;8;33;3
2015-06;30;3;594;238;94;27;153;17;11;51;15;11;1;1;0;0;3;51;4
2015-06;31;3;576;296;55;19;165;27;13;81;6;4;5;4;1;1;3;44;11
2015-06;32;3;1239;159;277;58;109;20;17;11;26;29;6;5;41;0;12;170;14
2015-06;33;3;934;221;183;46;122;28;3;55;14;33;6;6;1;0;2;113;8
2015-06;34;3;1421;316;320;82;160;33;14;44;12;36;9;7;7;1;10;124;20
2015-06;35;3;1883;281;423;118;157;19;15;56;44;52;5;4;5;0;21;221;26
2015-06;36;3;990;110;200;47;77;9;10;20;18;33;8;6;9;2;5;130;24
2015-06;37;3;705;58;206;44;37;8;3;2;18;14;4;4;1;0;3;43;4
2015-06;38;3;722;220;128;29;121;7;9;55;18;8;6;3;4;2;3;64;11
2015-06;39;3;835;374;105;26;194;31;29;78;9;8;12;6;4;5;3;24;6
2015-06;40;3;650;271;68;15;140;15;7;91;12;6;6;3;0;3;5;44;10
2015-06;41;3;485;79;90;43;50;9;2;7;6;11;1;1;0;0;1;54;5
2015-06;42;3;693;95;195;38;41;8;1;25;20;23;3;3;3;0;3;81;3
2015-06;43;3;438;25;74;10;10;0;2;6;9;6;2;2;0;0;12;90;7
2015-06;44;3;555;199;116;18;87;13;2;51;13;13;4;3;2;1;0;21;1
2015-06;45;3;95;7;5;1;3;0;0;0;3;0;2;1;6;1;2;8;3
2015-07;1;3;383;62;155;51;49;10;2;0;3;24;0;0;2;0;0;7;2
2015-07;4;3;912;156;396;46;105;16;12;7;2;66;2;1;8;0;1;27;4
2015-07;5;3;1238;182;393;82;141;27;4;3;6;52;1;1;1;0;3;32;4
2015-07;6;3;528;95;139;31;67;15;10;8;9;27;2;2;0;0;1;34;3
2015-07;7;3;175;42;33;7;23;0;0;2;9;4;0;0;4;0;0;1;1
2015-07;9;3;538;113;181;35;75;13;2;12;36;16;0;0;0;0;4;34;1
2015-07;10;3;610;66;222;60;50;11;2;3;20;27;1;0;9;1;6;29;4
2015-07;11;3;128;3;28;2;0;0;0;0;0;7;1;1;7;0;1;14;5
2015-07;12;3;701;32;295;62;12;3;2;0;2;21;0;0;2;0;0;47;5
2015-07;13;3;326;16;136;20;5;1;1;0;0;10;1;0;8;1;1;22;2
2015-07;14;3;602;53;241;39;43;16;0;0;5;32;0;0;1;0;0;27;3
2015-07;15;3;339;32;102;16;19;3;1;0;6;14;0;0;4;0;1;20;1
2015-07;16;3;1097;153;347;106;106;10;11;9;44;51;1;1;9;0;3;72;4
2015-07;17;3;713;153;182;24;93;10;11;19;15;19;0;0;4;0;1;39;4
2015-07;18;3;650;160;168;65;122;14;12;19;8;30;1;1;0;0;1;34;1
2015-07;19;3;696;78;208;53;54;13;2;12;10;13;0;0;1;0;4;25;5
2015-07;20;3;548;88;144;41;43;6;3;18;13;17;1;1;28;0;1;47;3
2015-07;21;3;1267;165;249;54;98;19;19;21;14;20;7;7;3;0;7;65;8
2015-07;22;3;751;228;159;38;149;25;13;39;29;14;0;0;4;0;4;46;5
2015-07;23;3;620;144;195;70;100;19;4;21;11;28;0;0;1;0;0;35;1
2015-07;24;3;431;153;71;18;90;20;3;31;6;7;1;1;0;0;1;35;4
2015-07;25;3;658;136;104;32;90;14;13;11;6;9;1;1;4;0;5;47;6
2015-07;26;3;479;94;91;16;57;16;5;23;18;10;0;0;25;0;0;48;6
2015-07;27;3;823;304;152;55;139;12;5;108;22;15;5;3;6;1;3;39;2
2015-07;28;3;798;236;143;50;158;34;7;49;10;14;7;6;0;1;2;61;11
2015-07;29;3;863;261;264;36;160;20;12;55;14;25;5;3;8;2;1;39;7
2015-07;30;3;514;199;74;26;106;11;6;61;7;8;3;3;2;0;2;42;4
2015-07;31;3;630;308;75;18;187;29;19;82;17;9;6;2;2;2;2;42;4
2015-07;32;3;1321;139;318;51;84;9;15;17;26;36;4;4;11;0;12;163;18
2015-07;33;3;941;231;158;65;118;20;12;61;23;15;6;2;1;4;3;101;6
2015-07;34;3;1536;355;350;79;185;36;17;71;20;46;15;11;10;2;9;130;11
2015-07;35;3;1898;259;434;138;127;19;7;66;27;51;3;3;5;0;23;248;23
2015-07;36;3;863;96;180;35;60;10;9;16;15;19;15;13;7;2;11;110;19
2015-07;37;3;733;62;184;55;37;3;5;4;13;18;3;2;6;1;5;54;6
2015-07;38;3;735;212;130;26;127;18;10;58;24;12;7;6;8;1;1;72;6
2015-07;39;3;926;362;114;10;190;24;26;84;15;15;14;5;7;9;7;43;7
2015-07;40;3;720;324;71;25;177;15;9;87;17;6;1;1;16;0;3;45;5
2015-07;41;3;527;86;101;27;60;12;1;5;11;10;1;1;0;0;4;67;5
2015-07;42;3;716;94;202;49;40;8;5;28;29;15;0;0;3;0;2;81;3
2015-07;43;3;415;34;63;11;23;4;1;6;2;12;3;3;1;0;4;60;9
2015-07;44;3;578;184;107;10;74;9;3;60;12;10;1;1;12;0;1;25;5
2015-07;45;3;133;6;7;1;3;0;0;0;0;0;3;0;3;3;0;8;4
2015-08;1;3;753;66;186;59;51;7;2;2;1;36;0;0;0;0;1;10;0
2015-08;4;3;949;163;407;63;137;14;28;3;3;67;2;0;8;2;0;30;4
2015-08;5;3;1116;168;366;75;136;19;17;1;11;49;1;0;0;0;3;33;3
2015-08;6;3;387;71;96;29;57;9;5;2;6;17;2;2;0;0;3;21;5
2015-08;7;3;156;28;33;3;16;1;0;1;6;3;2;0;4;2;0;16;2
2015-08;9;3;526;80;186;42;54;12;5;3;30;19;0;0;1;0;1;28;4
2015-08;10;3;602;79;233;65;55;12;1;3;18;27;0;0;0;0;2;28;1
2015-08;11;3;127;6;23;9;3;0;1;0;1;5;3;3;7;0;0;11;1
2015-08;12;3;769;45;315;55;23;5;1;0;5;31;2;2;12;0;3;35;10
2015-08;13;3;365;26;172;22;15;3;0;0;3;20;0;0;3;0;0;16;3
2015-08;14;3;640;57;298;26;33;8;1;1;6;32;1;1;2;0;1;23;5
2015-08;15;3;332;35;106;13;24;4;1;1;8;14;0;0;0;0;5;22;1
2015-08;16;3;1134;161;431;90;114;14;14;8;32;58;2;2;2;0;3;53;2
2015-08;17;3;729;146;190;46;96;16;17;15;12;29;3;2;25;1;2;28;5
2015-08;18;3;629;154;202;53;121;29;6;16;18;44;0;0;2;0;1;25;1
2015-08;19;3;650;79;209;48;60;8;3;8;11;18;0;0;15;0;2;36;8
2015-08;20;3;527;85;144;23;54;13;1;10;15;14;2;2;1;0;3;57;2
2015-08;21;3;1246;191;277;53;125;22;44;19;23;22;5;5;1;0;6;61;23
2015-08;22;3;690;172;139;28;104;20;5;30;18;15;3;2;6;1;1;37;3
2015-08;23;3;633;165;191;64;123;33;5;18;15;42;0;0;0;0;4;16;6
2015-08;24;3;451;126;80;22;67;12;0;27;8;15;5;2;0;3;1;31;7
2015-08;25;3;630;136;95;35;79;18;4;20;7;10;2;1;13;1;1;38;6
2015-08;26;3;443;102;98;17;49;7;2;32;23;6;2;0;6;2;0;26;3
2015-08;27;3;737;267;162;29;129;13;9;78;40;11;6;3;0;1;0;51;3
2015-08;28;3;678;222;96;33;128;26;10;62;8;12;4;3;2;0;6;66;9
2015-08;29;3;939;283;315;40;208;25;18;40;17;39;3;3;3;0;2;37;3
2015-08;30;3;503;154;83;21;85;13;3;46;8;10;2;2;2;0;5;62;4
2015-08;31;3;681;314;102;27;169;26;24;89;28;14;2;1;1;1;1;70;3
2015-08;32;3;1331;179;276;68;101;13;14;14;14;43;7;7;20;0;12;198;20
2015-08;33;3;989;233;165;60;132;27;9;56;29;23;6;6;3;0;2;106;16
2015-08;34;3;1606;410;293;90;202;49;22;75;22;41;9;6;3;3;13;125;17
2015-08;35;3;1834;259;414;124;125;20;7;57;45;44;3;3;8;0;15;228;11
2015-08;36;3;927;103;198;38;54;9;4;23;28;37;13;13;11;0;20;124;17
2015-08;37;3;680;48;178;42;30;0;4;6;18;22;0;0;0;0;4;52;4
2015-08;38;3;730;237;114;29;136;27;11;49;25;10;5;3;7;2;5;65;7
2015-08;39;3;938;399;122;14;201;37;12;99;14;17;7;5;4;2;5;38;14
2015-08;40;3;655;288;65;17;131;27;8;90;18;5;1;0;10;1;5;54;6
2015-08;41;3;469;56;86;37;35;5;2;6;3;14;0;0;1;0;4;64;3
2015-08;42;3;702;79;200;50;37;11;7;23;26;16;0;0;2;0;3;67;1
2015-08;43;3;394;38;66;9;18;1;0;15;8;10;4;4;4;0;5;74;5
2015-08;44;3;564;188;114;15;96;16;10;51;11;9;2;2;7;0;1;19;2
2015-08;45;3;112;2;10;1;1;0;0;0;3;1;4;1;8;3;0;3;2
2015-09;1;3;407;76;179;39;61;10;7;2;1;34;0;0;0;0;0;15;0
2015-09;4;3;1019;179;436;72;134;17;30;8;2;86;2;1;20;1;2;20;1
2015-09;5;3;1247;188;401;97;159;22;27;2;18;45;0;0;2;0;1;48;1
2015-09;6;3;455;83;115;29;59;5;13;8;14;12;1;1;9;0;1;35;4
2015-09;7;3;172;52;33;5;26;3;0;1;13;1;2;2;5;0;0;4;3
2015-09;9;3;524;108;174;34;68;12;4;9;22;22;0;0;2;0;0;40;2
2015-09;10;3;636;93;244;62;66;12;3;5;19;39;0;0;8;0;4;28;3
2015-09;11;3;99;2;17;4;0;0;0;0;1;1;0;0;1;0;2;15;2
2015-09;12;3;745;39;324;49;23;4;3;0;3;34;0;0;3;0;2;44;4
2015-09;13;3;417;33;167;19;19;1;6;1;0;14;0;0;0;0;0;26;4
2015-09;14;3;638;92;280;44;58;10;8;1;3;32;0;0;0;0;1;18;2
2015-09;15;3;364;48;102;17;28;4;1;2;4;17;0;0;0;0;0;19;2
2015-09;16;3;1138;127;453;92;91;17;19;5;59;67;0;0;1;0;1;61;7
2015-09;17;3;674;161;168;30;111;16;24;17;5;30;1;1;22;0;4;24;6
2015-09;18;3;564;126;166;40;106;25;10;8;13;30;1;1;0;0;0;14;0
2015-09;19;3;638;76;208;39;57;7;4;5;15;22;1;0;18;1;1;44;3
2015-09;20;3;517;97;147;34;53;16;2;16;9;21;2;2;12;0;1;45;4
2015-09;21;3;1169;216;256;44;125;14;28;29;24;37;8;6;10;2;5;64;15
2015-09;22;3;680;143;166;23;69;13;4;30;21;13;5;3;8;2;3;36;7
2015-09;23;3;668;178;204;53;144;46;2;15;13;48;0;0;0;0;1;24;2
2015-09;24;3;462;145;76;27;99;32;7;24;3;9;0;0;1;0;2;28;6
2015-09;25;3;642;162;112;29;99;16;4;30;9;16;4;2;17;2;6;42;2
2015-09;26;3;427;102;85;13;65;9;4;26;13;9;0;0;6;0;1;45;7
2015-09;27;3;730;304;147;28;161;21;16;80;35;11;2;1;3;1;1;45;5
2015-09;28;3;723;225;116;30;141;29;7;58;12;14;7;5;2;2;7;66;5
2015-09;29;3;915;310;270;35;222;30;26;57;13;38;4;2;7;1;2;45;7
2015-09;30;3;520;146;77;23;76;15;3;45;10;9;0;0;5;0;3;45;5
2015-09;31;3;580;235;76;33;129;19;20;61;8;11;6;5;4;1;3;54;7
2015-09;32;3;1331;147;316;58;99;8;29;6;21;45;10;10;29;0;8;192;22
2015-09;33;3;984;250;164;51;126;33;7;78;19;21;6;5;2;0;5;117;14
2015-09;34;3;1533;455;270;77;251;66;25;106;22;38;8;6;6;2;7;113;18
2015-09;35;3;1783;315;435;100;167;31;9;72;56;58;6;6;9;0;16;217;25
2015-09;36;3;839;100;182;28;49;6;10;19;21;17;18;16;11;2;17;109;21
2015-09;37;3;701;47;179;41;29;6;3;5;15;20;5;3;7;2;3;47;5
2015-09;38;3;639;213;86;26;115;26;12;43;16;7;5;1;3;4;1;46;9
2015-09;39;3;982;410;131;7;190;26;33;121;26;16;15;8;6;7;4;39;13
2015-09;40;3;645;272;67;19;124;17;17;102;12;6;4;2;16;2;4;57;2
2015-09;41;3;490;68;76;23;32;9;1;13;5;11;0;0;2;0;2;63;7
2015-09;42;3;2165;111;1540;43;56;13;3;24;32;507;2;0;5;1;5;79;3
2015-09;43;3;411;43;65;9;19;3;3;17;12;8;0;0;1;0;8;51;6
2015-09;44;3;579;229;95;18;106;17;10;52;18;10;6;5;8;0;2;32;5
2015-09;45;3;93;4;8;1;1;0;0;0;0;2;2;2;0;0;0;6;1
2015-10;1;3;359;63;153;58;46;8;8;1;1;29;0;0;0;0;0;8;0
2015-10;4;3;1014;200;441;56;161;24;22;9;1;93;0;0;5;0;2;27;0
2015-10;5;3;1215;150;384;85;109;10;12;1;5;66;0;0;0;0;1;39;4
2015-10;6;3;538;103;110;25;71;9;12;6;9;23;4;3;2;1;1;27;2
2015-10;7;3;187;60;42;4;29;2;0;13;13;4;1;0;4;1;1;9;2
2015-10;9;3;623;146;184;28;85;11;5;19;17;15;0;0;4;0;1;37;1
2015-10;10;3;677;105;249;56;63;10;4;17;16;35;1;1;2;0;1;25;5
2015-10;11;3;115;8;19;5;3;1;0;0;2;3;0;0;10;0;1;19;6
2015-10;12;3;752;47;296;55;23;2;3;0;2;36;0;0;4;0;0;53;5
2015-10;13;3;415;19;175;17;12;3;3;0;2;22;1;0;3;1;0;23;1
2015-10;14;3;567;44;244;47;29;5;3;1;5;20;0;0;0;0;0;17;2
2015-10;15;3;314;23;91;12;12;0;1;3;4;14;1;1;3;0;0;21;0
2015-10;16;3;1032;119;346;97;82;15;13;6;25;48;1;1;1;0;4;68;3
2015-10;17;3;746;175;198;26;122;13;16;6;16;34;1;1;4;0;2;38;5
2015-10;18;3;604;160;188;35;112;17;13;20;9;42;0;0;0;0;1;13;1
2015-10;19;3;651;88;184;55;55;13;3;12;16;15;2;2;1;0;0;43;3
2015-10;20;3;543;113;152;36;71;12;4;15;13;23;0;0;11;0;3;47;0
2015-10;21;3;1158;217;259;47;146;12;36;22;17;22;6;4;1;2;4;46;19
2015-10;22;3;755;190;149;48;99;12;8;28;15;9;4;0;3;4;2;32;10
2015-10;23;3;676;145;224;63;109;41;3;18;11;41;0;0;0;0;0;31;3
2015-10;24;3;489;151;83;26;95;14;2;26;4;16;2;2;16;0;1;38;3
2015-10;25;3;665;155;136;23;108;14;8;22;6;24;2;1;10;1;3;38;5
2015-10;26;3;420;111;82;16;78;14;5;20;13;6;1;1;0;0;2;30;4
2015-10;27;3;831;345;144;32;174;33;21;101;30;15;1;1;0;0;0;56;3
2015-10;28;3;773;237;116;41;146;25;17;63;9;23;7;5;2;2;1;69;8
2015-10;29;3;963;275;280;41;178;37;10;53;13;39;2;1;0;1;2;55;6
2015-10;30;3;519;140;93;25;82;15;1;39;10;11;0;0;2;0;5;44;5
2015-10;31;3;628;234;85;30;121;16;14;59;17;12;4;4;4;0;2;64;3
2015-10;32;3;1387;131;288;84;74;7;14;20;17;40;7;6;15;1;16;210;16
2015-10;33;3;1044;279;174;62;170;29;12;59;17;30;8;7;3;0;5;150;7
2015-10;34;3;1605;449;284;60;248;58;25;97;32;29;9;9;4;0;4;129;16
2015-10;35;3;1915;300;405;117;157;26;16;88;29;55;7;6;4;0;17;254;28
2015-10;36;3;939;135;204;31;75;11;6;25;21;30;7;5;4;2;10;127;18
2015-10;37;3;785;69;210;46;41;8;1;10;16;22;1;1;0;0;3;53;9
2015-10;38;3;771;258;113;41;121;20;6;55;20;15;5;4;6;1;3;85;11
2015-10;39;3;886;376;89;21;150;19;30;134;15;6;17;16;1;1;2;32;8
2015-10;40;3;755;342;86;33;152;23;18;119;21;11;2;1;8;1;5;35;4
2015-10;41;3;482;50;91;31;26;6;1;7;9;12;2;2;3;0;2;82;4
2015-10;42;3;818;86;274;49;34;5;2;32;27;38;3;3;0;0;4;88;6
2015-10;43;3;474;64;70;13;38;3;0;18;3;12;2;2;2;0;8;81;8
2015-10;44;3;532;199;117;18;93;12;8;53;12;23;6;5;3;0;1;25;1
2015-10;45;3;105;6;11;2;3;0;0;1;1;4;0;0;2;0;1;6;6
2015-11;1;3;358;62;143;44;45;6;4;2;3;27;0;0;2;0;1;7;0
2015-11;4;3;970;177;463;47;128;21;21;3;5;95;5;4;9;1;1;25;3
2015-11;5;3;1181;171;383;89;132;17;5;2;5;52;0;0;5;0;1;43;5
2015-11;6;3;518;92;151;31;68;10;10;6;10;23;6;6;1;0;2;21;5
2015-11;7;3;160;48;34;1;30;1;0;2;10;3;1;1;3;0;2;13;0
2015-11;9;3;623;135;187;49;97;16;12;7;25;20;1;1;2;0;0;41;2
2015-11;10;3;602;95;226;59;76;12;14;5;18;27;0;0;5;0;1;29;0
2015-11;11;3;103;4;18;7;4;0;0;0;3;0;0;0;1;0;0;8;1
2015-11;12;3;768;61;342;55;37;6;0;0;1;36;1;1;2;0;1;36;8
2015-11;13;3;422;29;198;17;19;2;1;0;5;20;0;0;3;0;0;27;3
2015-11;14;3;563;50;231;47;34;5;3;1;6;19;1;1;0;0;0;21;1
2015-11;15;3;279;21;64;20;16;1;4;2;0;7;0;0;4;0;0;23;1
2015-11;16;3;1050;115;371;87;66;13;4;15;48;54;1;1;0;0;5;62;8
2015-11;17;3;706;159;190;34;97;18;14;12;20;25;1;0;14;0;1;46;7
2015-11;18;3;514;144;154;32;99;19;5;24;7;36;1;1;0;0;1;19;0
2015-11;19;3;647;78;209;53;47;7;1;11;12;20;0;0;2;0;1;34;5
2015-11;20;3;519;106;132;39;67;9;2;17;9;18;0;0;15;0;0;30;8
2015-11;21;3;1153;243;228;57;148;30;25;24;17;27;3;3;5;0;7;46;11
2015-11;22;3;837;251;160;45;140;17;25;52;30;17;3;2;5;0;2;44;14
2015-11;23;3;680;154;218;88;119;36;3;14;6;46;1;1;0;0;2;41;4
2015-11;24;3;493;134;87;32;82;14;0;27;14;7;3;3;4;0;2;33;6
2015-11;25;3;616;155;117;19;91;14;6;27;5;11;3;3;3;0;2;32;4
2015-11;26;3;443;105;78;19;68;13;3;21;10;7;5;5;4;0;2;34;3
2015-11;27;3;807;371;139;29;184;19;10;104;24;9;1;1;7;0;4;35;7
2015-11;28;3;764;246;118;53;158;18;9;54;12;18;4;4;1;0;5;67;8
2015-11;29;3;859;289;237;39;186;22;12;61;12;30;3;3;5;0;3;34;1
2015-11;30;3;491;159;96;20;85;14;1;52;22;9;8;4;5;3;2;51;2
2015-11;31;3;630;299;77;20;162;29;32;65;10;6;3;3;1;0;2;55;6
2015-11;32;3;1315;125;332;72;76;9;7;9;25;42;5;5;22;0;11;193;31
2015-11;33;3;986;287;152;100;174;42;9;69;15;23;5;5;6;0;3;93;5
2015-11;34;3;1506;464;281;67;267;61;9;95;26;31;2;2;4;0;10;118;6
2015-11;35;3;1861;410;416;94;229;38;12;107;44;44;8;8;10;0;13;213;16
2015-11;36;3;978;143;180;35;82;11;7;19;19;26;5;3;2;2;13;120;29
2015-11;37;3;694;65;194;45;41;7;8;10;27;19;0;0;0;0;5;62;5
2015-11;38;3;733;264;116;38;139;35;13;53;18;13;2;0;7;2;4;66;9
2015-11;39;3;877;363;117;21;146;26;22;103;14;10;11;10;1;1;1;29;15
2015-11;40;3;715;327;68;37;171;21;9;99;14;8;2;1;2;0;3;41;8
2015-11;41;3;493;60;104;31;40;10;0;9;5;17;0;0;1;0;2;59;5
2015-11;42;3;743;92;209;44;51;11;3;24;42;21;2;2;2;0;4;111;6
2015-11;43;3;460;64;73;13;40;4;0;17;6;12;2;2;4;0;7;84;7
2015-11;44;3;608;231;97;27;116;24;7;64;13;9;2;1;1;1;1;39;6
2015-11;45;3;103;8;6;1;5;0;0;2;0;0;2;0;1;2;0;4;5
2015-12;1;3;400;64;174;53;45;9;4;0;1;30;1;1;2;0;0;8;1
2015-12;4;3;1018;179;518;55;123;28;21;7;3;107;1;1;7;0;2;21;5
2015-12;5;3;1300;206;456;97;153;22;9;6;4;81;1;1;0;0;2;37;6
2015-12;6;3;545;113;145;38;78;9;14;12;6;20;1;1;5;0;0;31;3
2015-12;7;3;180;56;34;9;31;5;0;3;7;1;0;0;1;0;2;13;0
2015-12;9;3;933;132;241;40;85;12;12;11;20;13;0;0;1;0;2;28;3
2015-12;10;3;710;98;292;79;69;9;9;7;12;46;0;0;2;0;2;26;0
2015-12;11;3;122;6;20;5;1;0;1;0;2;5;1;1;0;0;2;13;5
2015-12;12;3;966;91;455;55;44;4;4;2;8;37;0;0;5;0;0;42;2
2015-12;13;3;488;42;204;26;22;5;2;1;2;21;0;0;0;0;0;29;0
2015-12;14;3;940;78;401;50;56;5;8;1;5;29;1;1;0;0;1;16;0
2015-12;15;3;355;30;95;30;20;2;7;3;1;12;1;1;0;0;1;24;0
2015-12;16;3;1189;147;420;118;87;20;8;19;44;57;1;0;2;1;2;60;3
2015-12;17;3;729;164;179;24;79;11;12;25;18;17;4;3;4;0;3;29;4
2015-12;18;3;543;119;156;43;77;15;5;12;6;28;0;0;1;0;0;27;1
2015-12;19;3;744;101;265;57;66;12;6;11;12;13;1;1;4;0;2;46;3
2015-12;20;3;568;145;127;36;96;14;1;25;12;13;1;1;15;0;0;36;4
2015-12;21;3;1195;283;240;56;164;29;50;35;11;21;4;4;5;0;8;69;19
2015-12;22;3;771;249;164;35;137;10;18;46;24;17;2;1;0;1;1;36;10
2015-12;23;3;723;151;183;86;98;25;4;21;8;23;0;0;0;0;0;30;4
2015-12;24;3;494;168;54;33;98;17;5;40;8;3;1;1;0;0;4;46;4
2015-12;25;3;608;163;90;19;84;16;12;33;4;12;5;4;15;0;2;43;3
2015-12;26;3;597;142;100;21;77;14;1;38;8;11;4;4;0;0;3;44;4
2015-12;27;3;939;430;147;48;188;25;9;144;20;8;3;3;6;0;0;57;6
2015-12;28;3;878;301;125;43;189;26;9;69;8;19;7;7;5;0;6;77;12
2015-12;29;3;1113;383;322;66;207;24;19;86;5;28;3;3;6;0;3;58;2
2015-12;30;3;496;166;93;16;88;12;6;50;20;10;3;2;4;1;1;61;5
2015-12;31;3;707;324;100;22;172;31;42;93;13;9;8;7;2;1;1;61;7
2015-12;32;3;1398;141;344;67;84;8;11;13;27;39;13;12;43;1;8;180;28
2015-12;33;3;956;251;132;87;137;24;11;63;19;18;5;5;6;0;8;88;8
2015-12;34;3;1585;485;298;71;279;50;20;106;24;23;11;9;5;2;7;122;18
2015-12;35;3;1967;470;401;115;230;31;11;170;43;35;21;20;4;0;19;206;16
2015-12;36;3;995;132;214;35;81;9;4;25;20;25;5;4;3;1;9;132;17
2015-12;37;3;762;70;216;36;43;8;5;7;23;25;5;2;3;3;3;48;2
2015-12;38;3;738;241;124;37;103;18;11;68;19;11;6;4;5;2;4;59;6
2015-12;39;3;852;363;109;16;147;23;18;98;10;22;10;8;1;2;2;39;9
2015-12;40;3;724;324;70;48;141;12;9;101;6;10;5;5;5;0;2;43;9
2015-12;41;3;510;59;93;43;38;7;2;4;4;8;0;0;5;0;3;83;3
2015-12;42;3;808;90;232;70;39;4;5;26;32;25;0;0;1;0;8;85;9
2015-12;43;3;520;58;86;6;23;3;0;19;9;15;2;2;0;0;13;88;10
2015-12;44;3;614;230;89;35;99;11;14;69;8;7;6;4;1;1;2;25;4
2015-12;45;3;94;12;11;2;3;2;0;0;2;1;2;2;1;0;1;4;2
2016-01;1;3;411;90;200;37;70;9;3;2;2;36;0;0;0;0;0;15;0
2016-01;4;3;1054;225;501;37;163;25;17;20;4;82;0;0;10;0;2;20;4
2016-01;5;3;1274;207;486;77;157;13;9;7;7;79;0;0;7;0;2;32;6
2016-01;6;3;595;164;153;28;125;10;17;16;7;18;5;0;11;5;7;26;3
2016-01;7;3;224;97;47;3;56;6;1;13;8;12;3;3;14;0;0;12;3
2016-01;9;3;928;154;298;37;103;14;9;17;31;61;2;2;2;0;3;28;1
2016-01;10;3;648;96;251;79;61;17;3;7;20;31;0;0;0;0;3;24;2
2016-01;11;3;122;5;32;6;2;0;1;1;3;6;3;3;0;0;2;10;2
2016-01;12;3;1541;125;969;62;57;18;2;2;5;150;1;0;19;1;4;38;7
2016-01;13;3;512;45;253;19;20;4;2;1;2;34;1;0;10;1;1;15;3
2016-01;14;3;1113;84;555;61;67;10;3;1;3;67;1;1;0;0;0;24;3
2016-01;15;3;384;43;133;34;26;4;4;8;2;23;1;1;0;0;0;32;0
2016-01;16;3;1179;145;443;120;94;13;13;12;28;59;0;0;4;0;3;59;6
2016-01;17;3;805;227;254;29;123;16;16;40;15;47;1;1;7;0;4;20;8
2016-01;18;3;555;129;176;37;89;20;5;19;9;24;0;0;0;0;1;35;1
2016-01;19;3;685;118;214;49;72;9;2;18;8;38;1;1;11;0;1;37;4
2016-01;20;3;591;161;137;49;105;15;2;27;13;20;0;0;14;0;3;29;1
2016-01;21;3;1184;310;234;48;208;24;76;34;12;16;5;3;4;1;8;68;14
2016-01;22;3;738;253;135;41;172;27;23;48;21;10;2;1;5;0;5;28;8
2016-01;23;3;668;190;176;60;133;27;6;25;6;23;1;1;1;0;2;24;2
2016-01;24;3;529;232;58;25;143;21;4;46;4;5;1;1;2;0;2;34;2
2016-01;25;3;606;199;91;13;110;9;11;35;11;10;4;2;12;2;1;23;7
2016-01;26;3;595;164;95;21;101;17;4;32;10;8;1;1;4;0;3;51;3
2016-01;27;3;993;389;149;50;214;32;8;108;27;15;3;1;2;0;4;48;5
2016-01;28;3;961;312;158;71;199;33;9;67;15;15;4;4;3;0;8;69;8
2016-01;29;3;1010;359;268;51;230;26;42;80;10;37;4;3;9;1;0;46;2
2016-01;30;3;521;182;98;18;98;13;2;62;22;10;2;2;2;0;2;48;7
2016-01;31;3;631;332;84;10;201;46;15;95;9;7;1;1;4;0;4;47;2
2016-01;32;3;1289;200;262;60;129;20;22;23;24;30;7;6;5;1;10;189;18
2016-01;33;3;1022;306;171;64;158;25;9;93;24;15;6;6;1;0;6;84;9
2016-01;34;3;1457;474;278;62;248;45;11;137;19;36;5;5;6;0;5;101;16
2016-01;35;3;1818;415;365;87;219;25;7;117;54;31;9;9;5;0;19;247;26
2016-01;36;3;963;161;198;39;115;15;12;21;28;20;17;10;7;7;10;123;20
2016-01;37;3;768;95;245;39;67;14;11;8;30;27;0;0;3;0;5;52;5
2016-01;38;3;783;316;102;33;180;63;13;73;17;10;5;4;3;1;7;63;13
2016-01;39;3;847;319;116;19;177;33;24;86;20;11;15;9;0;5;4;22;12
2016-01;40;3;699;315;71;45;177;20;14;89;12;5;7;6;11;1;7;52;8
2016-01;41;3;489;82;104;38;37;5;3;19;9;16;0;0;0;0;3;67;1
2016-01;42;3;845;121;250;71;73;9;5;28;22;20;5;5;9;0;5;86;9
2016-01;43;3;563;73;85;11;46;4;2;18;9;9;5;5;0;0;9;83;9
2016-01;44;3;601;250;117;10;100;13;10;72;15;11;2;2;5;0;0;27;3
2016-01;45;3;130;27;7;1;3;1;0;1;2;0;1;0;5;1;0;8;2
2016-02;1;3;648;114;399;40;85;16;5;4;1;73;0;0;1;0;0;4;1
2016-02;4;3;1183;274;570;33;205;23;18;16;2;98;3;1;23;1;3;26;7
2016-02;5;3;1750;313;785;98;258;35;14;3;9;146;0;0;0;0;1;52;4
2016-02;6;3;706;140;193;27;81;12;10;21;5;32;2;1;6;1;4;22;2
2016-02;7;3;316;85;136;3;54;2;0;14;6;23;1;0;0;1;0;23;2
2016-02;9;3;945;181;374;31;133;29;10;19;22;71;0;0;1;0;1;34;6
2016-02;10;3;763;101;311;65;69;16;10;8;10;58;1;1;2;0;1;42;3
2016-02;11;3;113;4;26;6;2;0;1;0;1;3;0;0;0;0;3;11;1
2016-02;12;3;1278;129;677;75;55;7;3;0;6;48;2;1;17;0;1;50;6
2016-02;13;3;660;82;338;24;55;9;2;1;2;38;0;0;4;0;1;27;6
2016-02;14;3;1885;246;1173;58;189;33;1;2;2;165;1;1;0;0;0;28;5
2016-02;15;3;373;35;145;20;25;1;4;3;3;26;0;0;0;0;2;29;4
2016-02;16;3;1167;162;442;92;95;17;15;12;41;63;2;2;1;0;1;60;4
2016-02;17;3;712;168;210;20;100;8;11;16;23;24;1;1;3;0;1;25;4
2016-02;18;3;615;195;190;28;122;13;5;32;10;22;2;0;2;0;2;23;1
2016-02;19;3;738;136;244;54;78;15;5;21;14;26;1;1;5;0;2;41;5
2016-02;20;3;580;183;144;37;102;18;2;29;9;18;1;1;29;0;3;28;2
2016-02;21;3;1111;271;237;47;184;21;44;36;18;28;10;7;10;2;4;36;15
2016-02;22;3;784;294;137;38;190;23;19;35;18;10;3;3;6;0;3;37;3
2016-02;23;3;726;167;159;59;121;20;10;19;7;16;1;0;0;0;1;30;2
2016-02;24;3;490;178;67;19;119;23;5;35;11;7;6;3;0;0;2;42;4
2016-02;25;3;586;178;103;17;98;13;7;31;9;7;6;2;11;2;1;40;2
2016-02;26;3;527;155;103;13;88;11;3;33;7;6;2;0;4;2;2;30;4
2016-02;27;3;1043;446;160;32;216;34;16;135;27;7;7;7;1;0;2;41;4
2016-02;28;3;920;300;170;45;175;29;9;74;14;18;7;6;0;0;6;94;10
2016-02;29;3;957;367;260;32;255;26;20;58;21;30;1;1;6;0;2;38;10
2016-02;30;3;556;204;89;20;130;14;3;40;14;11;2;2;2;0;0;54;5
2016-02;31;3;676;330;77;7;187;49;10;86;23;9;3;3;3;0;2;57;9
2016-02;32;3;1328;159;274;59;99;19;15;12;21;31;8;7;10;0;14;173;15
2016-02;33;3;918;288;166;53;158;23;6;78;26;15;2;2;7;0;3;96;10
2016-02;34;3;1393;485;220;59;263;43;7;114;29;19;15;12;3;3;8;87;11
2016-02;35;3;1639;331;345;67;192;30;12;71;31;33;6;6;4;0;8;195;19
2016-02;36;3;970;161;164;43;123;14;10;20;16;16;21;15;13;6;6;117;22
2016-02;37;3;766;116;226;35;77;11;10;15;16;24;2;2;1;0;1;62;3
2016-02;38;3;754;302;104;27;171;28;26;67;11;13;3;1;1;1;3;77;6
2016-02;39;3;848;348;122;14;189;33;22;98;21;13;15;13;5;1;2;31;4
2016-02;40;3;755;407;81;21;204;23;19;129;14;4;1;1;4;0;0;31;11
2016-02;41;3;476;61;109;32;33;3;0;11;7;13;2;2;2;0;0;62;2
2016-02;42;3;905;124;297;57;77;14;6;27;37;28;3;3;3;0;1;98;1
2016-02;43;3;514;59;82;19;40;3;3;10;14;10;3;2;2;0;5;82;9
2016-02;44;3;626;240;127;13;118;9;9;65;12;6;8;4;7;4;0;28;2
2016-02;45;3;108;4;4;0;4;1;0;0;0;0;1;0;0;1;1;6;3
2016-03;1;3;337;61;149;34;49;7;2;1;5;22;0;0;0;0;0;8;0
2016-03;4;3;1091;251;488;50;186;28;17;24;5;91;2;2;34;0;1;30;1
2016-03;5;3;1056;220;372;65;168;21;6;7;6;44;0;0;0;0;2;34;4
2016-03;6;3;598;108;151;26;73;16;10;12;21;13;2;2;5;0;3;31;2
2016-03;7;3;210;74;54;5;42;1;1;12;19;2;1;0;2;1;2;19;0
2016-03;9;3;761;112;230;57;86;15;12;10;31;24;1;1;17;0;3;44;2
2016-03;10;3;712;81;254;81;57;24;3;4;16;47;1;0;6;1;2;26;4
2016-03;11;3;105;8;21;4;4;1;0;1;0;1;0;0;0;0;0;11;1
2016-03;12;3;911;73;452;64;29;1;5;0;3;39;6;6;4;0;2;41;5
2016-03;13;3;384;34;194;25;19;2;1;0;3;20;0;0;2;0;0;21;1
2016-03;14;3;673;62;282;92;45;5;2;0;2;19;0;0;0;0;0;25;1
2016-03;15;3;336;35;100;34;24;1;3;2;1;9;0;0;3;0;0;20;0
2016-03;16;3;1162;143;404;148;95;10;20;8;28;53;1;1;7;0;2;74;5
2016-03;17;3;796;211;214;15;99;13;24;40;14;26;1;0;19;0;1;38;2
2016-03;18;3;721;212;175;45;134;31;6;38;7;25;0;0;0;0;1;27;6
2016-03;19;3;726;111;211;64;73;15;7;16;11;21;1;1;1;0;2;53;3
2016-03;20;3;583;149;140;29;90;18;2;26;13;24;2;1;25;1;3;47;2
2016-03;21;3;1392;407;269;63;272;26;98;55;22;25;7;4;11;3;4;62;14
2016-03;22;3;827;276;161;35;168;19;49;48;24;13;4;3;7;0;1;33;10
2016-03;23;3;713;184;200;70;122;28;5;37;7;23;2;2;2;0;3;34;1
2016-03;24;3;476;184;84;20;117;10;2;31;8;8;3;2;0;1;0;35;2
2016-03;25;3;721;235;96;22;110;15;11;56;8;16;2;1;17;1;0;39;6
2016-03;26;3;547;165;90;26;96;17;0;40;5;10;3;1;8;2;4;40;5
2016-03;27;3;1100;417;159;33;218;39;24;131;29;17;5;3;4;0;2;50;4
2016-03;28;3;853;288;140;54;193;23;9;52;11;13;8;5;3;2;2;79;4
2016-03;29;3;992;351;250;54;245;27;24;66;10;41;6;5;0;1;2;53;9
2016-03;30;3;561;201;97;22;128;20;9;54;9;14;3;3;0;0;6;62;4
2016-03;31;3;685;325;78;29;184;33;10;93;20;8;4;4;1;0;5;61;4
2016-03;32;3;1378;163;350;64;108;13;16;24;32;44;10;9;15;1;8;167;15
2016-03;33;3;1026;327;171;60;195;23;14;83;25;20;3;3;1;0;2;92;6
2016-03;34;3;1429;484;205;65;293;54;16;97;21;25;13;10;5;2;10;104;15
2016-03;35;3;1807;343;420;111;197;36;13;75;45;46;13;13;0;0;13;209;26
2016-03;36;3;1020;149;202;44;88;11;17;31;12;27;9;9;3;0;9;126;17
2016-03;37;3;761;103;221;54;74;12;13;9;22;23;6;5;0;1;4;39;8
2016-03;38;3;694;264;97;32;143;21;17;62;15;6;5;4;1;1;3;57;8
2016-03;39;3;1013;400;97;23;191;40;23;143;12;16;10;5;6;5;5;48;4
2016-03;40;3;915;457;99;47;261;29;33;125;24;4;3;2;1;1;2;48;9
2016-03;41;3;483;71;102;38;33;5;2;19;6;12;1;1;0;0;1;66;2
2016-03;42;3;794;87;245;75;46;10;3;25;23;24;2;1;1;0;1;89;4
2016-03;43;3;546;78;72;11;50;10;2;19;5;10;6;6;2;0;9;92;7
2016-03;44;3;600;213;125;12;105;13;4;62;14;10;5;5;0;0;4;33;7
2016-03;45;3;102;7;11;5;5;0;1;0;1;3;1;1;0;0;0;7;5
2016-04;1;3;355;85;141;46;67;15;5;2;1;27;0;0;0;0;0;16;0
2016-04;4;3;921;236;380;45;178;26;22;30;6;70;0;0;14;0;0;29;1
2016-04;5;3;1133;245;361;73;174;24;13;7;3;61;0;0;1;0;5;31;4
2016-04;6;3;527;106;139;23;74;8;9;9;13;23;4;2;0;2;2;16;4
2016-04;7;3;167;69;25;2;45;2;1;8;14;1;1;1;5;0;0;12;2
2016-04;9;3;707;125;187;55;95;18;15;14;19;26;0;0;3;0;2;36;2
2016-04;10;3;701;103;271;58;69;13;6;4;10;46;1;1;2;0;2;33;2
2016-04;11;3;138;5;22;3;4;1;0;0;1;0;1;1;0;0;1;19;5
2016-04;12;3;887;82;370;75;43;4;4;2;6;35;2;2;3;0;1;38;2
2016-04;13;3;373;37;178;26;22;6;3;0;1;17;0;0;6;0;0;15;0
2016-04;14;3;800;85;407;65;55;12;3;3;1;38;1;1;10;0;0;22;0
2016-04;15;3;290;34;81;26;22;1;1;2;2;8;0;0;4;0;1;17;0
2016-04;16;3;1118;165;346;122;101;11;16;14;36;42;2;2;2;0;8;63;3
2016-04;17;3;775;199;158;17;88;17;14;43;19;20;4;3;12;1;2;24;3
2016-04;18;3;558;185;149;37;108;27;6;42;17;18;1;1;8;0;4;15;2
2016-04;19;3;696;130;201;58;86;12;8;16;9;26;2;2;2;0;1;37;2
2016-04;20;3;587;174;141;37;114;27;2;34;23;18;4;3;17;1;0;31;2
2016-04;21;3;1319;407;210;44;272;29;91;56;19;12;14;10;11;4;4;45;11
2016-04;22;3;760;213;151;37;130;20;19;38;11;17;2;2;5;0;4;49;6
2016-04;23;3;709;187;163;67;121;27;1;31;16;19;2;2;0;0;0;22;9
2016-04;24;3;511;223;67;26;121;13;5;49;8;7;2;2;2;0;2;28;4
2016-04;25;3;647;205;87;17;110;13;8;53;3;5;9;3;18;6;2;25;1
2016-04;26;3;540;173;82;21;93;12;1;44;8;7;1;0;4;1;0;31;2
2016-04;27;3;978;379;165;42;228;36;20;85;33;15;6;1;1;5;1;33;6
2016-04;28;3;800;333;114;43;200;44;8;75;10;21;3;3;0;0;4;72;7
2016-04;29;3;912;310;255;44;204;28;23;54;14;28;4;1;9;2;1;34;1
2016-04;30;3;480;193;67;12;111;20;7;55;9;7;3;2;6;0;2;34;4
2016-04;31;3;638;306;68;14;183;35;16;82;17;12;7;4;2;3;4;45;7
2016-04;32;3;1390;195;299;85;142;25;37;18;17;41;9;8;13;1;9;183;18
2016-04;33;3;753;226;122;48;133;17;13;63;27;8;6;5;4;1;3;67;5
2016-04;34;3;1371;469;199;64;269;50;12;102;17;14;9;8;4;0;10;75;11
2016-04;35;3;1637;286;346;101;152;27;6;78;45;34;10;10;2;0;12;206;19
2016-04;36;3;773;102;162;34;58;10;12;26;23;20;6;6;4;0;10;87;26
2016-04;37;3;693;77;176;43;60;7;8;6;21;20;5;5;2;0;2;35;9
2016-04;38;3;697;245;107;31;122;22;17;58;12;10;3;1;0;1;4;61;6
2016-04;39;3;873;375;100;18;178;32;20;115;15;12;11;6;6;5;2;27;14
2016-04;40;3;727;352;79;27;155;13;23;114;19;4;6;6;3;0;1;43;6
2016-04;41;3;479;64;117;39;32;4;2;9;5;10;1;1;1;0;3;52;0
2016-04;42;3;711;90;210;62;45;9;5;26;35;15;3;2;0;0;2;83;7
2016-04;43;3;436;67;47;8;41;5;1;16;6;2;1;1;0;0;4;67;5
2016-04;44;3;557;213;144;10;87;12;3;54;5;6;2;1;1;1;1;20;2
2016-04;45;3;91;4;10;1;1;0;0;1;1;1;2;1;5;1;0;10;3
2016-05;1;3;404;91;180;51;73;15;2;2;6;21;0;0;0;0;1;5;1
2016-05;4;3;878;170;401;54;124;26;13;5;1;65;10;2;10;8;0;23;3
2016-05;5;3;1102;219;385;105;151;15;1;3;7;51;0;0;0;0;3;33;3
2016-05;6;3;587;117;128;35;83;10;12;13;7;26;1;1;2;0;4;20;5
2016-05;7;3;201;73;33;2;47;4;2;9;11;1;3;0;26;3;1;4;1
2016-05;9;3;713;131;212;63;91;15;4;20;24;25;0;0;3;0;1;33;3
2016-05;10;3;693;116;228;63;79;22;16;9;11;31;0;0;0;0;1;27;3
2016-05;11;3;145;8;21;5;6;0;0;0;2;2;0;0;0;0;0;6;4
2016-05;12;3;805;70;338;79;32;3;5;1;1;29;2;2;3;0;3;33;3
2016-05;13;3;384;35;165;35;15;4;1;0;2;12;0;0;0;0;0;17;2
2016-05;14;3;677;88;277;64;46;8;4;3;3;21;1;1;0;0;1;24;0
2016-05;15;3;296;40;98;25;17;3;5;5;1;20;1;1;3;0;0;15;1
2016-05;16;3;1097;190;328;122;110;21;15;25;30;43;3;3;0;0;8;51;7
2016-05;17;3;726;192;179;26;104;22;21;31;18;20;4;4;17;0;3;24;4
2016-05;18;3;652;189;178;50;121;15;4;40;16;34;1;1;4;0;0;18;3
2016-05;19;3;654;97;211;77;61;12;3;16;13;23;1;0;9;1;0;37;6
2016-05;20;3;571;155;148;24;111;17;6;21;18;12;2;1;8;1;1;35;2
2016-05;21;3;1323;391;216;55;249;28;67;45;13;21;8;4;3;4;3;63;28
2016-05;22;3;829;274;171;36;173;24;30;50;32;14;6;4;4;1;2;52;7
2016-05;23;3;708;161;238;70;102;19;3;27;13;15;1;1;0;0;0;22;2
2016-05;24;3;552;210;99;29;130;10;5;48;10;11;3;1;7;2;1;37;5
2016-05;25;3;599;173;111;12;100;15;11;31;3;10;4;3;3;1;4;26;4
2016-05;26;3;518;161;107;16;103;12;3;35;14;11;0;0;1;0;1;24;4
2016-05;27;3;1052;427;169;40;261;34;33;109;36;11;8;7;7;1;1;52;4
2016-05;28;3;767;321;105;55;190;23;7;90;9;7;4;3;7;0;2;53;2
2016-05;29;3;911;391;232;37;230;32;31;81;16;28;6;4;5;2;2;22;1
2016-05;30;3;532;191;95;20;114;14;11;51;22;8;1;0;0;0;0;43;5
2016-05;31;3;759;366;85;17;212;45;17;113;22;8;7;5;7;2;2;54;6
2016-05;32;3;1289;179;306;81;122;14;28;16;18;40;5;5;17;0;5;163;14
2016-05;33;3;834;237;126;46;148;24;11;53;26;10;4;4;7;0;5;59;0
2016-05;34;3;1420;469;227;68;310;64;10;73;21;22;15;11;4;4;5;83;7
2016-05;35;3;1679;311;356;110;161;32;9;80;36;40;7;7;2;0;15;195;21
2016-05;36;3;873;141;148;37;90;10;6;18;19;15;12;12;9;0;17;91;15
2016-05;37;3;776;127;214;54;95;8;11;12;27;12;0;0;2;0;3;53;4
2016-05;38;3;864;352;111;84;192;22;28;78;21;5;2;2;7;0;1;45;6
2016-05;39;3;949;438;116;19;211;34;22;144;22;11;9;2;5;7;3;44;16
2016-05;40;3;809;394;98;34;180;18;25;136;19;9;6;5;4;1;4;34;4
2016-05;41;3;497;93;121;61;50;1;4;17;3;19;0;0;0;0;2;40;6
2016-05;42;3;652;104;210;62;63;5;11;18;16;15;3;3;4;0;4;65;4
2016-05;43;3;436;78;60;5;54;13;2;18;11;3;3;2;2;1;5;60;6
2016-05;44;3;644;257;141;14;120;21;6;52;14;10;4;3;0;0;1;7;5
2016-05;45;3;95;13;12;3;8;1;0;0;2;1;3;2;2;1;0;7;3
2016-06;1;3;340;71;150;47;54;13;5;2;3;27;0;0;1;0;0;7;0
2016-06;4;3;979;245;417;43;197;50;37;12;5;81;2;2;10;0;1;19;4
2016-06;5;3;997;212;316;88;158;21;13;8;8;43;2;2;0;0;0;36;1
2016-06;6;3;607;126;126;35;86;12;14;14;8;12;2;2;3;0;0;32;2
2016-06;7;3;202;58;44;4;35;3;1;5;19;4;0;0;12;0;0;16;2
2016-06;9;3;743;98;217;60;76;6;14;11;22;20;1;1;5;0;1;47;0
2016-06;10;3;692;92;253;88;62;18;9;7;11;38;1;1;1;0;1;26;3
2016-06;11;3;151;3;29;4;2;0;0;0;7;1;0;0;0;0;1;2;2
2016-06;12;3;736;66;324;64;29;5;4;2;2;26;1;0;0;0;0;30;3
2016-06;13;3;374;41;164;23;25;4;1;2;2;12;0;0;5;0;1;20;0
2016-06;14;3;599;58;257;60;33;3;1;4;2;25;0;0;1;0;2;17;3
2016-06;15;3;314;37;93;30;18;1;3;1;1;16;1;1;1;0;2;11;1
2016-06;16;3;1141;167;336;134;95;17;18;19;33;49;1;1;0;0;5;74;5
2016-06;17;3;684;170;187;19;110;24;14;27;17;27;2;2;9;0;11;28;6
2016-06;18;3;630;222;165;45;145;35;4;41;10;32;0;0;0;0;0;19;0
2016-06;19;3;740;141;238;55;95;18;5;17;7;31;4;3;1;0;1;31;2
2016-06;20;3;612;146;172;45;102;14;3;17;16;12;1;0;3;0;3;37;2
2016-06;21;3;1386;360;241;66;212;35;58;59;6;19;15;10;11;5;0;56;10
2016-06;22;3;846;314;153;38;177;27;29;72;23;18;8;7;12;1;3;42;8
2016-06;23;3;714;163;190;68;109;28;10;25;11;16;2;0;0;1;0;27;5
2016-06;24;3;494;171;76;27;117;11;2;35;4;10;2;1;0;1;0;24;2
2016-06;25;3;598;175;107;16;108;11;17;22;2;8;4;2;1;1;1;25;3
2016-06;26;3;470;126;96;15;79;17;0;30;13;7;1;1;0;0;2;45;4
2016-06;27;3;1049;445;165;43;241;32;17;134;44;7;2;1;0;0;0;47;9
2016-06;28;3;735;306;98;29;183;29;5;76;11;11;10;9;1;0;0;72;4
2016-06;29;3;1026;407;306;39;267;34;35;74;9;30;5;2;2;3;1;25;1
2016-06;30;3;550;227;112;22;141;27;7;61;16;14;2;1;0;0;2;40;2
2016-06;31;3;760;361;82;13;211;25;15;93;21;12;12;7;1;3;1;50;4
2016-06;32;3;1288;193;307;83;123;15;21;15;10;37;8;6;19;2;9;177;17
2016-06;33;3;832;305;124;44;195;30;10;65;28;10;8;7;1;1;3;54;3
2016-06;34;3;1521;568;210;73;375;61;19;106;33;19;4;3;4;1;8;88;14
2016-06;35;3;1667;363;318;117;212;28;15;90;48;31;5;4;3;0;15;180;10
2016-06;36;3;832;146;145;35;104;11;5;27;23;19;17;10;13;7;1;102;8
2016-06;37;3;657;78;188;32;57;6;5;7;18;9;3;2;0;1;0;46;6
2016-06;38;3;819;338;112;29;189;30;46;79;23;10;7;5;0;0;1;63;6
2016-06;39;3;984;499;95;21;264;43;39;148;23;8;21;5;14;14;3;29;7
2016-06;40;3;785;456;79;32;227;27;20;143;12;5;1;1;1;0;1;23;5
2016-06;41;3;455;78;92;33;45;3;4;12;3;16;4;4;2;0;1;45;0
2016-06;42;3;661;87;168;60;50;10;4;15;19;16;3;3;0;0;8;79;3
2016-06;43;3;453;91;77;17;60;8;1;15;12;8;2;2;1;0;9;61;6
2016-06;44;3;525;232;102;11;140;29;19;44;11;9;10;2;2;7;1;16;5
2016-06;45;3;103;4;11;0;4;0;0;0;0;3;2;1;3;1;1;6;1
2016-07;1;3;485;76;157;74;51;8;9;1;2;35;1;1;0;0;0;7;0
2016-07;4;3;962;223;410;42;160;24;42;14;2;91;2;0;5;1;1;11;1
2016-07;5;3;1209;188;384;80;146;20;15;7;11;46;2;2;0;0;2;36;4
2016-07;6;3;609;167;129;24;106;18;12;22;7;17;4;4;1;0;1;37;5
2016-07;7;3;181;57;36;2;30;2;0;14;9;1;1;0;1;1;0;15;1
2016-07;9;3;770;125;182;68;78;9;13;10;14;17;0;0;2;0;1;49;6
2016-07;10;3;677;84;263;74;53;14;12;8;8;43;1;1;0;0;1;27;7
2016-07;11;3;157;3;28;5;2;0;1;0;1;6;0;0;1;0;0;12;2
2016-07;12;3;790;65;319;67;36;2;7;0;2;33;1;1;2;0;1;25;4
2016-07;13;3;388;31;157;39;21;5;0;0;4;13;0;0;3;0;1;16;2
2016-07;14;3;709;96;294;70;65;10;5;2;0;42;0;0;1;0;2;9;2
2016-07;15;3;295;27;87;27;17;2;0;2;4;18;0;0;0;0;1;11;4
2016-07;16;3;1035;136;341;125;80;13;16;10;27;50;0;0;9;0;6;49;7
2016-07;17;3;650;178;167;15;124;12;29;24;9;16;4;4;15;0;1;33;4
2016-07;18;3;601;192;156;40;124;40;3;34;12;34;1;0;0;0;0;21;0
2016-07;19;3;755;132;238;55;90;13;3;22;6;17;2;1;14;1;2;48;3
2016-07;20;3;983;142;538;41;84;19;3;19;7;10;1;1;2;0;1;43;4
2016-07;21;3;1408;387;215;64;268;33;67;42;17;18;5;4;7;1;4;69;22
2016-07;22;3;819;276;159;37;169;30;30;45;34;14;4;3;5;1;3;48;6
2016-07;23;3;744;210;199;54;125;33;7;33;7;38;0;0;1;0;2;33;4
2016-07;24;3;530;178;95;21;121;17;7;30;5;4;3;1;0;2;0;23;5
2016-07;25;3;633;208;107;14;119;15;11;40;9;12;2;1;8;1;4;31;2
2016-07;26;3;527;161;97;17;83;18;2;34;10;9;1;1;3;0;0;30;5
2016-07;27;3;1158;456;160;46;238;38;16;139;35;9;13;7;2;3;0;52;3
2016-07;28;3;759;276;128;34;179;30;6;53;20;20;6;2;2;4;9;48;10
2016-07;29;3;978;418;244;38;279;46;32;65;7;26;7;3;4;4;4;32;6
2016-07;30;3;503;192;102;12;128;25;6;45;14;11;1;1;2;0;4;40;4
2016-07;31;3;747;355;76;22;199;40;14;89;20;11;4;3;1;0;2;53;4
2016-07;32;3;1234;204;311;70;137;19;20;30;19;21;2;2;24;0;6;128;10
2016-07;33;3;841;264;119;48;177;29;7;44;28;14;9;7;3;1;3;60;5
2016-07;34;3;1530;570;223;93;373;47;21;101;20;24;13;12;5;1;9;86;8
2016-07;35;3;1712;367;337;124;224;26;21;79;35;45;6;6;4;0;8;192;19
2016-07;36;3;981;135;152;47;87;11;12;29;20;15;10;9;5;0;7;112;28
2016-07;37;3;689;113;193;34;88;13;15;4;21;21;2;2;1;0;4;42;5
2016-07;38;3;731;285;96;33;163;27;43;55;17;11;5;3;3;2;4;55;6
2016-07;39;3;873;389;106;18;231;39;36;92;24;5;21;7;4;14;5;24;7
2016-07;40;3;752;401;94;23;230;27;15;107;30;3;7;3;1;3;1;30;9
2016-07;41;3;533;90;107;50;49;13;1;13;9;16;0;0;1;0;0;55;2
2016-07;42;3;664;72;202;38;39;3;6;19;19;12;1;1;0;0;3;53;4
2016-07;43;3;471;100;65;16;71;9;5;19;10;7;2;2;1;0;4;60;3
2016-07;44;3;485;187;83;26;91;18;7;39;9;14;3;2;4;1;1;17;6
2016-07;45;3;104;17;9;0;9;2;0;3;1;2;3;0;7;3;0;2;2
2016-08;1;3;687;64;292;70;48;14;2;3;0;47;1;0;1;0;0;8;0
2016-08;4;3;1235;225;509;57;164;19;48;8;3;101;3;2;21;1;0;20;4
2016-08;5;3;1747;240;764;132;179;40;14;5;19;119;1;0;1;1;3;28;5
2016-08;6;3;553;155;118;25;83;9;17;25;6;21;2;2;1;0;5;25;1
2016-08;7;3;181;65;37;4;25;2;0;20;1;2;1;1;5;0;0;9;0
2016-08;9;3;832;105;241;72;75;16;10;4;5;22;0;0;4;0;4;33;4
2016-08;10;3;789;91;354;71;59;15;6;2;5;60;0;0;0;0;0;22;1
2016-08;11;3;158;5;28;4;4;2;0;0;0;6;0;0;0;0;0;7;1
2016-08;12;3;1458;96;766;104;46;15;9;0;2;81;0;0;9;0;1;40;7
2016-08;13;3;568;48;244;48;29;5;4;0;2;24;1;0;13;1;5;14;2
2016-08;14;3;1057;97;496;96;60;12;3;0;6;45;0;0;0;0;2;19;3
2016-08;15;3;354;37;126;27;22;4;3;2;1;21;0;0;0;0;0;9;0
2016-08;16;3;1267;128;480;127;61;13;8;12;27;50;6;5;6;1;7;48;8
2016-08;17;3;689;200;188;14;126;17;35;15;5;14;1;1;16;0;0;19;4
2016-08;18;3;685;170;222;51;111;30;2;24;9;42;1;0;0;1;0;25;1
2016-08;19;3;668;106;223;68;66;9;6;14;4;24;2;2;1;0;2;28;3
2016-08;20;3;1269;147;799;46;110;16;4;10;3;11;2;2;4;0;0;39;3
2016-08;21;3;1381;382;308;69;269;47;72;22;20;19;10;6;5;4;3;63;12
2016-08;22;3;916;334;156;63;184;35;32;74;14;17;3;1;4;2;0;53;5
2016-08;23;3;663;159;166;62;110;31;6;24;5;17;2;2;0;0;1;27;1
2016-08;24;3;534;133;125;26;90;9;3;26;6;9;1;1;0;0;3;38;6
2016-08;25;3;676;189;148;21;113;14;14;21;2;9;2;0;4;2;2;25;3
2016-08;26;3;465;95;93;23;53;13;1;25;3;9;1;1;6;0;3;30;6
2016-08;27;3;974;400;175;43;238;35;28;100;33;13;9;8;2;1;2;48;1
2016-08;28;3;698;256;117;51;185;29;14;35;9;18;4;3;1;0;3;54;2
2016-08;29;3;958;341;287;54;215;33;25;62;12;32;6;5;3;1;2;39;2
2016-08;30;3;486;163;87;28;118;32;8;30;11;14;1;1;1;0;3;53;3
2016-08;31;3;800;401;79;18;234;29;17;90;16;14;6;4;6;2;6;54;9
2016-08;32;3;1268;207;297;71;138;16;27;26;14;18;4;4;22;0;7;160;10
2016-08;33;3;1039;301;192;53;200;31;12;48;22;24;2;2;1;0;4;77;8
2016-08;34;3;1503;535;252;74;348;60;27;89;29;19;13;9;9;4;6;95;13
2016-08;35;3;1827;414;378;131;266;61;9;77;57;51;5;5;7;0;17;190;17
2016-08;36;3;930;146;156;46;96;15;15;21;15;19;12;8;5;4;11;118;21
2016-08;37;3;695;104;200;44;75;14;6;7;14;14;3;1;0;1;5;36;5
2016-08;38;3;797;314;147;42;178;36;20;70;20;7;1;1;6;0;2;35;5
2016-08;39;3;890;427;111;21;240;37;38;103;22;15;16;10;4;6;5;42;5
2016-08;40;3;696;352;94;31;204;35;9;84;21;2;5;0;4;4;9;32;3
2016-08;41;3;492;99;103;56;67;4;5;9;6;10;3;3;0;0;0;42;6
2016-08;42;3;954;84;345;62;41;7;2;26;11;41;1;1;5;0;5;74;2
2016-08;43;3;459;100;65;18;72;10;4;18;9;5;2;2;1;0;6;71;4
2016-08;44;3;526;192;117;9;93;15;10;33;10;8;5;2;4;3;6;29;4
2016-08;45;3;102;10;7;2;6;1;2;1;1;1;5;5;3;0;0;4;1
2016-09;1;3;522;53;193;51;36;4;7;2;1;32;0;0;0;0;1;16;0
2016-09;4;3;1043;271;387;25;207;38;79;10;4;75;4;4;13;0;2;25;1
2016-09;5;3;1222;202;406;95;160;25;35;4;6;68;2;2;4;0;4;44;2
2016-09;6;3;604;136;143;36;96;10;33;19;6;23;3;1;3;2;4;27;6
2016-09;7;3;189;57;19;3;31;4;1;9;3;0;1;0;17;1;0;12;2
2016-09;9;3;716;93;216;53;59;8;5;8;7;25;0;0;2;0;2;37;2
2016-09;10;3;695;102;286;70;73;21;7;8;16;50;0;0;0;0;0;20;1
2016-09;11;3;169;7;28;3;5;3;1;0;2;2;1;1;0;0;4;9;2
2016-09;12;3;854;57;383;86;26;4;2;2;3;44;0;0;1;0;4;31;5
2016-09;13;3;402;44;178;44;25;2;5;0;0;28;0;0;9;0;1;11;2
2016-09;14;3;675;55;326;49;36;6;2;2;2;32;0;0;0;0;1;21;0
2016-09;15;3;293;33;106;32;22;4;2;3;2;20;0;0;0;0;0;9;1
2016-09;16;3;1223;139;447;158;69;12;8;10;31;91;3;2;6;1;3;61;6
2016-09;17;3;683;209;200;27;137;18;49;21;3;27;3;1;22;2;1;17;2
2016-09;18;3;544;157;154;35;112;28;12;20;6;33;0;0;0;0;0;19;3
2016-09;19;3;613;119;164;57;70;10;2;23;9;22;0;0;3;0;1;32;7
2016-09;20;3;611;187;152;32;116;23;6;23;24;19;3;3;8;0;3;32;5
2016-09;21;3;1342;395;272;65;229;32;94;48;21;29;9;7;10;2;8;63;11
2016-09;22;3;793;274;142;40;157;28;15;53;18;17;6;4;1;2;1;50;3
2016-09;23;3;695;210;176;57;127;44;6;42;10;26;1;1;3;0;0;32;4
2016-09;24;3;545;175;111;25;107;17;7;32;7;5;8;3;3;5;2;32;5
2016-09;25;3;1168;320;500;23;188;22;25;39;6;14;2;2;3;0;5;32;4
2016-09;26;3;516;167;86;20;94;9;8;33;11;13;2;1;1;1;2;36;1
2016-09;27;3;960;422;172;33;239;48;19;108;29;12;1;1;0;0;0;59;6
2016-09;28;3;702;226;144;44;153;23;6;45;12;19;5;4;1;1;2;45;6
2016-09;29;3;933;389;255;39;251;42;21;55;12;33;2;0;1;2;1;37;4
2016-09;30;3;514;200;91;16;133;36;5;45;17;7;1;1;0;0;0;47;7
2016-09;31;3;834;452;62;21;216;27;26;131;17;4;8;4;1;4;5;38;7
2016-09;32;3;1214;193;236;78;131;20;28;23;10;23;6;4;21;2;14;153;12
2016-09;33;3;957;305;174;47;199;30;14;52;28;22;8;7;1;0;6;86;7
2016-09;34;3;1555;605;211;71;404;57;22;88;26;29;12;8;6;4;11;106;12
2016-09;35;3;2027;416;597;116;242;40;17;98;56;22;9;9;4;0;15;200;15
2016-09;36;3;947;147;161;53;113;27;11;15;25;17;4;4;5;0;16;139;17
2016-09;37;3;673;109;176;32;77;11;11;23;24;11;4;3;2;0;3;54;3
2016-09;38;3;720;260;108;27;140;37;16;54;15;6;9;6;7;3;5;46;7
2016-09;39;3;989;467;94;28;222;36;30;138;12;13;24;15;4;9;1;28;7
2016-09;40;3;782;391;97;21;227;32;16;105;16;8;4;0;0;4;1;38;4
2016-09;41;3;518;87;95;56;56;11;4;11;2;16;3;3;0;0;6;61;3
2016-09;42;3;807;117;255;60;65;9;8;30;7;27;1;1;1;0;2;61;8
2016-09;43;3;442;92;63;10;46;9;1;30;13;7;0;0;1;0;5;79;6
2016-09;44;3;577;226;115;15;103;15;10;48;11;13;4;1;1;2;1;28;6
2016-09;45;3;61;5;6;0;1;0;0;1;1;2;3;0;1;3;0;2;3
2016-10;1;3;487;44;192;52;32;7;5;2;2;36;0;0;0;0;1;7;1
2016-10;4;3;848;236;258;22;177;24;50;35;3;50;5;2;24;2;1;22;2
2016-10;5;3;1179;204;400;89;156;24;20;4;7;64;2;1;5;1;4;47;6
2016-10;6;3;711;219;166;51;140;17;52;31;4;41;15;9;2;6;0;23;3
2016-10;7;3;196;59;24;3;24;3;2;7;4;1;4;1;4;3;1;13;0
2016-10;9;3;778;96;202;65;71;13;7;2;9;20;0;0;5;0;3;32;2
2016-10;10;3;723;140;283;76;95;23;11;8;7;55;0;0;0;0;1;28;1
2016-10;11;3;222;5;28;7;2;0;1;0;3;2;0;0;1;0;1;13;1
2016-10;12;3;887;85;424;86;43;7;4;1;0;46;1;0;6;1;1;28;1
2016-10;13;3;442;58;198;34;36;8;2;2;2;26;3;0;14;3;1;13;1
2016-10;14;3;759;104;318;57;79;16;5;3;0;29;0;0;0;0;0;20;1
2016-10;15;3;301;36;115;19;23;0;7;0;1;22;1;1;4;0;1;17;0
2016-10;16;3;1037;137;341;122;100;11;22;10;30;36;2;1;6;0;2;68;6
2016-10;17;3;688;260;144;20;172;20;79;29;10;20;4;2;12;0;2;31;3
2016-10;18;3;696;210;199;61;140;37;8;40;12;43;1;0;0;0;1;31;1
2016-10;19;3;674;139;191;49;81;23;4;24;11;23;2;1;0;1;1;32;5
2016-10;20;3;707;228;210;37;153;28;4;29;23;16;2;1;5;0;1;29;7
2016-10;21;3;1419;440;238;63;314;46;141;40;15;17;10;8;6;1;2;75;18
2016-10;22;3;850;323;174;42;187;39;25;66;26;8;9;8;5;1;2;46;4
2016-10;23;3;700;199;170;57;127;30;6;33;6;20;2;1;1;0;2;28;3
2016-10;24;3;525;195;87;24;140;10;2;31;6;7;1;1;1;0;1;39;4
2016-10;25;3;859;230;325;19;124;22;19;39;4;14;2;1;6;1;3;28;7
2016-10;26;3;446;136;88;10;88;13;5;20;11;12;1;0;0;1;1;28;3
2016-10;27;3;1175;484;184;46;255;35;19;139;28;13;1;1;2;0;3;46;5
2016-10;28;3;750;254;147;38;174;33;9;45;18;18;5;5;2;0;5;72;11
2016-10;29;3;953;445;213;34;263;47;32;81;17;25;7;5;0;0;4;32;6
2016-10;30;3;493;216;88;20;139;46;11;55;7;12;2;1;2;1;2;43;4
2016-10;31;3;933;482;80;24;243;30;28;139;16;10;4;4;8;0;0;51;11
2016-10;32;3;1272;198;277;67;142;22;19;24;13;32;9;7;18;2;10;163;24
2016-10;33;3;979;365;152;48;226;49;19;71;22;17;6;6;4;0;4;82;4
2016-10;34;3;1569;621;229;83;394;66;22;119;30;13;8;3;5;3;6;72;10
2016-10;35;3;2196;448;596;146;259;61;19;103;34;27;8;7;8;0;23;252;27
2016-10;36;3;982;182;152;53;126;22;10;22;15;14;9;6;2;3;10;140;15
2016-10;37;3;619;93;154;35;64;8;15;18;17;14;2;1;4;1;5;44;14
2016-10;38;3;864;364;124;40;196;41;30;75;15;8;3;2;6;1;4;71;11
2016-10;39;3;1012;514;85;28;269;45;44;153;14;8;17;5;6;10;1;27;6
2016-10;40;3;857;486;104;28;249;36;20;148;27;4;3;3;2;0;1;45;3
2016-10;41;3;560;110;104;48;77;10;6;10;3;18;1;0;2;1;3;68;6
2016-10;42;3;673;113;181;53;53;5;5;37;19;20;2;2;0;0;3;64;4
2016-10;43;3;413;91;59;27;51;11;0;26;13;6;2;2;2;0;6;56;5
2016-10;44;3;601;247;116;12;127;19;12;56;6;15;6;3;1;1;4;35;5
2016-10;45;3;91;7;12;1;5;1;2;1;2;2;2;0;1;2;1;7;3
2016-11;1;3;505;51;153;70;37;7;1;3;2;24;0;0;1;0;0;13;1
2016-11;4;3;879;225;280;22;183;16;67;21;5;36;3;1;10;2;2;15;0
2016-11;5;3;1107;277;329;88;199;20;11;3;9;43;3;2;0;0;4;57;3
2016-11;6;3;600;198;123;27;122;12;43;32;14;21;4;4;2;0;1;23;1
2016-11;7;3;199;86;25;4;36;1;2;18;3;0;4;2;4;2;4;11;1
2016-11;9;3;688;129;173;55;100;15;10;12;9;17;1;0;2;0;3;30;4
2016-11;10;3;658;136;212;67;103;29;13;8;11;44;0;0;0;0;2;26;2
2016-11;11;3;124;8;21;2;3;0;1;0;0;1;0;0;0;0;1;8;4
2016-11;12;3;774;79;343;58;43;10;6;0;0;33;1;0;6;1;2;40;2
2016-11;13;3;413;66;195;31;46;14;4;3;5;15;1;0;1;1;0;18;2
2016-11;14;3;728;120;322;77;83;23;2;4;3;31;0;0;0;0;1;18;1
2016-11;15;3;288;35;75;25;18;3;4;2;1;11;0;0;3;0;0;11;1
2016-11;16;3;1162;258;398;91;177;34;32;24;31;63;3;1;2;1;0;57;1
2016-11;17;3;728;286;179;17;189;25;92;24;15;15;2;1;2;0;2;27;4
2016-11;18;3;687;242;189;31;152;30;13;39;13;32;1;0;2;0;1;23;1
2016-11;19;3;651;116;203;67;75;13;10;20;10;30;0;0;2;0;0;43;4
2016-11;20;3;624;215;169;29;139;39;6;16;19;15;5;4;7;1;2;41;4
2016-11;21;3;1513;485;261;64;347;45;155;37;27;15;9;7;12;2;13;64;21
2016-11;22;3;791;302;150;41;157;33;13;60;21;11;1;1;1;0;2;43;6
2016-11;23;3;654;193;178;48;101;20;6;46;6;20;1;1;0;0;1;21;1
2016-11;24;3;543;217;83;30;139;18;4;42;7;9;2;2;3;0;4;35;0
2016-11;25;3;836;209;324;17;108;26;12;29;6;11;5;4;13;1;1;30;1
2016-11;26;3;480;153;79;14;101;13;4;25;8;10;4;3;6;1;3;26;2
2016-11;27;3;1013;446;157;40;219;40;30;145;34;15;2;1;4;1;2;43;1
2016-11;28;3;694;284;105;38;198;31;8;49;7;17;5;4;1;0;5;67;5
2016-11;29;3;945;440;241;28;271;54;32;86;23;32;4;3;1;1;1;25;4
2016-11;30;3;544;230;101;18;143;35;6;57;7;16;0;0;1;0;3;41;3
2016-11;31;3;908;518;75;19;262;36;26;141;20;2;4;4;3;0;4;56;12
2016-11;32;3;1256;224;268;53;154;32;27;16;15;26;18;17;38;0;11;151;14
2016-11;33;3;970;367;146;43;219;42;23;79;23;14;8;7;4;0;2;78;2
2016-11;34;3;1585;658;212;55;386;77;29;133;25;30;15;11;13;3;7;98;19
2016-11;35;3;2041;458;545;108;254;52;11;109;36;37;10;10;7;0;14;216;17
2016-11;36;3;960;156;139;56;99;18;9;27;19;14;7;7;2;0;22;132;24
2016-11;37;3;630;116;127;41;76;8;12;24;16;12;4;0;1;2;5;53;1
2016-11;38;3;802;349;94;32;164;26;14;96;14;5;1;1;0;0;4;43;10
2016-11;39;3;1092;508;91;16;242;17;48;149;19;8;19;10;14;9;1;43;16
2016-11;40;3;885;508;96;18;259;45;25;154;20;5;3;2;3;1;0;42;7
2016-11;41;3;499;110;115;28;68;13;2;17;2;17;2;1;2;1;0;47;4
2016-11;42;3;797;140;235;49;80;13;12;33;23;34;1;1;4;0;6;73;1
2016-11;43;3;460;85;81;18;52;15;3;19;15;7;3;3;2;0;8;81;7
2016-11;44;3;518;222;88;19;123;19;3;46;7;10;10;7;7;3;5;18;2
2016-11;45;3;56;3;8;1;1;0;0;0;3;1;0;0;0;0;0;4;0
2016-12;1;3;621;71;179;69;58;10;2;3;0;28;0;0;0;0;0;9;2
2016-12;4;3;799;197;249;20;134;16;38;25;2;44;2;1;10;0;0;14;1
2016-12;5;3;1173;288;381;76;216;31;7;2;13;58;2;2;2;0;2;46;0
2016-12;6;3;577;190;105;24;103;9;31;30;6;19;3;2;4;1;1;26;1
2016-12;7;3;196;63;31;4;33;2;0;8;9;1;6;2;3;4;0;14;0
2016-12;9;3;725;119;168;57;85;11;10;12;17;17;1;1;4;0;1;25;3
2016-12;10;3;733;122;243;69;91;17;18;5;7;58;0;0;2;0;2;32;1
2016-12;11;3;117;4;16;2;2;1;0;0;0;1;1;0;0;1;2;9;3
2016-12;12;3;1029;90;483;81;49;8;5;1;3;39;4;2;4;2;1;33;2
2016-12;13;3;467;57;233;28;36;5;6;0;3;22;0;0;4;0;2;11;0
2016-12;14;3;867;105;484;65;74;19;1;2;5;37;2;2;0;0;0;14;1
2016-12;15;3;280;43;91;22;28;5;7;3;11;12;0;0;4;0;0;14;1
2016-12;16;3;1081;173;347;110;115;15;19;28;44;41;1;1;1;0;5;61;5
2016-12;17;3;659;223;171;19;144;14;54;27;15;17;1;1;2;0;1;26;3
2016-12;18;3;659;244;184;40;154;35;13;34;11;30;0;0;0;0;2;31;3
2016-12;19;3;751;167;213;59;102;24;4;23;14;29;0;0;1;0;2;50;2
2016-12;20;3;641;213;161;30;116;22;4;46;11;14;3;2;4;0;1;40;1
2016-12;21;3;1369;388;243;59;285;34;128;38;12;9;9;4;9;4;7;63;11
2016-12;22;3;756;309;113;34;144;26;16;88;7;4;9;6;3;2;4;37;2
2016-12;23;3;564;157;153;28;80;31;1;38;11;13;1;0;0;1;1;31;2
2016-12;24;3;468;151;76;23;83;17;5;34;7;6;2;2;1;0;2;43;4
2016-12;25;3;844;222;314;14;86;12;6;36;4;8;3;2;7;1;1;30;2
2016-12;26;3;494;134;79;25;71;10;2;30;4;6;3;1;4;2;0;34;3
2016-12;27;3;1022;426;167;52;236;35;25;117;32;9;9;6;0;1;1;55;5
2016-12;28;3;689;237;132;31;145;33;6;51;8;13;4;3;4;0;1;78;5
2016-12;29;3;968;388;275;32;256;39;27;59;17;33;4;3;17;0;7;32;3
2016-12;30;3;520;201;70;17;116;18;3;63;10;18;5;4;2;1;1;42;6
2016-12;31;3;937;528;69;15;221;74;22;148;16;8;8;8;2;0;1;61;14
2016-12;32;3;1209;187;234;72;131;15;21;20;8;18;13;8;26;3;8;148;14
2016-12;33;3;943;307;123;39;160;33;10;75;21;16;10;9;4;0;5;103;3
2016-12;34;3;1654;707;205;63;333;63;31;188;23;22;25;10;36;15;1;80;14
2016-12;35;3;2070;443;569;132;204;49;8;140;30;31;10;9;6;0;10;186;25
2016-12;36;3;890;177;130;48;120;14;5;28;19;5;18;16;11;1;10;113;19
2016-12;37;3;624;111;141;28;72;14;15;17;12;12;6;1;2;3;7;38;2
2016-12;38;3;821;329;120;30;145;23;13;84;8;5;9;8;3;0;2;50;6
2016-12;39;3;1034;513;107;11;231;65;44;150;17;11;20;13;2;7;3;25;8
2016-12;40;3;932;560;77;33;261;29;25;181;17;5;6;3;0;0;2;56;4
2016-12;41;3;469;116;81;40;67;12;1;17;2;7;0;0;4;0;1;57;1
2016-12;42;3;854;117;235;62;64;8;7;27;20;19;5;5;0;0;2;72;2
2016-12;43;3;418;73;65;14;48;12;1;12;11;9;3;3;1;0;7;69;7
2016-12;44;3;548;239;104;7;100;20;8;44;9;10;6;5;0;1;2;22;8
2016-12;45;3;83;10;10;3;3;1;0;2;0;0;2;1;3;1;0;5;3
2017-01;1;3;375;54;115;41;43;7;0;2;2;11;0;0;8;0;0;12;0
2017-01;4;3;630;173;197;7;127;11;36;26;3;19;2;1;21;0;3;20;2
2017-01;5;3;836;193;296;40;146;18;2;0;8;45;0;0;1;0;3;26;1
2017-01;6;3;482;146;90;17;90;9;24;28;8;12;3;1;0;1;0;18;2
2017-01;7;3;230;83;43;6;49;7;1;10;11;1;3;3;0;0;2;10;0
2017-01;9;3;506;105;138;30;75;12;2;11;16;18;0;0;2;0;1;25;3
2017-01;10;3;479;92;175;41;56;16;5;10;13;23;1;1;3;0;1;20;1
2017-01;11;3;106;1;18;4;1;1;0;0;2;2;0;0;0;0;1;11;1
2017-01;12;3;1034;128;595;32;65;25;2;1;3;90;2;2;2;0;6;24;5
2017-01;13;3;369;49;165;11;33;7;4;1;2;21;2;1;8;0;0;8;2
2017-01;14;3;695;97;375;23;68;11;3;5;1;23;0;0;0;0;1;19;0
2017-01;15;3;167;25;54;13;15;2;1;2;1;7;1;1;0;0;1;7;2
2017-01;16;3;877;132;340;66;87;12;17;22;54;34;0;0;2;0;3;43;1
2017-01;17;3;507;174;115;8;98;9;39;26;16;16;8;5;10;1;1;32;4
2017-01;18;3;429;176;90;14;108;19;11;42;5;10;0;0;1;0;0;22;0
2017-01;19;3;569;184;156;38;119;17;5;26;12;11;2;1;0;0;1;23;3
2017-01;20;3;473;158;112;26;66;24;1;42;10;12;1;1;7;0;1;28;2
2017-01;21;3;1205;287;224;44;164;15;64;54;16;11;15;9;14;5;5;59;5
2017-01;22;3;523;186;76;29;103;10;12;50;19;8;7;7;3;0;4;16;3
2017-01;23;3;449;159;104;32;67;15;0;57;3;11;0;0;0;0;0;7;1
2017-01;24;3;284;113;43;12;54;6;2;30;9;3;2;2;6;0;2;14;0
2017-01;25;3;902;227;328;17;81;15;13;59;6;6;4;4;13;0;6;21;3
2017-01;26;3;418;148;75;15;71;8;2;43;9;7;1;1;1;0;1;18;3
2017-01;27;3;837;301;105;19;150;25;9;110;26;5;7;3;2;4;2;24;2
2017-01;28;3;684;246;116;28;158;26;7;56;13;17;2;1;5;1;5;56;2
2017-01;29;3;740;340;156;22;178;23;19;95;23;23;3;2;8;1;4;31;4
2017-01;30;3;435;163;59;11;77;12;2;57;11;3;3;2;2;1;2;38;5
2017-01;31;3;722;409;62;13;190;40;13;139;20;4;9;7;0;2;2;41;3
2017-01;32;3;796;131;182;23;79;6;17;24;17;12;7;3;14;3;16;79;11
2017-01;33;3;779;258;111;26;133;25;6;82;15;8;10;9;1;1;5;68;10
2017-01;34;3;1297;441;138;38;203;32;9;158;24;12;16;10;23;3;8;59;16
2017-01;35;3;1349;318;318;94;124;22;16;128;46;26;13;9;20;3;19;146;11
2017-01;36;3;643;110;95;43;68;2;5;26;18;8;9;5;5;4;11;84;11
2017-01;37;3;495;94;103;15;58;12;9;21;11;7;2;1;2;1;2;33;4
2017-01;38;3;600;239;74;17;98;16;13;89;13;5;8;6;3;2;4;43;4
2017-01;39;3;776;347;59;10;112;25;15;161;14;5;30;13;8;16;6;14;7
2017-01;40;3;740;402;67;15;159;24;18;175;30;4;5;4;9;1;4;30;4
2017-01;41;3;325;63;62;25;37;4;1;17;4;6;1;1;2;0;4;38;2
2017-01;42;3;587;80;154;25;37;5;6;25;23;9;0;0;1;0;7;56;1
2017-01;43;3;307;43;41;12;29;2;1;10;5;4;2;2;0;0;10;75;4
2017-01;44;3;384;157;72;9;59;5;1;57;11;6;5;3;4;2;0;28;2
2017-01;45;3;64;8;9;1;5;2;1;0;0;1;1;1;6;0;0;5;3
2017-02;1;3;335;56;139;20;41;6;0;3;2;31;0;0;4;0;0;4;0
2017-02;4;3;361;88;92;7;54;2;27;17;3;17;3;3;6;0;0;7;0
2017-02;5;3;677;179;239;29;131;19;12;3;7;55;0;0;2;0;1;11;5
2017-02;6;3;345;130;68;5;65;10;23;38;8;10;3;1;4;0;1;8;0
2017-02;7;3;185;88;39;2;41;1;2;10;3;6;0;0;23;0;1;9;0
2017-02;9;3;376;111;123;6;70;13;8;22;9;32;0;0;2;0;2;13;1
2017-02;10;3;510;116;181;50;70;18;12;13;10;44;1;1;7;0;0;10;0
2017-02;11;3;22;2;3;0;2;1;1;0;1;0;1;1;0;0;1;1;2
2017-02;12;3;328;61;128;14;33;11;4;1;1;19;1;1;0;0;2;7;2
2017-02;13;3;187;35;82;9;20;3;3;3;1;15;0;0;8;0;0;2;3
2017-02;14;3;389;85;209;7;65;9;3;5;5;52;0;0;1;0;2;3;1
2017-02;15;3;123;35;43;5;26;4;8;6;5;12;0;0;0;0;0;4;2
2017-02;16;3;573;124;211;39;67;9;19;32;52;18;4;4;3;0;3;6;5
2017-02;17;3;388;192;74;4;97;5;46;50;11;13;5;2;6;3;0;9;0
2017-02;18;3;326;188;68;8;65;14;14;70;12;9;5;1;2;0;1;2;0
2017-02;19;3;442;154;124;31;90;14;1;38;11;21;0;0;0;0;1;16;0
2017-02;20;3;339;171;66;16;69;30;2;39;11;5;4;1;7;0;1;8;0
2017-02;21;3;788;268;96;29;104;14;30;88;6;3;17;12;7;5;2;22;10
2017-02;22;3;346;144;61;7;36;4;10;77;14;1;6;5;2;1;4;5;3
2017-02;23;3;248;107;54;7;27;3;1;51;3;4;5;5;4;0;0;4;2
2017-02;24;3;169;68;31;4;17;6;4;28;3;2;2;1;8;1;1;5;2
2017-02;25;3;738;221;303;10;70;7;11;75;5;2;6;5;16;1;0;10;1
2017-02;26;3;281;111;47;2;48;9;6;30;1;4;1;1;1;0;0;10;2
2017-02;27;3;418;172;68;3;26;6;3;120;38;0;5;3;0;2;0;5;0
2017-02;28;3;453;222;67;24;115;21;2;54;8;10;0;0;5;0;2;19;4
2017-02;29;3;511;257;100;11;88;17;11;107;17;9;3;2;2;1;3;11;1
2017-02;30;3;220;86;23;2;19;5;2;58;8;1;5;4;3;1;4;6;2
2017-02;31;3;412;228;38;2;75;12;7;109;22;0;8;3;1;5;1;10;4
2017-02;32;3;311;67;57;9;34;2;12;14;10;3;6;6;12;0;2;20;10
2017-02;33;3;468;136;63;10;54;10;4;59;21;7;2;2;2;0;4;40;6
2017-02;34;3;834;266;97;15;71;20;4;147;40;6;12;8;2;3;3;35;8
2017-02;35;3;906;205;401;12;39;5;2;126;43;10;12;10;5;0;8;36;6
2017-02;36;3;340;70;44;20;14;2;2;46;23;3;10;7;6;1;10;15;13
2017-02;37;3;344;91;69;11;51;12;7;26;18;3;6;5;1;1;5;11;3
2017-02;38;3;334;156;36;2;32;7;3;93;13;1;11;4;3;6;5;13;2
2017-02;39;3;457;201;36;6;41;14;7;123;15;1;13;6;3;7;4;4;3
2017-02;40;3;513;286;70;4;86;15;11;133;38;4;9;3;4;4;3;5;3
2017-02;41;3;122;45;16;1;14;1;4;16;3;2;5;2;0;1;1;10;0
2017-02;42;3;402;76;120;23;27;1;5;29;20;2;1;1;0;0;3;28;6
2017-02;43;3;131;24;24;0;10;1;1;9;10;1;1;1;0;0;10;18;2
2017-02;44;3;257;98;58;4;18;2;4;52;3;3;4;2;1;1;1;3;3
2017-02;45;3;26;3;3;0;0;0;0;2;1;1;0;0;4;0;0;1;1
2017-03;1;3;718;142;329;51;111;16;6;2;4;58;2;2;0;0;0;14;0
2017-03;4;3;662;189;207;11;136;24;45;9;11;34;5;2;6;3;6;7;1
2017-03;5;3;1396;428;550;62;331;83;14;5;7;105;3;1;0;2;1;22;6
2017-03;6;3;666;236;174;24;134;22;27;51;6;21;2;1;1;1;1;28;2
2017-03;7;3;305;126;87;4;78;11;1;12;6;10;3;1;0;2;5;11;2
2017-03;9;3;1092;274;437;59;163;33;7;22;15;74;0;0;2;0;1;30;2
2017-03;10;3;767;198;276;68;127;32;7;13;8;54;2;0;12;2;3;22;1
2017-03;11;3;98;9;20;2;7;1;4;0;2;2;0;0;0;0;1;13;0
2017-03;12;3;888;167;414;36;96;32;13;2;2;51;1;1;4;0;0;37;2
2017-03;13;3;497;77;239;31;42;18;3;3;3;38;1;1;3;0;0;22;0
2017-03;14;3;1324;326;656;73;225;74;4;3;3;123;2;1;3;0;4;20;1
2017-03;15;3;282;66;120;15;38;8;11;6;3;28;1;0;11;1;0;4;1
2017-03;16;3;1472;342;561;127;223;63;57;28;39;62;1;1;1;0;3;27;4
2017-03;17;3;656;316;133;9;172;19;79;30;10;21;6;4;7;1;0;20;2
2017-03;18;3;621;302;144;14;172;35;34;47;8;23;2;1;2;0;1;14;4
2017-03;19;3;692;200;188;57;108;24;3;28;9;25;2;1;0;1;6;34;1
2017-03;20;3;688;331;147;23;163;44;15;61;8;19;5;3;2;1;0;16;2
2017-03;21;3;1648;578;259;57;292;51;110;75;12;15;18;12;4;6;6;60;11
2017-03;22;3;560;233;117;12;123;32;18;56;24;7;6;0;0;5;4;19;0
2017-03;23;3;631;306;141;30;166;44;6;53;12;14;0;0;1;0;1;20;4
2017-03;24;3;422;180;81;20;98;11;2;32;5;9;0;0;2;0;1;21;8
2017-03;25;3;1565;500;659;25;203;46;36;80;6;13;4;2;16;1;1;29;4
2017-03;26;3;696;299;139;28;148;44;10;66;8;17;4;3;6;0;2;28;2
2017-03;27;3;781;384;148;21;177;30;40;130;29;13;9;4;3;4;0;16;3
2017-03;28;3;746;362;119;26;189;29;12;72;16;11;2;1;1;1;6;28;8
2017-03;29;3;1271;665;276;34;365;58;36;117;24;36;0;0;4;0;4;29;6
2017-03;30;3;572;215;121;15;120;26;7;50;15;5;1;1;1;0;1;50;2
2017-03;31;3;676;348;83;8;150;33;12;113;15;6;8;4;2;3;1;15;6
2017-03;32;3;2095;542;550;110;289;60;67;39;15;55;13;10;20;3;8;131;16
2017-03;33;3;922;345;158;22;204;51;12;90;24;16;5;5;3;0;6;52;8
2017-03;34;3;1271;493;134;30;204;48;15;170;28;16;17;11;9;6;15;56;11
2017-03;35;3;1506;394;540;32;146;46;10;175;47;12;7;3;4;3;18;87;9
2017-03;36;3;753;161;176;17;68;14;7;51;24;14;18;18;2;0;13;46;6
2017-03;37;3;462;87;137;11;46;8;9;19;22;10;4;4;11;0;5;32;3
2017-03;38;3;594;286;98;9;95;30;22;98;20;5;4;2;6;2;4;13;9
2017-03;39;3;984;492;111;14;194;48;43;169;18;5;18;13;5;5;5;15;2
2017-03;40;3;1073;682;110;22;333;29;48;203;26;7;9;6;2;3;1;25;3
2017-03;41;3;496;190;86;27;96;12;10;26;2;4;5;5;7;0;3;25;2
2017-03;42;3;723;182;224;53;76;19;10;57;31;15;1;1;0;0;4;39;1
2017-03;43;3;239;47;46;5;16;5;2;24;17;2;1;1;0;0;7;36;2
2017-03;44;3;635;273;176;23;144;28;7;57;9;15;6;1;0;5;0;10;5
2017-03;45;3;32;3;1;0;1;0;0;2;0;0;1;0;3;1;0;3;0
2017-04;1;3;479;100;179;47;76;20;7;3;1;17;0;0;1;0;0;10;0
2017-04;4;3;714;153;222;28;107;10;38;15;4;30;0;0;11;0;0;14;1
2017-04;5;3;1207;410;383;60;301;52;18;3;16;59;3;3;10;0;6;43;1
2017-04;6;3;616;222;128;24;135;16;31;42;6;22;1;0;6;1;3;28;0
2017-04;7;3;236;104;38;4;44;1;1;15;8;6;1;0;1;0;1;18;1
2017-04;9;3;766;195;222;55;111;16;14;31;16;34;2;0;7;0;0;36;1
2017-04;10;3;684;144;272;53;82;21;10;23;14;49;0;0;4;0;2;28;0
2017-04;11;3;119;6;14;6;5;0;3;0;1;1;2;2;0;0;2;7;0
2017-04;12;3;1389;193;651;117;106;28;14;5;3;64;1;1;3;0;1;61;3
2017-04;13;3;474;79;212;34;44;11;2;1;0;21;0;0;7;0;2;16;1
2017-04;14;3;669;160;285;43;120;24;8;3;0;29;0;0;2;0;0;16;1
2017-04;15;3;307;56;126;11;36;7;5;5;2;12;0;0;16;0;2;12;1
2017-04;16;3;1102;205;373;113;126;33;24;25;32;44;0;0;2;0;5;49;5
2017-04;17;3;752;328;181;12;196;32;82;38;19;27;0;0;5;0;0;22;1
2017-04;18;3;779;334;167;28;173;36;19;57;11;25;0;0;2;0;0;16;1
2017-04;19;3;706;207;188;67;96;22;2;27;8;14;0;0;1;0;0;32;0
2017-04;20;3;666;232;172;35;126;28;8;45;15;21;8;5;3;3;1;30;0
2017-04;21;3;1632;541;236;54;312;49;98;81;21;19;14;8;9;5;5;72;16
2017-04;22;3;888;377;165;52;239;79;22;50;21;18;8;6;3;2;5;26;3
2017-04;23;3;702;297;160;33;157;26;9;58;9;16;1;1;0;0;4;26;0
2017-04;24;3;569;267;81;23;155;22;5;43;4;9;3;2;3;1;6;27;3
2017-04;25;3;1187;343;462;17;137;26;19;51;6;14;3;3;8;0;1;22;2
2017-04;26;3;679;285;99;38;138;28;5;78;4;8;0;0;4;0;1;29;4
2017-04;27;3;930;470;120;22;252;56;48;129;25;10;5;5;4;0;0;31;2
2017-04;28;3;791;401;101;34;223;53;11;78;3;10;2;2;0;0;1;60;3
2017-04;29;3;1267;672;242;35;365;67;46;112;14;31;2;1;3;0;3;32;3
2017-04;30;3;958;440;123;37;289;64;15;72;9;13;3;3;3;0;0;62;4
2017-04;31;3;748;431;67;11;241;74;16;85;7;8;6;6;3;0;1;32;7
2017-04;32;3;1236;260;313;59;173;44;38;29;16;39;6;5;23;1;18;90;12
2017-04;33;3;878;313;134;36;154;30;11;97;37;19;4;4;3;0;5;85;5
2017-04;34;3;1690;677;200;53;335;86;23;154;26;23;11;5;13;6;4;89;9
2017-04;35;3;1656;536;328;74;299;51;26;172;38;20;7;6;11;1;8;139;11
2017-04;36;3;1138;302;219;44;180;32;25;47;41;23;14;13;3;1;7;115;23
2017-04;37;3;612;117;135;27;74;15;15;23;17;9;7;5;4;0;1;37;4
2017-04;38;3;715;355;81;16;176;43;27;77;18;7;3;2;0;1;0;39;4
2017-04;39;3;1116;654;81;20;277;54;52;186;14;6;11;11;4;0;2;20;6
2017-04;40;3;935;537;81;46;246;31;44;178;18;8;5;5;11;0;0;40;1
2017-04;41;3;485;143;82;36;86;16;18;16;1;9;2;2;8;0;3;44;2
2017-04;42;3;701;151;168;55;60;12;10;63;8;8;3;3;4;0;5;52;2
2017-04;43;3;462;88;80;13;53;13;5;15;10;8;6;6;1;0;8;53;7
2017-04;44;3;633;295;130;20;158;28;12;58;10;7;1;1;1;0;4;16;7
2017-04;45;3;82;7;5;2;5;2;2;0;0;1;6;6;3;0;0;5;1
2017-05;1;3;476;77;189;62;60;13;6;2;1;20;0;0;0;0;0;9;0
2017-05;4;3;743;183;228;37;133;32;30;27;8;45;3;1;20;2;1;12;1
2017-05;5;3;1184;316;378;82;253;44;8;8;17;54;3;1;1;2;3;39;4
2017-05;6;3;573;157;134;26;96;14;15;31;21;17;1;1;2;0;3;16;1
2017-05;7;3;198;82;36;4;31;3;1;17;8;1;1;0;0;1;1;17;0
2017-05;9;3;762;186;197;50;116;12;8;16;5;15;0;0;2;0;2;47;1
2017-05;10;3;795;178;280;92;122;29;23;14;12;47;3;2;14;1;0;22;3
2017-05;11;3;156;3;24;6;3;2;1;0;4;5;0;0;0;0;2;10;0
2017-05;12;3;838;93;396;75;57;11;8;0;4;41;2;0;7;2;5;34;4
2017-05;13;3;424;59;185;28;42;8;2;1;2;15;0;0;9;0;1;12;1
2017-05;14;3;610;106;252;50;75;16;3;2;7;27;0;0;1;0;0;18;0
2017-05;15;3;343;61;123;15;38;10;12;7;6;14;2;2;4;0;1;22;0
2017-05;16;3;1326;267;452;150;194;36;39;17;38;54;1;1;0;0;2;54;6
2017-05;17;3;736;251;210;16;160;32;35;33;25;34;6;5;2;1;5;20;4
2017-05;18;3;785;277;218;35;184;38;13;33;15;34;3;3;2;0;1;36;2
2017-05;19;3;786;181;245;80;121;24;2;20;14;26;2;1;5;1;1;28;0
2017-05;20;3;710;232;203;38;126;23;4;47;11;28;0;0;1;0;2;27;4
2017-05;21;3;1722;534;280;64;293;55;74;86;24;17;11;5;9;6;5;68;8
2017-05;22;3;863;329;161;34;222;45;25;51;21;20;10;7;1;3;1;49;4
2017-05;23;3;701;252;197;41;161;27;7;57;14;19;1;1;0;0;3;26;2
2017-05;24;3;643;297;117;17;192;26;3;62;5;14;1;0;1;1;0;24;4
2017-05;25;3;1072;304;419;11;142;21;23;55;7;14;7;6;19;1;0;38;4
2017-05;26;3;777;344;146;31;195;39;5;66;12;14;2;1;5;1;2;31;2
2017-05;27;3;1025;531;138;33;283;60;41;143;32;8;2;1;1;0;3;25;6
2017-05;28;3;875;371;137;44;231;46;19;73;5;19;6;5;5;1;4;59;4
2017-05;29;3;1270;610;271;51;334;69;59;95;6;33;10;10;12;0;5;26;2
2017-05;30;3;688;290;83;29;156;41;11;83;10;15;8;7;1;0;2;63;2
2017-05;31;3;812;452;71;19;256;55;14;115;21;7;8;3;0;4;2;35;6
2017-05;32;3;1287;284;286;61;201;35;47;27;15;35;11;7;4;4;7;113;14
2017-05;33;3;912;314;129;43;184;33;5;63;17;23;4;4;2;0;6;78;7
2017-05;34;3;1882;830;225;68;459;103;27;172;30;30;14;10;15;3;7;91;12
2017-05;35;3;2037;551;527;102;347;76;23;125;50;35;9;9;3;0;10;183;18
2017-05;36;3;1040;279;177;53;190;29;13;53;25;21;10;7;5;2;10;114;20
2017-05;37;3;729;151;169;29;104;12;18;19;16;15;6;4;2;2;2;53;3
2017-05;38;3;804;334;114;28;174;29;29;74;14;5;8;5;0;3;3;32;3
2017-05;39;3;1210;600;85;22;295;51;69;165;13;8;17;12;2;4;6;22;8
2017-05;40;3;1217;751;105;35;344;35;65;252;23;5;4;3;8;1;1;42;2
2017-05;41;3;528;126;112;59;85;19;6;16;6;11;0;0;10;0;0;42;3
2017-05;42;3;712;167;164;68;83;13;8;50;10;12;5;5;4;0;4;63;4
2017-05;43;3;433;98;68;9;77;16;8;13;5;5;0;0;0;0;7;50;10
2017-05;44;3;632;287;126;22;161;33;17;37;8;13;8;5;0;3;2;23;2
2017-05;45;3;67;6;7;3;1;0;0;1;0;2;5;1;10;3;1;3;2
2017-06;1;3;535;97;151;59;70;14;6;1;0;24;0;0;0;0;0;11;1
2017-06;4;3;691;166;215;15;136;34;24;10;1;35;0;0;0;0;0;12;2
2017-06;5;3;1040;247;319;76;198;29;9;7;16;39;0;0;0;0;2;34;0
2017-06;6;3;598;176;116;26;107;22;19;27;10;29;7;2;1;5;2;29;2
2017-06;7;3;224;106;46;1;44;6;2;17;6;5;0;0;0;0;3;13;0
2017-06;9;3;667;145;192;50;105;18;7;13;14;18;0;0;3;0;0;29;1
2017-06;10;3;722;145;253;85;108;27;12;9;12;64;5;4;13;1;3;27;1
2017-06;11;3;143;5;15;8;3;0;1;0;2;3;2;1;0;1;2;8;0
2017-06;12;3;696;71;328;43;40;12;2;0;7;42;0;0;2;0;0;22;0
2017-06;13;3;405;48;184;24;36;6;2;0;2;19;2;2;17;0;0;29;0
2017-06;14;3;567;104;232;44;75;10;7;4;7;28;0;0;0;0;1;11;0
2017-06;15;3;329;54;104;26;30;10;7;7;12;17;0;0;3;0;1;25;1
2017-06;16;3;1020;184;343;107;136;23;39;22;34;46;8;8;2;0;1;50;2
2017-06;17;3;783;252;249;17;145;29;35;29;20;30;7;6;16;1;2;23;2
2017-06;18;3;713;256;181;33;158;31;9;33;7;41;1;1;4;0;0;24;3
2017-06;19;3;680;195;195;45;120;32;5;18;15;41;5;4;0;1;0;28;4
2017-06;20;3;690;274;164;40;129;15;7;55;9;13;1;1;4;0;0;36;4
2017-06;21;3;1730;514;284;58;304;65;75;91;21;30;15;12;6;2;9;70;14
2017-06;22;3;690;251;137;35;131;30;11;47;28;13;5;5;2;0;5;33;3
2017-06;23;3;626;221;162;33;133;36;10;43;12;9;2;2;0;0;0;21;1
2017-06;24;3;623;277;141;16;161;33;5;52;7;13;2;1;2;1;0;22;7
2017-06;25;3;874;344;178;14;139;32;21;71;6;19;4;1;6;2;0;25;4
2017-06;26;3;778;315;127;41;165;35;8;71;4;15;0;0;5;0;0;31;3
2017-06;27;3;1082;509;147;36;266;53;51;151;23;18;5;3;3;2;3;48;2
2017-06;28;3;843;355;114;41;237;46;15;73;18;9;1;1;4;0;4;59;10
2017-06;29;3;1056;500;234;56;282;65;31;93;16;30;7;5;4;1;1;27;7
2017-06;30;3;700;320;83;30;189;39;14;85;12;10;1;1;6;0;3;58;7
2017-06;31;3;858;473;67;13;247;46;18;138;5;12;5;5;4;0;6;48;4
2017-06;32;3;1269;261;310;59;164;45;26;42;24;41;8;4;9;0;6;124;16
2017-06;33;3;921;319;143;41;185;40;9;76;30;25;5;5;6;0;2;75;7
2017-06;34;3;1946;876;218;63;541;95;45;176;27;23;20;12;20;8;4;95;7
2017-06;35;3;1831;474;423;90;273;51;21;117;45;26;4;3;4;0;26;166;17
2017-06;36;3;953;243;161;36;188;27;22;33;27;21;15;8;13;7;6;93;15
2017-06;37;3;645;155;153;33;100;11;4;32;20;15;7;6;3;0;5;41;2
2017-06;38;3;837;381;110;18;177;37;17;96;16;7;2;2;9;0;0;49;4
2017-06;39;3;1066;525;98;18;216;28;51;166;18;8;31;15;4;14;5;21;5
2017-06;40;3;1098;655;80;21;268;30;56;242;23;4;8;6;2;2;0;38;7
2017-06;41;3;517;133;95;39;79;17;8;20;8;11;1;1;2;0;1;36;1
2017-06;42;3;638;137;153;57;62;8;11;49;12;15;2;2;2;0;4;51;3
2017-06;43;3;489;108;74;11;72;19;2;24;6;9;1;1;0;0;12;81;4
2017-06;44;3;621;269;111;13;109;21;13;48;9;10;5;4;3;1;3;26;1
2017-06;45;3;86;8;9;1;6;1;0;1;0;2;2;1;12;1;0;2;3
2017-07;1;3;559;96;165;76;79;16;2;0;1;30;0;0;0;0;1;15;0
2017-07;4;3;725;149;197;19;119;25;20;9;5;30;4;4;9;0;1;18;3
2017-07;5;3;1127;296;342;63;234;54;6;9;10;69;0;0;2;0;2;36;6
2017-07;6;3;553;207;109;20;120;20;30;40;5;27;3;1;0;0;2;23;4
2017-07;7;3;203;93;29;6;45;9;3;12;5;2;2;0;0;2;3;5;2
2017-07;9;3;677;176;213;49;115;24;14;23;7;29;1;1;0;0;0;27;4
2017-07;10;3;779;187;280;59;118;25;16;18;8;65;0;0;11;0;2;24;4
2017-07;11;3;148;3;18;4;0;0;0;0;2;3;0;0;0;0;1;13;1
2017-07;12;3;690;64;315;50;39;14;3;2;4;38;0;0;0;0;3;33;2
2017-07;13;3;348;57;165;28;39;3;4;1;3;15;0;0;0;0;0;14;1
2017-07;14;3;593;110;239;69;82;22;9;1;5;31;1;1;0;0;0;12;2
2017-07;15;3;316;52;95;25;36;6;3;5;6;12;1;1;5;0;1;13;1
2017-07;16;3;1184;207;418;130;167;19;42;13;45;59;6;6;2;0;3;47;3
2017-07;17;3;919;368;212;20;228;36;93;55;21;40;5;3;43;2;1;26;4
2017-07;18;3;701;283;149;36;175;30;14;41;5;19;4;0;1;4;1;20;1
2017-07;19;3;683;197;203;54;116;31;9;22;13;26;4;3;0;1;2;23;3
2017-07;20;3;662;248;165;34;140;31;9;41;7;18;2;1;1;0;0;29;1
2017-07;21;3;1668;544;249;46;308;74;74;85;21;22;11;10;2;1;4;64;15
2017-07;22;3;799;317;158;33;173;42;12;69;39;10;1;1;2;0;2;30;6
2017-07;23;3;700;263;177;48;147;31;12;47;17;14;3;3;0;0;3;16;1
2017-07;24;3;604;271;91;24;147;36;6;59;9;9;2;0;1;1;3;31;1
2017-07;25;3;949;390;182;20;149;36;19;78;15;9;8;5;9;2;3;20;3
2017-07;26;3;842;346;153;32;164;39;21;65;7;13;0;0;1;0;0;29;7
2017-07;27;3;1049;541;119;34;300;63;56;143;32;11;6;4;2;2;3;36;3
2017-07;28;3;640;275;127;32;189;44;12;48;10;17;2;2;0;0;4;38;1
2017-07;29;3;1332;660;296;55;378;76;47;106;17;37;9;6;8;2;2;41;4
2017-07;30;3;610;268;69;23;164;41;6;59;11;8;2;2;0;0;1;45;3
2017-07;31;3;823;452;56;11;219;43;22;154;8;5;8;8;4;0;11;33;3
2017-07;32;3;1331;291;316;76;198;50;35;43;20;34;6;3;3;3;7;117;15
2017-07;33;3;1021;352;168;38;215;52;13;70;33;18;6;5;2;1;3;92;3
2017-07;34;3;2031;884;253;67;466;86;38;248;28;23;4;0;19;4;8;110;8
2017-07;35;3;1792;521;354;86;307;65;18;132;25;31;9;9;4;0;8;164;20
2017-07;36;3;939;242;143;55;175;36;35;36;16;12;7;6;4;1;7;92;12
2017-07;37;3;740;195;146;29;141;25;11;30;21;19;1;1;1;0;3;35;3
2017-07;38;3;932;458;103;33;196;40;28;142;17;8;8;7;9;0;6;44;2
2017-07;39;3;1040;538;65;17;218;35;43;180;11;3;13;6;5;7;5;28;5
2017-07;40;3;950;592;85;17;292;30;65;211;10;9;3;2;8;1;4;28;5
2017-07;41;3;484;128;103;32;87;28;8;24;2;11;0;0;3;0;1;25;2
2017-07;42;3;606;123;160;40;79;9;5;28;26;13;3;3;2;0;3;79;0
2017-07;43;3;435;69;66;22;54;12;1;8;4;9;3;3;1;0;7;70;4
2017-07;44;3;653;297;128;14;141;28;14;77;9;5;5;3;1;1;1;26;3
2017-07;45;3;53;1;4;1;1;0;0;0;0;1;0;0;1;0;2;4;5
2017-08;1;3;587;92;167;95;73;19;4;1;1;21;0;0;0;0;0;16;0
2017-08;4;3;711;145;215;26;106;26;10;15;4;31;3;1;13;2;3;12;1
2017-08;5;3;1016;259;284;79;181;37;8;8;8;41;1;0;7;0;2;27;3
2017-08;6;3;514;151;106;31;92;13;26;28;11;16;1;1;2;0;0;24;3
2017-08;7;3;224;106;35;3;59;9;4;14;9;0;0;0;4;0;2;14;0
2017-08;9;3;674;165;201;47;102;22;11;16;16;23;1;1;1;0;1;33;1
2017-08;10;3;778;161;271;79;99;24;15;12;5;42;0;0;5;0;1;29;1
2017-08;11;3;167;7;11;7;5;1;1;1;0;1;3;3;0;0;3;6;4
2017-08;12;3;765;81;359;64;53;11;14;0;5;47;0;0;2;0;1;33;0
2017-08;13;3;403;52;173;39;38;7;8;0;2;16;0;0;1;0;1;11;3
2017-08;14;3;585;94;232;62;66;16;5;5;3;24;1;1;0;0;0;11;1
2017-08;15;3;275;49;98;19;31;5;8;3;7;13;0;0;1;0;2;11;2
2017-08;16;3;1178;200;396;113;148;34;38;18;30;62;2;2;3;0;1;56;2
2017-08;17;3;921;388;189;21;264;26;104;47;17;24;5;2;52;3;0;19;2
2017-08;18;3;743;273;212;33;203;58;20;33;14;45;1;1;0;0;1;17;3
2017-08;19;3;726;162;254;80;103;31;15;12;21;37;2;1;0;1;5;32;0
2017-08;20;3;602;189;161;36;116;14;3;26;14;14;2;2;12;0;0;38;2
2017-08;21;3;1675;505;263;55;300;67;90;58;17;20;18;16;7;2;6;56;12
2017-08;22;3;824;323;159;42;198;51;18;64;23;13;3;3;0;0;7;39;6
2017-08;23;3;608;217;149;29;135;27;8;41;20;14;2;2;0;0;1;18;2
2017-08;24;3;632;261;106;21;162;26;8;51;6;15;3;2;0;0;6;44;4
2017-08;25;3;1037;411;134;17;158;24;29;88;11;14;11;5;10;6;5;24;5
2017-08;26;3;758;275;161;38;154;26;6;43;9;23;3;2;3;1;2;32;7
2017-08;27;3;1099;531;161;31;312;83;52;131;44;13;4;4;1;0;3;40;5
2017-08;28;3;568;204;114;30;138;18;7;45;8;2;4;3;1;1;1;43;3
2017-08;29;3;1365;683;330;42;384;90;45;103;21;51;5;3;2;2;3;49;2
2017-08;30;3;663;291;78;27;183;34;8;71;14;9;5;5;0;0;4;47;3
2017-08;31;3;860;438;82;13;245;46;17;111;10;8;9;5;5;1;0;39;4
2017-08;32;3;1241;270;276;58;180;42;35;38;16;40;10;7;16;2;9;112;16
2017-08;33;3;1031;403;174;44;236;40;14;85;29;14;7;7;1;0;6;56;6
2017-08;34;3;2051;877;255;51;513;78;33;195;31;26;15;14;7;0;5;83;10
2017-08;35;3;1752;460;421;85;248;40;15;130;64;27;10;9;11;0;12;146;18
2017-08;36;3;891;198;146;46;137;20;23;27;17;13;5;4;6;1;7;95;14
2017-08;37;3;701;165;161;24;120;16;12;16;18;15;6;6;3;0;6;36;3
2017-08;38;3;945;456;97;21;214;55;34;127;18;6;5;4;9;1;1;57;3
2017-08;39;3;1098;454;113;22;213;40;64;154;14;4;9;7;9;2;3;44;9
2017-08;40;3;876;518;90;20;245;24;49;161;23;2;6;2;9;3;3;21;3
2017-08;41;3;492;112;107;36;74;12;3;19;3;12;1;1;2;0;3;57;5
2017-08;42;3;707;112;220;67;78;13;7;13;12;44;1;1;3;0;4;71;3
2017-08;43;3;484;85;65;18;71;17;8;9;9;11;2;2;1;0;8;77;17
2017-08;44;3;667;283;134;6;144;29;33;63;12;8;4;3;14;1;0;20;6
2017-08;45;3;71;4;19;3;3;0;0;0;1;1;1;1;1;0;0;7;2
2017-09;1;3;622;92;216;96;70;20;6;1;2;37;0;0;0;0;0;8;1
2017-09;4;3;677;137;239;16;100;32;9;13;2;39;3;2;6;0;0;15;2
2017-09;5;3;1113;279;314;52;206;46;7;9;3;45;3;3;0;0;8;31;2
2017-09;6;3;568;172;111;26;130;19;32;21;7;21;3;2;3;1;3;30;2
2017-09;7;3;184;76;29;3;41;3;2;12;7;4;0;0;0;0;4;17;0
2017-09;9;3;649;161;200;35;95;21;11;23;6;31;2;1;2;1;4;38;1
2017-09;10;3;681;113;248;81;72;17;8;8;4;51;3;2;3;1;0;27;1
2017-09;11;3;238;7;26;8;1;0;0;1;2;5;5;3;11;2;1;13;1
2017-09;12;3;852;84;403;61;39;13;8;0;4;45;3;2;5;1;3;20;2
2017-09;13;3;394;62;172;22;37;7;4;0;3;16;0;0;1;0;0;18;0
2017-09;14;3;666;98;278;53;72;23;5;2;2;15;1;1;0;0;0;27;2
2017-09;15;3;229;45;62;25;29;5;8;5;2;9;1;1;3;0;0;13;2
2017-09;16;3;1399;230;686;86;178;35;39;11;48;182;1;1;1;0;3;52;3
2017-09;17;3;821;329;182;17;227;29;108;41;20;25;4;2;28;2;2;22;5
2017-09;18;3;746;240;255;37;170;38;23;27;7;44;1;1;0;0;2;10;1
2017-09;19;3;688;176;216;57;122;39;6;19;10;32;5;3;0;2;3;29;4
2017-09;20;3;588;183;163;33;108;18;7;31;16;10;1;1;1;0;1;43;3
2017-09;21;3;1579;512;250;56;262;64;58;71;15;27;12;8;2;4;5;57;11
2017-09;22;3;794;310;171;27;186;46;8;59;32;10;8;5;0;3;2;31;5
2017-09;23;3;593;228;139;30;130;23;8;46;15;15;0;0;3;0;2;18;2
2017-09;24;3;598;268;114;16;142;30;3;61;6;17;4;3;2;1;0;29;3
2017-09;25;3;751;301;142;10;136;16;31;62;5;13;2;2;10;0;4;20;2
2017-09;26;3;681;228;157;39;135;24;11;54;15;16;0;0;0;0;3;41;5
2017-09;27;3;1016;497;146;32;272;67;40;143;31;14;12;11;2;1;5;29;4
2017-09;28;3;509;184;113;19;121;20;12;31;3;8;2;2;3;0;4;43;10
2017-09;29;3;1224;607;251;49;327;75;49;111;13;30;10;8;9;2;3;44;4
2017-09;30;3;600;243;94;39;154;25;7;51;17;10;2;1;1;1;2;38;4
2017-09;31;3;702;364;54;15;203;41;6;91;9;6;9;7;7;2;1;38;1
2017-09;32;3;1221;247;278;48;189;49;29;15;9;57;8;7;3;1;6;133;24
2017-09;33;3;882;279;139;43;164;31;8;64;23;15;9;9;3;0;4;82;9
2017-09;34;3;1770;718;198;52;438;67;30;182;30;21;12;8;6;4;7;99;12
2017-09;35;3;1506;353;415;69;201;44;11;85;44;37;11;11;6;0;18;138;15
2017-09;36;3;888;163;115;38;115;22;17;23;12;19;10;6;14;3;16;104;16
2017-09;37;3;663;157;156;37;110;22;11;25;25;20;4;3;0;0;0;55;4
2017-09;38;3;907;456;124;27;233;46;45;114;18;10;7;4;3;2;1;48;9
2017-09;39;3;1120;556;115;23;250;58;56;153;23;11;16;7;6;9;7;21;8
2017-09;40;3;923;524;96;22;229;41;33;184;18;4;6;4;8;1;0;40;5
2017-09;41;3;442;73;118;36;47;12;6;11;4;12;2;2;0;0;2;34;3
2017-09;42;3;1469;160;780;64;100;27;15;27;20;246;4;4;0;0;5;73;8
2017-09;43;3;540;89;76;13;63;9;12;12;8;9;2;2;0;0;16;87;11
2017-09;44;3;612;266;137;9;148;31;20;64;12;11;3;1;1;2;0;23;2
2017-09;45;3;61;4;11;0;1;0;0;2;0;2;2;2;2;0;0;7;1
2017-10;1;3;539;87;169;96;69;24;3;2;5;28;0;0;0;0;0;10;0
2017-10;4;3;611;129;185;15;84;19;7;20;5;24;1;0;3;1;2;15;2
2017-10;5;3;1012;167;353;67;127;29;4;5;10;58;0;0;0;0;1;42;1
2017-10;6;3;675;159;210;33;106;12;17;24;5;68;4;3;2;1;2;28;5
2017-10;7;3;192;87;29;3;40;7;4;10;1;5;1;0;1;1;0;8;2
2017-10;9;3;657;127;212;49;76;17;4;12;18;26;1;1;0;0;4;33;7
2017-10;10;3;701;127;256;69;88;21;12;6;9;42;1;1;2;0;1;26;3
2017-10;11;3;259;3;20;4;1;0;0;0;2;5;9;4;6;5;0;19;4
2017-10;12;3;829;99;388;56;58;12;5;2;12;50;1;1;0;0;0;30;5
2017-10;13;3;409;55;168;48;31;6;1;0;2;18;1;1;5;0;0;14;2
2017-10;14;3;548;63;224;42;44;11;0;5;3;27;0;0;4;0;2;25;2
2017-10;15;3;316;43;87;21;29;4;5;3;6;12;2;1;11;1;0;21;5
2017-10;16;3;1258;269;461;106;205;37;57;20;43;73;3;3;1;0;1;60;8
2017-10;17;3;810;286;204;19;194;35;81;26;24;24;4;2;14;2;2;40;4
2017-10;18;3;738;268;223;34;192;37;40;42;15;48;1;0;0;1;2;18;2
2017-10;19;3;747;210;242;53;139;48;9;29;11;53;1;1;1;0;4;33;4
2017-10;20;3;650;214;184;49;104;23;4;43;17;12;2;1;10;1;3;41;0
2017-10;21;3;1535;460;231;62;275;61;67;56;11;21;7;5;7;2;6;64;16
2017-10;22;3;722;293;158;24;163;38;14;56;41;10;4;4;2;0;1;37;8
2017-10;23;3;579;200;126;46;118;32;8;38;2;9;2;2;0;0;3;18;0
2017-10;24;3;636;262;83;23;133;28;5;80;6;11;7;6;1;1;3;59;2
2017-10;25;3;892;369;156;12;124;36;15;74;4;14;6;6;8;0;1;24;1
2017-10;26;3;744;299;108;41;127;18;4;82;6;6;3;1;1;1;1;32;2
2017-10;27;3;908;366;143;36;209;60;29;93;44;16;12;5;7;6;5;46;1
2017-10;28;3;499;147;110;31;86;19;6;31;5;7;3;3;0;0;1;45;3
2017-10;29;3;1427;696;282;51;347;79;29;148;25;34;7;7;6;0;9;49;14
2017-10;30;3;609;241;81;29;129;29;4;64;12;9;3;3;2;0;3;60;3
2017-10;31;3;755;391;78;15;208;44;11;98;17;4;11;6;15;3;3;34;3
2017-10;32;3;1346;309;296;66;219;36;33;41;14;34;8;4;13;4;11;160;21
2017-10;33;3;960;333;127;32;201;40;8;70;32;11;7;4;7;2;7;92;7
2017-10;34;3;1851;762;192;68;390;70;17;205;28;13;14;11;18;1;10;130;13
2017-10;35;3;1744;326;553;86;177;55;16;90;52;35;19;18;5;0;8;151;20
2017-10;36;3;805;178;130;43;119;21;11;32;22;14;15;12;8;2;11;109;15
2017-10;37;3;755;173;149;40;115;20;19;28;21;11;3;2;5;0;8;64;5
2017-10;38;3;855;390;133;22;178;42;20;70;41;12;11;8;5;3;4;49;6
2017-10;39;3;1028;478;120;12;176;46;29;157;13;14;8;7;2;1;4;37;5
2017-10;40;3;937;524;106;17;246;34;55;152;23;3;4;3;0;1;1;48;11
2017-10;41;3;459;103;74;35;74;21;6;15;5;7;0;0;6;0;0;36;3
2017-10;42;3;892;128;342;50;81;17;10;23;9;84;4;4;1;0;3;60;4
2017-10;43;3;516;67;72;13;45;7;3;13;6;16;2;2;0;0;9;100;15
2017-10;44;3;565;222;135;14;110;25;9;65;7;6;2;2;5;0;1;21;4
2017-10;45;3;56;5;1;1;3;1;0;1;0;1;5;2;6;3;0;4;1
2017-11;1;3;507;82;212;81;70;13;6;0;4;28;0;0;0;0;0;12;0
2017-11;4;3;549;140;174;15;105;24;18;11;2;38;4;3;15;1;1;24;5
2017-11;5;3;1041;203;368;59;135;27;4;4;10;78;1;1;4;0;0;38;3
2017-11;6;3;619;196;152;32;134;27;23;23;5;35;9;2;1;7;0;30;1
2017-11;7;3;194;105;24;6;54;10;4;9;5;2;1;0;0;1;0;11;3
2017-11;9;3;703;163;197;54;101;30;16;21;14;35;2;2;1;0;5;37;0
2017-11;10;3;681;114;269;54;74;33;7;14;14;47;3;3;5;0;1;26;4
2017-11;11;3;175;3;15;7;2;0;1;0;0;2;6;1;3;5;1;12;5
2017-11;12;3;880;83;464;61;42;12;0;1;2;65;1;0;2;1;1;30;3
2017-11;13;3;427;64;217;22;40;11;1;1;4;41;0;0;8;0;1;18;1
2017-11;14;3;694;105;296;72;72;20;6;2;8;34;0;0;0;0;1;8;1
2017-11;15;3;284;37;108;19;23;7;1;7;10;14;0;0;9;0;0;13;1
2017-11;16;3;1153;174;437;113;131;19;34;13;35;82;0;0;3;0;4;62;3
2017-11;17;3;854;313;199;27;239;36;91;27;32;27;15;2;14;13;1;20;4
2017-11;18;3;1165;436;336;60;267;67;26;27;8;56;2;2;1;0;2;36;0
2017-11;19;3;791;235;289;66;134;38;6;40;16;41;2;1;1;0;3;24;4
2017-11;20;3;602;206;153;40;107;31;3;27;19;17;2;2;8;0;5;22;1
2017-11;21;3;1467;467;205;63;279;47;84;55;12;22;12;11;10;1;7;66;16
2017-11;22;3;715;270;134;31;138;36;9;52;29;13;3;3;1;0;2;57;3
2017-11;23;3;549;174;148;36;100;26;5;40;5;12;1;0;1;0;0;24;0
2017-11;24;3;643;334;68;13;159;42;10;87;4;4;2;2;7;0;4;40;8
2017-11;25;3;724;305;117;16;119;28;13;82;3;17;4;1;14;3;2;26;2
2017-11;26;3;677;239;123;30;104;20;3;54;1;10;3;1;0;2;0;40;0
2017-11;27;3;891;422;119;34;230;54;29;112;37;16;3;1;1;2;2;44;6
2017-11;28;3;487;180;85;29;117;18;7;30;4;7;0;0;1;0;5;48;3
2017-11;29;3;1362;634;296;66;321;61;28;143;20;38;10;8;1;2;7;51;8
2017-11;30;3;610;258;77;37;140;23;15;71;14;6;2;2;1;0;3;48;2
2017-11;31;3;612;273;39;21;113;26;10;90;11;2;5;5;1;0;0;48;5
2017-11;32;3;1190;256;239;60;182;41;39;26;17;26;9;6;6;2;10;148;17
2017-11;33;3;904;340;122;37;196;39;11;87;21;17;9;9;4;0;3;88;7
2017-11;34;3;1921;756;233;85;382;71;20;192;26;27;16;7;9;7;6;96;14
2017-11;35;3;1472;421;285;54;176;34;13;163;37;27;6;4;6;2;16;144;4
2017-11;36;3;826;163;129;31;111;16;4;20;19;14;5;3;2;2;18;85;9
2017-11;37;3;734;177;166;48;126;17;40;22;33;20;10;7;9;2;5;45;2
2017-11;38;3;815;354;116;20;152;45;25;82;31;6;5;3;10;2;1;62;8
2017-11;39;3;1013;504;82;12;174;50;45;141;13;7;11;7;6;4;1;17;4
2017-11;40;3;868;496;69;21;229;32;48;141;16;7;4;2;16;2;3;40;1
2017-11;41;3;402;90;66;27;64;9;6;14;6;9;0;0;0;0;2;47;2
2017-11;42;3;707;136;222;43;77;15;18;27;10;64;4;3;0;0;4;59;5
2017-11;43;3;449;58;49;11;41;5;6;8;5;7;3;3;0;0;9;80;9
2017-11;44;3;625;277;117;17;143;33;18;65;12;13;7;3;2;3;3;15;7
2017-11;45;3;55;6;10;2;4;1;0;0;1;3;4;2;0;2;0;4;2
2017-12;1;3;497;89;191;73;66;17;7;3;5;34;0;0;0;0;1;14;0
2017-12;4;3;466;114;165;16;78;16;11;13;5;24;0;0;1;0;1;15;0
2017-12;5;3;979;191;367;67;145;34;3;3;7;61;0;0;0;0;6;38;1
2017-12;6;3;506;167;95;17;101;14;16;25;6;12;2;2;2;0;0;21;5
2017-12;7;3;216;98;26;5;50;5;2;11;4;3;1;0;0;1;0;10;1
2017-12;9;3;662;175;191;32;87;14;11;36;18;22;1;1;5;0;1;32;4
2017-12;10;3;689;141;262;37;89;21;6;14;6;38;4;4;9;0;1;35;2
2017-12;11;3;169;3;16;6;2;0;0;0;1;2;6;3;2;3;0;12;5
2017-12;12;3;878;62;422;55;34;10;3;0;2;43;0;0;3;0;4;38;2
2017-12;13;3;378;43;178;27;21;4;1;1;1;21;1;1;0;0;0;17;3
2017-12;14;3;639;67;261;54;43;11;4;2;6;19;0;0;0;0;1;21;0
2017-12;15;3;294;43;83;24;22;2;2;6;8;12;0;0;13;0;2;14;2
2017-12;16;3;1102;195;388;90;118;25;23;26;38;50;2;2;3;0;7;67;0
2017-12;17;3;929;368;195;31;255;36;107;45;17;23;2;2;6;0;3;39;4
2017-12;18;3;856;287;327;37;191;56;10;33;11;77;0;0;4;0;1;16;1
2017-12;19;3;724;213;257;49;141;31;5;23;6;40;0;0;0;0;2;24;1
2017-12;20;3;599;215;151;27;97;19;4;36;18;9;2;1;11;1;1;25;1
2017-12;21;3;1544;487;220;58;300;59;78;50;11;13;12;7;26;5;6;62;18
2017-12;22;3;739;321;123;27;142;38;8;61;20;12;6;4;0;1;3;40;7
2017-12;23;3;453;151;119;26;80;19;4;36;6;7;0;0;0;0;2;14;0
2017-12;24;3;506;250;59;8;113;22;0;53;4;7;1;1;0;0;3;32;6
2017-12;25;3;693;288;91;14;87;27;12;78;2;8;4;1;1;3;0;28;3
2017-12;26;3;737;274;135;39;121;16;6;68;5;14;0;0;1;0;1;38;2
2017-12;27;3;944;454;129;31;256;82;31;118;36;17;3;3;1;0;6;42;4
2017-12;28;3;457;165;69;27;89;13;7;40;4;5;1;1;2;0;3;24;2
2017-12;29;3;1300;559;351;47;291;64;23;138;20;51;4;4;3;0;3;44;5
2017-12;30;3;647;252;84;19;125;24;9;79;9;11;2;1;5;1;4;58;4
2017-12;31;3;753;393;44;11;181;39;14;143;1;7;5;4;7;0;1;30;5
2017-12;32;3;1153;205;250;58;128;25;27;31;18;25;4;4;12;0;8;140;9
2017-12;33;3;884;306;128;34;150;35;10;94;28;13;9;8;4;1;3;87;6
2017-12;34;3;1758;705;236;72;384;79;31;198;32;22;11;7;10;4;8;116;9
2017-12;35;3;1368;376;246;65;168;38;13;132;42;25;8;8;4;0;17;115;15
2017-12;36;3;798;157;139;48;113;25;19;20;19;21;10;9;2;1;13;91;11
2017-12;37;3;679;141;139;43;87;13;20;34;18;8;2;1;5;1;5;55;3
2017-12;38;3;845;431;71;20;156;60;15;110;19;5;4;1;4;3;1;52;2
2017-12;39;3;1033;534;72;14;169;40;35;192;7;5;7;5;1;0;2;10;3
2017-12;40;3;725;417;47;14;170;29;32;142;11;1;4;3;10;1;2;58;5
2017-12;41;3;418;93;69;19;63;13;3;16;3;8;2;2;0;0;1;32;5
2017-12;42;3;777;136;255;50;81;23;5;23;12;17;1;1;2;0;6;76;2
2017-12;43;3;519;79;87;13;54;13;1;18;19;12;0;0;0;0;5;95;5
2017-12;44;3;537;246;87;19;109;21;14;47;3;10;2;2;0;0;0;19;2
2017-12;45;3;43;4;10;2;2;0;0;1;1;0;2;2;3;0;0;2;0
2018-01;1;3;475;83;192;81;67;13;5;5;5;23;0;0;0;0;1;7;0
2018-01;4;3;571;105;204;13;78;12;3;15;4;37;1;1;1;0;2;19;1
2018-01;5;3;1035;239;388;48;165;36;8;7;7;77;0;0;0;0;2;32;2
2018-01;6;3;469;150;82;30;99;24;14;20;5;17;6;3;1;3;3;23;5
2018-01;7;3;220;119;26;6;54;7;0;14;8;1;1;1;6;0;1;12;1
2018-01;9;3;781;211;217;57;127;18;10;39;17;37;0;0;6;0;0;50;1
2018-01;10;3;675;152;272;48;95;27;9;23;10;48;0;0;9;0;1;17;4
2018-01;11;3;172;4;20;4;4;0;0;0;4;2;14;6;3;8;2;11;3
2018-01;12;3;1561;166;933;71;105;27;6;0;2;162;2;1;0;1;2;31;6
2018-01;13;3;460;65;223;32;35;5;3;0;4;19;0;0;0;0;2;13;3
2018-01;14;3;844;98;399;58;83;19;1;0;5;35;0;0;1;0;2;14;1
2018-01;15;3;382;58;177;24;37;9;5;9;7;37;0;0;15;0;3;10;0
2018-01;16;3;1254;224;449;109;153;33;24;17;19;49;4;4;0;0;4;51;3
2018-01;17;3;792;261;217;36;170;26;53;41;27;19;6;0;5;6;0;43;3
2018-01;18;3;582;219;157;41;135;28;8;36;11;28;1;0;0;0;1;22;0
2018-01;19;3;734;200;226;60;108;34;6;31;13;19;4;3;8;1;3;32;4
2018-01;20;3;665;288;148;33;136;24;10;52;23;8;1;0;10;0;1;31;1
2018-01;21;3;1518;485;232;62;286;73;59;68;22;24;28;12;34;12;5;49;14
2018-01;22;3;819;346;171;27;176;41;15;59;29;11;6;6;2;0;3;30;7
2018-01;23;3;746;290;168;77;166;30;5;47;7;12;0;0;2;0;2;14;5
2018-01;24;3;630;360;65;13;168;20;6;78;7;8;3;2;4;1;5;15;3
2018-01;25;3;865;350;110;23;106;15;7;108;4;11;12;9;3;2;0;27;6
2018-01;26;3;826;344;105;50;136;15;1;95;3;9;4;2;0;2;0;25;3
2018-01;27;3;993;522;143;28;241;67;20;187;40;10;0;0;2;0;1;41;4
2018-01;28;3;541;203;78;36;126;7;11;46;4;4;4;3;0;1;0;46;3
2018-01;29;3;1354;586;319;61;314;55;31;153;16;20;8;6;10;1;1;75;7
2018-01;30;3;624;268;74;42;143;20;11;76;6;8;7;3;2;4;2;41;1
2018-01;31;3;880;420;60;15;194;23;10;155;16;2;5;4;8;1;3;36;5
2018-01;32;3;1218;267;230;65;176;33;40;21;9;24;15;9;16;6;12;150;13
2018-01;33;3;924;333;125;27;189;45;13;85;30;11;10;9;2;1;2;90;9
2018-01;34;3;1856;777;202;84;375;80;27;225;23;19;10;8;13;2;11;98;10
2018-01;35;3;1490;455;256;64;218;46;12;163;31;22;9;8;4;0;22;117;15
2018-01;36;3;803;165;153;42;112;14;7;37;31;10;11;8;6;3;12;99;13
2018-01;37;3;754;177;144;35;112;19;8;40;17;18;4;4;6;0;0;54;5
2018-01;38;3;931;458;94;26;153;29;26;131;28;7;7;4;9;3;4;58;11
2018-01;39;3;1304;645;63;12;187;54;41;274;11;4;18;8;10;9;3;29;4
2018-01;40;3;845;518;61;11;202;21;26;196;8;5;3;3;10;0;0;25;2
2018-01;41;3;400;107;75;32;76;12;7;14;3;8;3;1;0;1;1;28;2
2018-01;42;3;688;120;203;45;55;6;4;22;20;22;3;2;1;0;8;66;7
2018-01;43;3;532;76;77;15;54;8;4;16;6;13;2;2;3;0;8;90;8
2018-01;44;3;574;267;72;19;151;34;14;59;12;8;4;0;3;4;0;24;4
2018-01;45;3;51;11;7;0;6;2;1;2;1;0;1;1;2;0;0;1;0
2018-02;1;3;671;169;326;54;136;44;7;2;4;95;0;0;0;0;0;5;0
2018-02;4;3;590;136;211;7;107;29;11;9;3;40;0;0;6;0;3;13;3
2018-02;5;3;1340;371;554;45;267;69;9;5;6;111;3;3;1;0;3;39;4
2018-02;6;3;568;171;146;16;107;14;15;25;7;24;1;1;0;0;1;25;2
2018-02;7;3;325;135;99;3;57;11;2;14;5;26;2;2;0;0;1;11;0
2018-02;9;3;1143;321;495;37;205;63;7;37;18;132;0;0;0;0;0;19;4
2018-02;10;3;746;206;292;57;121;30;10;33;7;62;2;2;10;0;0;23;2
2018-02;11;3;116;4;17;1;3;2;0;0;0;2;3;1;0;1;1;3;1
2018-02;12;3;973;86;528;65;49;14;2;3;2;65;0;0;2;0;1;36;6
2018-02;13;3;473;76;247;31;43;12;5;0;1;34;1;1;2;0;0;11;1
2018-02;14;3;1378;326;709;55;250;63;3;1;4;153;0;0;4;0;0;20;1
2018-02;15;3;297;41;137;18;24;4;3;5;6;28;1;0;12;1;0;10;0
2018-02;16;3;1025;183;352;77;129;19;19;12;26;38;1;1;3;0;4;58;5
2018-02;17;3;679;245;185;19;154;30;39;37;17;25;4;2;25;2;0;27;3
2018-02;18;3;631;254;163;26;148;42;13;43;4;31;0;0;1;0;0;28;2
2018-02;19;3;567;159;167;39;85;28;3;39;8;25;2;1;3;0;1;24;0
2018-02;20;3;618;241;106;34;104;9;2;59;5;8;0;0;9;0;0;43;2
2018-02;21;3;1275;410;189;32;232;56;55;62;16;14;8;8;17;0;3;41;9
2018-02;22;3;593;250;111;24;137;39;14;39;25;6;3;3;0;0;3;19;4
2018-02;23;3;697;327;159;32;182;41;6;63;16;14;0;0;4;0;2;18;1
2018-02;24;3;492;265;50;13;145;32;2;50;12;5;2;0;2;2;1;29;4
2018-02;25;3;707;307;102;21;101;19;17;81;5;8;2;0;1;2;2;14;1
2018-02;26;3;702;348;103;27;146;19;7;100;8;10;1;1;0;0;2;14;2
2018-02;27;3;939;489;137;24;263;69;34;122;44;15;6;4;1;1;3;35;2
2018-02;28;3;376;116;62;28;78;11;2;23;3;5;8;6;4;2;2;35;3
2018-02;29;3;1170;595;237;29;326;55;38;122;11;21;7;5;6;0;3;35;6
2018-02;30;3;493;220;71;14;135;29;8;55;11;4;3;3;2;0;0;58;3
2018-02;31;3;727;402;41;8;186;25;12;150;4;4;5;3;2;1;2;37;1
2018-02;32;3;1079;239;181;55;143;29;25;46;8;23;10;8;10;1;10;125;11
2018-02;33;3;766;312;101;22;143;46;7;113;25;9;6;6;3;0;3;77;4
2018-02;34;3;1789;778;203;52;375;102;29;243;30;22;15;12;8;3;13;74;10
2018-02;35;3;1366;435;241;63;198;44;18;160;44;24;10;8;1;0;21;117;13
2018-02;36;3;689;137;111;38;107;20;8;14;21;9;4;3;4;1;18;88;11
2018-02;37;3;536;161;104;15;114;17;16;24;11;11;2;2;10;0;2;27;2
2018-02;38;3;716;354;94;17;144;46;16;61;23;7;4;3;0;1;4;55;5
2018-02;39;3;1139;590;44;9;164;33;33;243;9;2;20;14;15;6;6;27;3
2018-02;40;3;710;399;68;14;155;29;24;145;11;4;4;3;6;1;1;33;0
2018-02;41;3;355;104;69;24;67;24;2;24;3;13;3;2;0;0;1;28;3
2018-02;42;3;582;113;146;39;61;10;16;24;9;14;6;6;1;0;6;62;2
2018-02;43;3;533;80;82;13;52;9;4;11;8;7;2;2;5;0;9;95;4
2018-02;44;3;526;259;91;9;130;36;16;64;14;6;3;2;1;1;2;13;4
2018-02;45;3;39;6;5;1;4;1;1;0;0;1;2;1;3;1;0;2;0
2018-03;1;3;521;97;193;81;75;22;1;4;2;33;0;0;0;0;0;10;0
2018-03;4;3;589;132;204;16;99;21;17;8;5;43;3;1;2;0;1;12;2
2018-03;5;3;1042;282;303;65;195;39;9;13;2;44;3;1;0;0;1;29;1
2018-03;6;3;590;205;126;20;136;17;30;22;11;31;3;3;1;0;0;27;2
2018-03;7;3;235;104;41;3;58;12;2;13;9;3;2;2;4;0;1;8;1
2018-03;9;3;901;244;274;60;160;24;7;31;15;46;2;2;2;0;2;33;2
2018-03;10;3;817;254;265;54;142;44;7;43;5;36;1;1;0;0;3;25;1
2018-03;11;3;130;3;12;1;1;0;0;0;0;2;13;6;0;7;1;12;6
2018-03;12;3;790;83;349;56;36;9;5;3;2;35;1;0;1;1;6;37;3
2018-03;13;3;339;53;138;28;33;6;2;0;1;12;1;1;3;0;0;16;1
2018-03;14;3;616;118;240;51;81;20;1;3;1;37;0;0;3;0;1;15;1
2018-03;15;3;270;45;95;14;23;5;1;11;1;8;2;1;18;0;0;16;2
2018-03;16;3;1128;238;347;88;148;22;31;35;39;52;4;3;2;1;3;78;5
2018-03;17;3;792;279;193;31;205;36;81;29;14;21;1;0;11;1;1;37;9
2018-03;18;3;769;298;220;40;178;31;34;45;5;36;4;4;0;0;1;27;0
2018-03;19;3;665;185;193;58;125;30;4;26;2;22;1;0;2;1;0;23;2
2018-03;20;3;651;232;152;42;143;33;12;42;8;9;4;4;4;0;6;27;2
2018-03;21;3;1472;506;219;43;286;55;77;67;21;20;10;9;13;1;4;59;10
2018-03;22;3;717;287;162;27;166;31;15;46;24;5;4;4;0;0;1;30;5
2018-03;23;3;708;280;187;35;146;38;5;53;7;9;6;3;2;2;1;20;3
2018-03;24;3;592;287;73;20;155;23;9;68;9;6;3;2;2;1;0;36;4
2018-03;25;3;633;214;121;21;118;25;23;34;5;11;6;5;0;1;4;21;5
2018-03;26;3;616;203;108;37;115;17;9;44;7;14;0;0;0;0;2;35;3
2018-03;27;3;1052;529;167;32;272;47;43;159;31;21;8;5;10;3;2;31;1
2018-03;28;3;485;152;90;34;87;12;2;36;4;10;11;8;1;3;1;50;2
2018-03;29;3;1322;630;295;62;336;60;46;126;14;21;10;6;2;2;4;41;6
2018-03;30;3;592;221;77;15;119;22;6;65;10;6;3;2;3;1;4;54;3
2018-03;31;3;860;465;55;13;215;57;11;187;11;5;7;4;8;3;2;30;3
2018-03;32;3;1219;312;240;65;183;24;44;53;8;21;4;4;2;0;12;142;11
2018-03;33;3;973;405;116;35;222;85;14;121;27;18;2;1;2;0;4;92;9
2018-03;34;3;1728;641;205;66;370;93;25;150;31;21;12;9;9;2;7;94;8
2018-03;35;3;1566;457;284;72;237;41;28;149;56;33;7;7;7;0;20;167;23
2018-03;36;3;896;178;141;45;146;15;29;15;33;13;11;8;5;3;9;104;16
2018-03;37;3;673;146;153;39;98;15;14;23;27;17;8;7;3;1;4;44;11
2018-03;38;3;867;413;105;28;137;29;24;123;30;6;8;5;1;3;3;60;8
2018-03;39;3;1501;835;71;20;200;34;56;394;6;3;13;11;2;2;2;27;9
2018-03;40;3;795;466;72;20;209;30;33;180;17;7;4;3;9;1;0;30;2
2018-03;41;3;433;130;59;27;80;15;10;30;1;6;1;0;3;1;2;36;5
2018-03;42;3;673;139;168;36;86;16;11;23;14;14;2;2;0;0;5;66;3
2018-03;43;3;596;82;94;13;55;11;2;12;14;13;0;0;2;0;4;103;9
2018-03;44;3;563;238;121;9;130;28;26;57;14;8;5;5;1;0;0;8;2
2018-03;45;3;50;8;7;2;5;1;0;0;1;0;3;3;3;0;0;4;2
2018-04;1;3;500;115;172;62;89;23;2;6;4;31;0;0;0;0;0;8;1
2018-04;4;3;594;157;178;11;129;24;17;7;2;26;5;4;0;0;1;16;0
2018-04;5;3;1029;210;289;91;141;26;6;14;10;30;1;0;2;1;0;28;0
2018-04;6;3;602;181;120;26;117;20;28;27;11;20;7;6;2;1;3;31;1
2018-04;7;3;158;62;26;2;33;1;3;5;9;3;1;0;0;1;0;7;0
2018-04;9;3;790;227;204;65;121;25;9;43;12;28;1;1;4;0;1;26;0
2018-04;10;3;696;201;234;44;115;29;7;34;18;41;0;0;1;0;2;30;6
2018-04;11;3;119;5;18;4;4;0;1;0;0;3;0;0;1;0;3;6;3
2018-04;12;3;752;63;305;73;34;6;1;0;2;30;1;1;7;0;1;21;2
2018-04;13;3;320;32;157;21;16;3;1;1;2;16;1;1;6;0;1;9;0
2018-04;14;3;613;77;257;56;49;11;5;6;0;21;2;0;0;2;0;19;0
2018-04;15;3;271;38;70;24;20;5;2;11;0;8;0;0;13;0;0;17;1
2018-04;16;3;1120;262;358;86;164;22;25;23;44;39;6;6;3;0;6;39;1
2018-04;17;3;845;298;239;16;196;29;70;45;30;19;2;1;1;1;1;28;2
2018-04;18;3;751;296;206;30;194;49;30;34;5;27;1;1;1;0;2;13;2
2018-04;19;3;601;165;188;54;93;25;4;25;10;22;2;1;1;0;1;19;2
2018-04;20;3;655;226;134;41;129;36;7;47;10;12;1;1;14;0;1;47;1
2018-04;21;3;1287;432;225;44;256;67;80;54;24;13;9;8;21;1;6;39;6
2018-04;22;3;710;320;132;29;162;27;19;61;27;4;3;1;4;1;7;34;10
2018-04;23;3;656;224;179;30;122;29;7;41;9;14;1;1;1;0;3;14;0
2018-04;24;3;705;299;117;26;153;34;13;63;7;17;1;1;1;0;2;55;4
2018-04;25;3;723;260;151;15;103;14;31;70;4;12;6;4;1;2;2;30;2
2018-04;26;3;622;192;109;42;101;22;6;52;5;10;3;2;0;1;1;22;9
2018-04;27;3;928;456;150;37;271;51;53;115;46;13;6;4;1;1;1;53;4
2018-04;28;3;398;132;52;23;78;10;5;22;2;4;3;3;1;0;0;28;6
2018-04;29;3;1230;578;246;51;357;72;68;104;16;26;18;16;2;1;3;53;5
2018-04;30;3;678;295;85;33;151;15;14;99;17;7;6;6;0;0;3;49;2
2018-04;31;3;757;391;61;24;193;41;12;131;17;3;8;6;5;2;1;36;4
2018-04;32;3;1259;329;233;73;201;31;38;63;8;23;8;7;6;1;14;158;7
2018-04;33;3;945;338;114;46;206;61;9;85;30;13;5;4;1;1;8;73;7
2018-04;34;3;1527;609;172;68;353;67;25;152;38;18;14;9;22;5;7;96;7
2018-04;35;3;1589;460;286;103;243;53;18;125;54;32;6;6;8;0;23;149;13
2018-04;36;3;999;201;155;55;140;20;20;18;28;22;19;14;4;4;8;120;9
2018-04;37;3;736;164;177;46;96;18;15;30;35;15;2;2;6;0;6;46;0
2018-04;38;3;876;396;117;28;211;53;24;79;34;7;5;2;0;2;7;55;6
2018-04;39;3;1162;569;70;17;184;49;37;223;12;4;12;9;0;3;5;25;7
2018-04;40;3;668;347;61;17;184;19;29;92;10;6;7;5;2;2;5;32;3
2018-04;41;3;481;158;63;29;88;17;15;25;1;5;5;1;6;4;0;43;1
2018-04;42;3;623;98;166;35;55;13;7;24;19;16;1;1;1;0;5;62;5
2018-04;43;3;602;85;93;14;62;12;6;11;13;16;2;1;0;0;20;103;6
2018-04;44;3;555;236;104;19;132;29;30;40;8;5;1;0;1;1;0;21;9
2018-04;45;3;58;4;9;1;3;0;0;0;2;3;2;0;2;2;1;2;3
2018-05;1;3;476;124;136;57;87;18;8;6;1;22;0;0;0;0;0;9;0
2018-05;4;3;591;146;187;20;105;19;17;10;1;31;1;1;2;0;1;18;0
2018-05;5;3;1017;240;284;87;158;27;7;7;10;41;0;0;1;0;2;38;0
2018-05;6;3;580;164;114;35;106;14;29;20;3;15;8;5;2;3;1;23;0
2018-05;7;3;172;66;38;0;32;4;3;10;9;2;0;0;2;0;0;10;0
2018-05;9;3;731;173;204;48;97;14;10;29;22;22;0;0;2;0;3;22;2
2018-05;10;3;758;225;235;58;136;24;12;30;13;34;2;2;1;0;0;13;5
2018-05;11;3;143;4;16;7;3;0;1;0;0;2;3;3;2;0;1;9;1
2018-05;12;3;716;67;285;70;34;4;4;1;4;18;1;0;7;1;2;29;6
2018-05;13;3;361;51;143;31;29;6;1;0;0;8;1;1;0;0;1;9;1
2018-05;14;3;653;75;279;68;51;12;6;3;1;27;0;0;1;0;0;16;3
2018-05;15;3;293;46;86;27;28;6;3;7;2;7;0;0;23;0;0;15;0
2018-05;16;3;1205;248;407;99;168;21;36;24;18;59;4;4;3;0;2;61;5
2018-05;17;3;914;361;237;28;255;43;99;32;24;23;5;1;9;4;1;26;1
2018-05;18;3;762;266;218;36;166;32;40;44;12;33;0;0;0;0;1;19;0
2018-05;19;3;739;171;222;77;106;30;7;19;14;26;2;2;1;0;2;32;3
2018-05;20;3;695;279;148;38;163;36;13;59;11;15;1;0;8;1;2;29;3
2018-05;21;3;1339;451;262;52;272;61;93;42;26;15;8;6;6;2;6;43;12
2018-05;22;3;865;351;165;35;209;48;25;47;40;10;4;3;11;1;1;45;7
2018-05;23;3;678;196;214;38;121;24;5;33;9;18;0;0;0;0;0;28;0
2018-05;24;3;587;284;67;28;162;40;7;51;9;5;3;1;2;2;3;47;2
2018-05;25;3;774;281;166;16;128;36;38;63;6;9;10;2;4;8;2;18;6
2018-05;26;3;630;204;112;35;124;17;10;33;3;20;1;0;0;1;2;33;4
2018-05;27;3;929;443;165;38;259;50;40;116;59;13;3;2;7;1;1;44;2
2018-05;28;3;486;138;72;26;75;14;5;33;8;9;4;4;0;0;0;23;4
2018-05;29;3;1321;643;255;66;413;112;75;103;15;30;8;4;5;3;6;51;7
2018-05;30;3;691;308;105;27;170;31;30;77;13;14;0;0;0;0;3;47;4
2018-05;31;3;811;396;64;39;202;31;15;125;23;5;1;1;1;0;3;52;1
2018-05;32;3;1264;282;253;75;168;32;35;51;16;21;17;8;41;9;7;135;9
2018-05;33;3;908;319;139;74;177;50;12;87;45;17;9;8;1;1;5;84;6
2018-05;34;3;1839;809;234;82;490;116;34;169;33;15;17;15;4;0;6;101;9
2018-05;35;3;1631;445;322;110;256;60;14;91;52;39;9;9;7;0;14;156;17
2018-05;36;3;978;207;172;52;159;15;17;21;29;20;12;9;9;3;17;110;13
2018-05;37;3;655;133;157;44;85;9;14;9;30;15;4;2;6;1;5;36;4
2018-05;38;3;906;374;137;28;182;59;19;68;48;9;7;6;4;1;6;53;1
2018-05;39;3;1162;559;72;20;196;40;47;221;9;6;14;6;2;8;4;12;5
2018-05;40;3;639;338;56;25;169;24;30;98;13;3;9;4;5;5;2;16;2
2018-05;41;3;534;146;99;62;85;15;9;24;4;9;3;2;0;0;3;47;2
2018-05;42;3;672;103;186;61;59;11;7;9;15;23;1;1;0;0;9;57;5
2018-05;43;3;515;102;75;18;71;10;4;23;10;8;0;0;3;0;10;59;3
2018-05;44;3;514;218;71;8;122;39;24;34;13;7;3;1;0;2;1;15;6
2018-05;45;3;52;5;6;2;4;0;2;0;0;1;4;2;3;2;2;3;1
2018-06;1;3;462;109;167;60;81;19;1;3;1;39;0;0;0;0;1;9;0
2018-06;4;3;545;116;191;16;95;24;11;5;3;30;1;1;14;0;0;33;2
2018-06;5;3;937;234;273;62;188;44;9;8;10;40;1;0;0;1;2;27;1
2018-06;6;3;548;170;119;28;105;18;23;15;9;27;3;2;4;1;1;15;1
2018-06;7;3;192;83;36;1;47;10;5;6;12;0;4;4;0;0;0;13;1
2018-06;9;3;789;234;209;67;158;44;6;25;10;44;1;0;0;1;1;40;3
2018-06;10;3;604;154;231;38;102;21;11;23;15;41;9;9;7;0;1;27;0
2018-06;11;3;146;3;16;2;1;1;0;1;0;2;4;3;0;1;5;9;2
2018-06;12;3;650;58;241;42;36;8;9;0;1;26;5;3;3;2;1;30;4
2018-06;13;3;286;43;110;24;20;7;2;1;0;10;1;0;0;1;1;10;0
2018-06;14;3;570;62;224;88;46;11;6;1;1;26;0;0;0;0;0;10;1
2018-06;15;3;243;37;71;24;17;1;1;4;1;10;1;0;10;1;0;9;2
2018-06;16;3;984;195;276;98;132;24;15;20;21;38;2;2;4;0;5;46;3
2018-06;17;3;754;266;203;24;184;28;78;14;27;15;2;0;16;2;2;34;4
2018-06;18;3;700;252;193;29;177;27;20;33;3;29;2;2;3;0;1;31;0
2018-06;19;3;715;174;241;56;120;38;5;16;14;48;0;0;1;0;1;20;2
2018-06;20;3;644;269;110;26;141;39;8;50;20;10;2;2;9;0;4;28;2
2018-06;21;3;1191;425;212;46;305;45;145;21;18;17;11;5;3;6;7;41;15
2018-06;22;3;755;316;159;31;200;31;34;39;33;13;4;1;4;1;2;38;8
2018-06;23;3;579;233;159;28;135;43;5;41;8;15;2;1;0;1;1;17;0
2018-06;24;3;550;256;81;19;151;39;4;50;7;9;6;4;0;2;1;35;4
2018-06;25;3;639;271;129;7;117;33;45;66;4;9;3;0;3;3;3;18;3
2018-06;26;3;600;180;121;34;92;18;5;37;3;16;4;1;1;0;1;19;1
2018-06;27;3;886;428;154;26;234;44;38;126;48;13;4;4;1;0;3;38;8
2018-06;28;3;372;106;65;19;68;5;0;17;11;11;1;1;1;0;4;27;2
2018-06;29;3;1064;454;220;76;265;56;38;108;17;19;4;3;6;1;3;35;7
2018-06;30;3;604;269;83;30;147;34;19;95;16;11;1;1;1;0;3;52;6
2018-06;31;3;768;394;52;26;191;22;15;134;8;5;8;6;7;1;5;22;6
2018-06;32;3;1198;249;237;78;150;32;14;21;9;23;2;0;9;2;12;144;8
2018-06;33;3;888;346;117;57;207;61;15;80;36;11;5;5;5;0;4;64;4
2018-06;34;3;1733;856;202;90;495;85;30;197;26;17;9;8;8;1;7;77;11
2018-06;35;3;1440;433;261;83;236;56;12;116;47;39;12;9;9;3;18;118;12
2018-06;36;3;1035;207;170;75;162;15;24;24;20;12;10;9;6;1;17;114;15
2018-06;37;3;709;126;160;50;95;13;6;9;20;10;2;2;3;0;8;48;4
2018-06;38;3;866;377;120;34;179;39;33;68;30;6;3;2;0;1;1;52;7
2018-06;39;3;1192;573;86;23;175;30;40;219;11;3;8;2;6;6;6;18;5
2018-06;40;3;625;349;56;25;162;24;24;120;13;1;8;4;1;3;4;26;2
2018-06;41;3;432;120;98;28;81;17;12;13;4;8;0;0;1;0;0;50;2
2018-06;42;3;591;103;157;59;64;13;8;14;15;16;2;2;1;0;2;56;2
2018-06;43;3;469;70;68;20;53;14;3;10;12;7;1;1;1;0;10;92;7
2018-06;44;3;466;173;87;14;105;29;12;18;13;4;7;6;2;1;3;11;3
2018-06;45;3;49;6;5;3;6;1;0;0;0;0;1;0;1;1;0;4;1
2018-07;1;3;656;149;249;86;127;33;6;2;2;60;0;0;0;0;0;13;0
2018-07;4;3;656;148;233;24;115;16;29;6;4;45;0;0;10;0;2;12;1
2018-07;5;3;1052;249;337;96;163;33;23;15;7;62;0;0;1;0;0;14;1
2018-07;6;3;531;141;103;19;85;12;15;20;8;14;2;1;6;1;4;22;1
2018-07;7;3;188;69;46;2;41;6;0;8;7;4;0;0;0;0;1;14;0
2018-07;9;3;757;175;225;44;123;29;4;24;10;49;1;0;0;1;0;48;2
2018-07;10;3;654;140;256;69;94;23;1;18;6;42;1;1;9;0;0;24;2
2018-07;11;3;124;1;19;6;1;1;0;0;1;4;1;0;4;1;0;8;0
2018-07;12;3;739;58;330;75;38;9;5;0;3;22;0;0;0;0;0;33;4
2018-07;13;3;339;27;154;26;18;5;2;2;0;11;0;0;5;0;2;17;1
2018-07;14;3;620;86;239;71;61;20;5;1;0;28;0;0;2;0;2;18;1
2018-07;15;3;275;31;87;25;21;4;4;3;2;12;1;0;11;1;0;12;2
2018-07;16;3;953;151;275;109;95;18;4;12;34;43;1;1;1;0;1;39;2
2018-07;17;3;915;315;244;55;187;18;89;34;25;23;3;2;4;1;2;18;4
2018-07;18;3;670;210;193;45;132;32;7;22;7;38;0;0;0;0;2;16;1
2018-07;19;3;697;149;235;44;101;34;5;14;9;43;2;0;3;2;3;36;2
2018-07;20;3;537;157;119;36;100;23;2;27;10;17;1;1;1;0;1;26;6
2018-07;21;3;1354;452;220;74;302;60;91;40;16;14;9;6;3;2;4;63;13
2018-07;22;3;784;344;147;37;209;33;28;41;38;5;8;1;1;7;3;47;9
2018-07;23;3;558;175;167;33;114;39;4;17;15;7;1;1;0;0;0;18;0
2018-07;24;3;500;191;84;27;117;28;4;37;10;6;4;4;1;0;2;28;0
2018-07;25;3;552;233;85;12;112;34;29;47;4;8;5;2;0;1;1;19;2
2018-07;26;3;495;154;95;40;110;33;6;20;5;14;3;2;3;1;1;24;4
2018-07;27;3;945;484;152;32;310;70;46;96;44;12;3;1;10;1;1;56;5
2018-07;28;3;439;123;70;21;73;22;1;29;4;10;0;0;0;0;2;26;1
2018-07;29;3;1155;466;267;83;298;67;39;86;20;56;3;2;2;1;1;43;2
2018-07;30;3;620;241;57;28;150;39;11;58;12;4;10;6;0;3;0;51;2
2018-07;31;3;710;310;77;20;194;26;18;70;11;9;2;2;2;0;1;42;1
2018-07;32;3;1157;258;250;71;167;28;37;37;10;28;7;5;9;1;5;152;5
2018-07;33;3;1003;393;126;73;203;55;6;126;27;18;5;5;7;0;2;84;5
2018-07;34;3;2069;906;263;155;513;110;54;184;39;26;18;16;17;2;12;113;9
2018-07;35;3;1488;448;242;111;284;73;15;91;42;29;3;3;3;0;15;146;7
2018-07;36;3;909;217;146;54;178;26;41;18;24;22;9;7;11;2;12;98;11
2018-07;37;3;742;123;181;61;80;14;7;20;42;17;4;2;1;2;2;52;2
2018-07;38;3;893;356;128;37;202;52;40;47;33;8;5;4;2;1;5;74;7
2018-07;39;3;907;379;53;21;164;36;36;103;7;8;7;7;1;0;7;30;6
2018-07;40;3;559;296;53;24;187;33;29;60;8;3;4;2;3;2;2;34;2
2018-07;41;3;487;129;84;35;92;19;16;18;1;8;1;0;2;1;1;44;1
2018-07;42;3;667;119;173;72;74;20;6;16;17;21;2;2;0;0;6;51;4
2018-07;43;3;513;82;70;10;60;17;5;9;14;14;0;0;0;0;9;108;6
2018-07;44;3;435;165;88;13;102;25;5;30;11;8;3;3;2;0;1;14;2
2018-07;45;3;56;6;6;1;4;1;1;1;0;2;6;0;14;6;0;1;0
2018-08;1;3;582;117;183;92;97;14;7;1;5;22;1;1;2;0;0;11;1
2018-08;4;3;820;220;287;35;169;30;44;3;6;40;4;3;4;1;1;20;0
2018-08;5;3;1243;296;342;148;187;38;13;7;6;43;0;0;1;0;1;37;1
2018-08;6;3;590;143;122;27;100;11;27;20;8;20;5;3;5;2;0;18;4
2018-08;7;3;181;81;22;6;43;8;2;13;2;3;1;1;1;0;2;16;1
2018-08;9;3;708;165;186;75;114;43;5;20;8;44;1;1;6;0;4;41;2
2018-08;10;3;675;130;270;73;81;24;5;21;10;43;1;0;23;1;2;23;1
2018-08;11;3;119;7;11;3;5;1;0;0;0;1;2;0;0;1;0;8;2
2018-08;12;3;736;75;287;70;42;9;9;2;4;18;1;0;2;1;3;30;2
2018-08;13;3;381;49;162;30;34;7;3;1;2;11;0;0;2;0;1;18;0
2018-08;14;3;565;63;216;63;36;4;3;0;2;28;1;1;1;0;0;18;2
2018-08;15;3;232;39;60;20;21;3;1;6;0;4;0;0;1;0;0;16;2
2018-08;16;3;1056;198;327;128;116;26;20;25;24;54;2;2;1;0;3;52;0
2018-08;17;3;905;343;250;25;240;26;101;28;27;20;3;2;14;1;3;24;3
2018-08;18;3;791;252;258;45;171;51;19;30;8;45;0;0;0;0;1;29;1
2018-08;19;3;741;166;229;55;105;29;3;26;5;29;0;0;2;0;2;38;2
2018-08;20;3;584;167;134;42;101;20;3;34;12;9;1;1;20;0;2;31;1
2018-08;21;3;1362;435;213;62;258;53;73;57;22;11;8;4;8;4;6;48;12
2018-08;22;3;835;292;141;57;182;34;47;42;38;7;8;4;1;4;2;28;4
2018-08;23;3;625;209;195;54;122;38;10;27;13;19;1;1;2;0;2;25;2
2018-08;24;3;644;283;131;43;169;25;8;55;11;16;1;1;0;0;0;40;3
2018-08;25;3;654;246;117;14;96;27;16;60;2;8;6;3;4;3;1;15;3
2018-08;26;3;545;153;112;51;107;15;8;18;7;13;0;0;0;0;3;31;4
2018-08;27;3;921;463;130;38;242;57;46;124;28;12;6;4;5;2;0;35;3
2018-08;28;3;450;123;89;19;64;12;5;45;6;11;1;0;0;1;1;37;5
2018-08;29;3;1119;483;229;61;308;77;53;91;21;39;4;2;6;2;4;72;8
2018-08;30;3;617;259;90;32;139;27;13;67;10;14;1;1;1;0;1;36;4
2018-08;31;3;689;318;84;25;202;26;12;67;18;7;3;3;1;0;3;35;2
2018-08;32;3;1090;267;215;65;150;36;28;41;10;26;14;10;9;3;9;94;7
2018-08;33;3;1071;422;131;69;228;72;9;117;46;12;12;8;6;4;8;80;3
2018-08;34;3;2036;800;243;180;349;87;24;211;34;16;16;11;10;5;4;105;10
2018-08;35;3;1530;420;291;99;233;48;19;104;65;32;4;3;6;0;17;126;21
2018-08;36;3;917;175;142;48;114;11;18;35;11;20;11;8;3;3;14;103;10
2018-08;37;3;651;105;161;64;64;8;5;18;34;16;2;1;0;1;2;30;6
2018-08;38;3;887;406;109;43;215;36;50;75;34;7;9;5;3;4;4;43;7
2018-08;39;3;1103;529;85;19;173;46;40;202;18;5;13;7;0;4;2;16;8
2018-08;40;3;636;299;62;38;152;38;14;84;12;4;9;7;0;2;5;36;8
2018-08;41;3;484;123;120;37;74;20;8;19;4;1;6;0;5;6;2;30;1
2018-08;42;3;762;107;261;55;69;19;10;8;21;45;5;4;2;0;2;69;4
2018-08;43;3;472;70;74;20;49;17;5;6;9;25;4;4;0;0;6;74;8
2018-08;44;3;454;174;69;21;91;17;13;34;14;3;7;4;3;3;2;13;5
2018-08;45;3;55;5;9;1;2;0;0;1;2;1;1;1;1;0;1;8;2
2018-09;1;3;564;112;209;83;93;14;10;2;3;29;1;1;0;0;1;11;1
2018-09;4;3;858;222;331;30;161;30;26;5;2;40;4;3;7;1;2;16;0
2018-09;5;3;1026;231;289;103;153;37;13;7;12;32;1;1;1;0;4;26;1
2018-09;6;3;602;177;127;28;108;24;27;19;8;17;5;3;4;1;1;20;3
2018-09;7;3;183;66;33;2;30;3;2;6;7;2;3;2;1;1;0;10;0
2018-09;9;3;655;147;186;52;100;39;4;20;10;32;1;0;0;0;2;23;2
2018-09;10;3;596;132;207;59;85;20;8;19;8;24;0;0;14;0;0;26;1
2018-09;11;3;120;0;12;7;0;0;0;0;2;0;2;2;0;0;1;16;2
2018-09;12;3;717;68;278;82;34;9;2;1;7;29;2;0;11;2;0;28;3
2018-09;13;3;301;32;120;39;20;5;0;0;0;1;0;0;0;0;0;3;0
2018-09;14;3;589;87;232;34;58;15;2;2;1;23;0;0;1;0;0;20;1
2018-09;15;3;246;42;64;25;26;5;5;9;1;5;3;2;8;1;1;10;1
2018-09;16;3;969;179;272;100;119;12;23;15;29;36;5;4;1;1;4;45;0
2018-09;17;3;886;357;223;25;254;25;127;30;23;25;3;0;9;0;2;20;4
2018-09;18;3;812;211;285;49;144;31;34;31;7;44;1;0;0;1;0;22;0
2018-09;19;3;669;175;217;63;99;35;5;27;8;22;3;2;0;0;0;25;1
2018-09;20;3;513;198;105;30;106;19;3;45;5;10;3;0;5;3;1;20;1
2018-09;21;3;1585;579;270;49;327;62;131;64;21;16;7;4;11;3;0;34;11
2018-09;22;3;664;259;129;31;154;24;28;44;31;3;3;3;0;0;4;27;4
2018-09;23;3;525;187;151;29;124;30;6;18;11;15;3;1;0;2;2;28;2
2018-09;24;3;569;266;88;17;166;26;14;46;7;9;3;3;1;0;2;36;6
2018-09;25;3;644;252;102;14;88;23;16;58;5;9;5;3;4;2;1;19;0
2018-09;26;3;501;156;100;38;91;14;6;27;5;8;4;4;2;0;2;22;2
2018-09;27;3;886;466;117;36;193;49;22;168;40;9;4;1;7;3;3;38;5
2018-09;28;3;463;144;94;21;80;16;8;41;5;14;0;0;2;0;3;37;2
2018-09;29;3;1017;438;227;44;254;61;33;112;21;37;3;2;2;1;6;55;7
2018-09;30;3;622;273;75;19;156;38;11;70;11;15;7;6;2;0;5;42;3
2018-09;31;3;596;265;52;16;147;33;11;75;11;3;7;5;6;2;2;23;4
2018-09;32;3;1149;268;253;58;171;35;30;41;12;15;10;7;1;3;20;131;14
2018-09;33;3;1131;455;183;59;220;76;12;137;35;20;2;1;3;0;6;75;5
2018-09;34;3;1764;712;229;101;378;114;31;170;25;26;7;5;8;1;6;91;8
2018-09;35;3;1463;363;272;72;227;45;8;85;60;29;4;3;7;1;18;174;19
2018-09;36;3;769;147;114;45;98;10;12;27;14;15;6;6;2;0;9;113;6
2018-09;37;3;674;128;117;46;77;11;3;21;23;14;4;4;3;0;6;66;0
2018-09;38;3;761;319;105;27;157;28;15;88;33;10;2;2;10;0;4;63;3
2018-09;39;3;1063;474;79;15;134;37;19;242;17;6;13;4;6;9;5;17;5
2018-09;40;3;629;367;51;19;164;39;16;149;17;5;7;4;3;2;0;25;3
2018-09;41;3;496;150;110;20;94;20;11;32;4;10;1;1;2;0;2;43;2
2018-09;42;3;624;99;193;48;64;9;5;13;19;22;0;0;4;0;1;43;1
2018-09;43;3;513;61;94;12;49;13;8;7;19;16;4;4;1;0;8;92;5
2018-09;44;3;488;197;85;13;101;23;16;41;15;10;3;2;0;1;9;23;3
2018-09;45;3;23;5;1;0;4;0;1;0;0;1;0;0;0;0;0;2;1
2018-10;1;3;557;128;208;72;107;14;13;2;2;26;0;0;0;0;0;9;0
2018-10;4;3;645;156;228;18;129;23;18;6;6;39;5;4;6;1;0;20;2
2018-10;5;3;978;227;318;63;165;31;8;9;10;70;0;0;1;0;1;22;2
2018-10;6;3;657;178;148;22;124;19;43;25;6;25;2;2;2;0;2;25;2
2018-10;7;3;185;86;18;3;40;3;3;17;2;3;2;0;9;2;1;11;0
2018-10;9;3;812;181;228;64;125;42;2;31;11;47;0;0;1;0;3;53;3
2018-10;10;3;636;156;203;63;93;17;8;27;5;33;0;0;27;0;0;23;4
2018-10;11;3;118;2;14;2;1;0;0;0;4;2;0;0;1;0;1;9;3
2018-10;12;3;871;107;379;78;66;20;7;0;5;42;0;0;22;0;1;30;5
2018-10;13;3;413;51;180;38;25;6;1;2;4;15;1;1;0;0;0;11;0
2018-10;14;3;483;53;177;61;31;10;1;4;4;27;1;1;0;0;1;17;0
2018-10;15;3;283;52;77;26;26;3;0;12;4;2;1;1;0;0;0;18;1
2018-10;16;3;1049;188;325;108;140;31;21;18;29;49;2;1;6;1;1;59;4
2018-10;17;3;878;369;193;28;278;24;130;33;20;15;1;1;22;0;5;28;3
2018-10;18;3;772;233;269;33;171;26;53;36;7;37;0;0;0;0;1;20;2
2018-10;19;3;644;141;219;40;101;22;9;10;8;31;0;0;0;0;1;30;2
2018-10;20;3;573;150;165;27;108;25;9;23;8;11;2;1;6;1;1;26;0
2018-10;21;3;1416;484;234;53;302;49;95;43;16;21;3;2;8;1;9;44;14
2018-10;22;3;811;281;163;36;187;32;42;27;42;10;9;2;7;7;1;41;5
2018-10;23;3;564;190;187;23;122;35;6;33;22;13;1;1;2;0;0;32;5
2018-10;24;3;586;251;99;14;146;27;11;39;10;9;4;4;0;0;6;35;6
2018-10;25;3;600;232;105;16;115;27;23;59;4;7;5;3;0;2;2;21;1
2018-10;26;3;542;151;121;24;99;22;8;25;6;16;2;2;0;0;1;25;3
2018-10;27;3;1012;504;161;26;254;61;38;153;42;20;6;5;11;1;1;46;3
2018-10;28;3;501;119;105;29;60;7;4;31;6;13;2;2;3;0;3;36;5
2018-10;29;3;1147;521;239;46;339;89;64;115;20;30;7;6;0;1;6;37;6
2018-10;30;3;570;216;66;20;115;32;7;72;15;10;3;1;2;1;1;54;1
2018-10;31;3;787;332;80;27;159;45;13;114;24;8;6;4;1;2;4;37;4
2018-10;32;3;1258;263;274;81;179;36;25;35;9;15;10;7;3;3;15;121;14
2018-10;33;3;939;414;102;49;184;52;9;149;24;10;7;7;1;0;11;58;5
2018-10;34;3;1927;839;249;98;480;138;27;187;37;29;12;5;11;7;5;94;6
2018-10;35;3;1429;388;280;80;220;59;13;107;56;45;7;4;9;3;11;152;13
2018-10;36;3;881;170;119;42;111;31;9;15;8;9;10;5;3;5;8;145;10
2018-10;37;3;689;114;185;39;84;15;13;7;30;24;2;2;2;0;10;38;5
2018-10;38;3;860;431;90;26;264;45;47;98;21;11;10;9;1;0;3;51;10
2018-10;39;3;1331;704;100;21;218;59;46;271;22;6;15;9;5;6;2;20;7
2018-10;40;3;648;385;57;10;155;33;25;150;18;1;4;3;5;1;3;29;3
2018-10;41;3;658;174;154;42;111;24;6;25;1;8;0;0;2;0;8;64;1
2018-10;42;3;673;128;180;41;75;27;11;35;11;22;2;2;6;0;4;50;7
2018-10;43;3;514;61;83;23;50;12;10;2;9;18;0;0;2;0;13;92;14
2018-10;44;3;505;206;96;18;100;18;9;55;17;7;3;3;3;0;2;24;2
2018-10;45;3;23;1;5;4;1;0;0;0;1;0;1;0;0;1;0;0;0
2018-11;1;3;641;165;241;73;145;32;7;2;2;40;0;0;0;0;1;12;0
2018-11;4;3;640;151;249;7;127;20;24;8;6;45;3;1;3;1;3;18;0
2018-11;5;3;1122;313;382;47;222;36;11;15;7;45;5;3;0;2;0;32;1
2018-11;6;3;580;170;127;29;114;19;37;19;2;25;4;1;4;3;2;12;1
2018-11;7;3;232;111;36;2;58;10;11;15;0;13;1;1;0;0;0;12;1
2018-11;9;3;723;156;200;65;99;34;3;35;4;37;0;0;0;0;1;32;3
2018-11;10;3;719;150;269;72;101;19;9;17;10;49;0;0;8;0;11;18;1
2018-11;11;3;125;5;20;11;5;2;1;0;0;3;0;0;2;0;0;8;0
2018-11;12;3;755;81;347;64;41;8;4;3;6;42;1;0;6;1;0;14;0
2018-11;13;3;369;35;142;47;21;3;1;1;2;11;0;0;2;0;0;9;2
2018-11;14;3;572;86;227;78;56;14;5;3;3;20;0;0;0;0;0;15;0
2018-11;15;3;253;38;74;20;22;4;2;6;2;4;0;0;2;0;0;12;2
2018-11;16;3;1051;160;364;93;99;24;8;17;39;45;1;1;3;0;4;46;3
2018-11;17;3;881;331;244;17;236;30;107;34;21;37;0;0;11;0;4;21;0
2018-11;18;3;716;215;229;31;140;39;34;36;8;25;0;0;0;0;0;34;1
2018-11;19;3;798;205;299;60;150;63;11;23;6;51;2;2;5;0;4;30;3
2018-11;20;3;526;153;120;36;108;51;6;19;5;9;3;3;4;0;0;39;3
2018-11;21;3;1624;617;271;57;344;59;117;64;25;20;19;11;8;7;8;40;11
2018-11;22;3;865;365;156;35;193;48;30;60;30;13;2;1;9;1;3;41;8
2018-11;23;3;404;128;109;22;67;17;2;28;19;14;3;3;3;0;2;20;1
2018-11;24;3;572;243;81;13;141;17;10;33;10;11;3;3;2;0;1;56;5
2018-11;25;3;625;241;111;13;78;17;14;78;4;13;6;2;12;4;0;34;2
2018-11;26;3;515;149;99;26;78;11;6;44;6;11;6;1;8;5;1;23;3
2018-11;27;3;833;450;133;38;187;48;19;198;49;16;4;4;7;0;0;28;3
2018-11;28;3;525;118;100;21;65;14;4;37;7;17;4;4;0;0;1;31;3
2018-11;29;3;1154;505;263;46;357;79;56;69;32;42;4;4;0;0;0;52;11
2018-11;30;3;613;237;97;16;125;27;8;68;12;15;7;5;0;1;2;30;2
2018-11;31;3;915;440;85;23;230;48;8;123;11;9;3;3;8;0;1;21;10
2018-11;32;3;1472;343;410;71;206;58;47;54;10;30;7;5;13;2;6;156;12
2018-11;33;3;961;406;142;37;207;61;8;106;38;13;8;6;1;2;4;76;8
2018-11;34;3;1773;764;229;98;477;128;35;162;40;43;20;11;5;9;9;87;7
2018-11;35;3;1296;347;237;75;188;45;7;100;39;30;7;6;3;1;11;132;7
2018-11;36;3;997;187;175;39;140;22;14;23;24;30;3;3;3;0;14;126;14
2018-11;37;3;700;113;173;39;74;11;12;11;27;7;8;3;3;5;6;54;3
2018-11;38;3;827;390;76;24;192;68;26;96;26;5;8;4;0;0;2;59;9
2018-11;39;3;1060;557;81;18;214;35;54;193;18;8;8;4;6;4;3;22;5
2018-11;40;3;552;309;56;15;140;25;17;117;16;5;3;3;8;0;2;29;5
2018-11;41;3;570;179;117;37;101;24;6;44;1;8;1;1;2;0;2;47;2
2018-11;42;3;704;119;233;42;65;17;9;22;19;28;2;2;2;0;4;50;4
2018-11;43;3;502;57;80;13;44;13;2;5;13;14;3;2;0;1;7;86;13
2018-11;44;3;482;196;76;10;98;30;7;50;12;8;3;1;5;2;2;20;0
2018-11;45;3;19;2;0;0;2;0;0;0;0;0;0;0;2;0;2;5;1
2018-12;1;3;686;180;275;90;158;24;11;4;2;34;0;0;0;0;0;9;0
2018-12;4;3;576;158;223;8;122;20;18;12;4;44;1;1;2;0;0;16;0
2018-12;5;3;1024;279;316;53;219;53;12;11;5;48;1;1;2;0;2;31;0
2018-12;6;3;538;150;126;19;102;13;37;25;11;27;1;0;3;1;1;26;1
2018-12;7;3;203;104;41;5;47;5;6;22;3;3;1;0;0;1;0;6;2
2018-12;9;3;728;164;182;53;114;33;9;17;3;42;0;0;0;0;3;23;5
2018-12;10;3;705;167;251;58;112;29;14;14;6;34;3;2;20;1;1;26;1
2018-12;11;3;99;4;16;4;3;0;0;0;2;3;0;0;0;0;3;8;0
2018-12;12;3;923;113;414;93;64;20;6;1;2;27;0;0;3;0;1;25;1
2018-12;13;3;382;46;181;32;26;11;0;2;0;16;0;0;0;0;1;13;1
2018-12;14;3;706;97;303;68;70;19;1;5;5;22;1;1;1;0;0;14;1
2018-12;15;3;262;40;65;20;25;3;5;6;0;5;1;0;5;0;1;17;1
2018-12;16;3;1027;150;310;108;99;23;14;19;35;49;1;1;11;0;4;57;4
2018-12;17;3;766;313;185;21;210;17;75;36;12;23;1;1;3;0;2;27;4
2018-12;18;3;617;180;211;36;107;22;15;30;3;30;2;1;0;0;0;20;2
2018-12;19;3;686;169;223;47;138;56;6;10;6;27;1;0;10;1;2;24;2
2018-12;20;3;580;157;149;30;95;27;7;31;5;17;0;0;3;0;3;24;1
2018-12;21;3;1276;505;161;42;265;66;66;52;12;16;2;1;0;0;7;37;14
2018-12;22;3;842;369;133;25;216;54;48;51;24;11;8;6;2;1;1;34;6
2018-12;23;3;602;163;214;19;95;16;7;30;11;15;1;1;0;0;2;19;3
2018-12;24;3;502;172;107;14;90;13;4;34;9;10;0;0;2;0;2;41;6
2018-12;25;3;653;236;110;9;92;20;15;66;1;10;10;7;14;2;0;28;2
2018-12;26;3;518;132;100;20;68;12;0;31;5;13;3;1;0;1;6;31;2
2018-12;27;3;808;419;132;24;198;52;47;153;50;14;3;3;5;0;4;41;3
2018-12;28;3;533;120;85;18;74;17;3;26;4;15;3;1;1;2;0;38;3
2018-12;29;3;1226;475;326;56;307;72;46;91;25;59;9;6;7;3;2;54;6
2018-12;30;3;548;184;94;24;109;26;4;44;10;15;3;2;5;1;0;35;3
2018-12;31;3;779;321;74;15;137;37;9;106;13;10;5;5;5;0;1;42;2
2018-12;32;3;1461;349;343;94;204;40;25;58;13;35;14;8;8;6;14;130;16
2018-12;33;3;910;376;137;45;188;47;8;110;30;11;7;6;7;1;3;56;7
2018-12;34;3;1614;698;218;86;437;104;33;126;26;26;16;8;2;6;9;82;6
2018-12;35;3;1241;356;209;65;175;39;12;128;39;26;5;5;1;0;18;147;11
2018-12;36;3;979;143;149;35;116;16;8;13;14;29;3;3;3;0;10;137;20
2018-12;37;3;673;94;171;45;65;9;3;11;23;13;2;2;0;0;6;41;4
2018-12;38;3;741;340;80;25;136;43;23;109;20;9;3;1;9;2;4;40;5
2018-12;39;3;872;366;87;19;142;22;37;145;30;6;13;7;4;6;6;32;5
2018-12;40;3;618;332;75;21;176;26;21;86;24;4;2;1;0;1;0;34;2
2018-12;41;3;555;141;114;37;75;8;7;30;2;8;1;1;1;0;4;38;0
2018-12;42;3;806;114;307;43;80;18;6;10;35;46;4;4;1;0;5;78;4
2018-12;43;3;537;54;109;11;43;13;6;4;18;24;0;0;0;0;11;102;4
2018-12;44;3;472;229;77;15;110;24;10;55;11;8;5;2;0;3;5;24;2
2018-12;45;3;15;3;1;1;2;2;0;0;0;0;0;0;3;0;1;2;1
2019-01;1;3;572;145;252;47;129;20;12;2;2;47;0;0;0;0;1;11;1
2019-01;4;3;625;137;246;11;117;21;21;9;6;48;1;1;0;0;1;12;2
2019-01;5;3;1095;266;351;60;196;38;27;14;6;50;0;0;0;0;2;29;3
2019-01;6;3;575;179;112;34;132;16;53;18;9;16;3;3;2;0;1;33;3
2019-01;7;3;147;48;31;6;31;4;3;5;2;2;2;1;4;1;0;9;0
2019-01;9;3;810;188;203;85;126;24;3;19;8;30;0;0;0;0;0;45;4
2019-01;10;3;682;185;210;67;125;34;10;17;7;48;0;0;22;0;0;26;3
2019-01;11;3;136;7;16;8;4;0;0;0;1;2;3;2;13;1;1;11;3
2019-01;12;3;1629;241;896;95;173;56;7;1;6;122;2;1;15;1;0;22;7
2019-01;13;3;538;89;231;38;63;18;3;3;1;33;2;2;1;0;0;14;4
2019-01;14;3;1185;192;540;90;148;45;4;5;2;50;1;0;0;0;1;35;5
2019-01;15;3;299;46;95;19;32;6;3;6;0;11;0;0;2;0;0;14;1
2019-01;16;3;1148;184;395;103;127;27;18;17;57;56;0;0;3;0;7;75;4
2019-01;17;3;842;357;195;17;245;18;112;37;13;16;2;2;5;0;2;36;0
2019-01;18;3;553;149;183;45;91;20;11;27;8;19;0;0;0;0;0;11;1
2019-01;19;3;692;106;193;43;70;14;8;11;2;16;1;0;2;1;3;38;4
2019-01;20;3;564;120;175;30;62;7;3;18;6;14;2;2;9;0;1;27;1
2019-01;21;3;1514;549;230;58;315;71;109;75;9;28;10;10;9;0;7;59;6
2019-01;22;3;794;277;145;30;160;20;23;40;31;9;1;1;4;0;2;32;9
2019-01;23;3;547;139;193;23;83;22;7;25;12;15;2;1;5;1;0;28;3
2019-01;24;3;604;226;101;20;137;26;5;35;7;11;7;3;3;4;1;46;6
2019-01;25;3;589;195;128;14;105;24;14;39;5;13;4;2;5;2;2;33;2
2019-01;26;3;544;141;125;28;88;16;1;9;3;11;3;1;0;2;1;35;1
2019-01;27;3;894;454;128;35;189;54;25;186;26;11;3;1;1;2;3;42;3
2019-01;28;3;548;123;110;27;79;13;9;28;8;17;4;1;10;3;4;51;6
2019-01;29;3;1146;480;248;46;302;56;55;102;32;32;5;3;6;2;0;47;7
2019-01;30;3;625;231;91;21;163;41;8;37;21;7;2;2;4;0;3;55;2
2019-01;31;3;787;351;70;30;199;36;19;100;17;9;3;2;0;1;1;44;4
2019-01;32;3;1517;279;333;111;175;32;25;36;17;37;7;7;15;0;16;194;18
2019-01;33;3;1113;476;174;35;272;76;11;124;36;16;6;2;4;4;9;91;11
2019-01;34;3;2023;823;263;107;567;141;36;152;34;36;19;8;14;9;13;117;12
2019-01;35;3;1529;391;293;102;211;55;6;115;53;35;5;5;12;0;16;175;7
2019-01;36;3;1054;169;163;60;133;39;8;17;22;31;2;1;7;1;6;131;18
2019-01;37;3;734;137;199;29;92;24;4;8;26;21;4;4;3;0;4;49;2
2019-01;38;3;821;331;101;18;157;58;14;91;22;8;6;2;2;4;5;56;11
2019-01;39;3;1045;408;112;29;212;49;32;105;30;12;15;7;4;8;3;38;6
2019-01;40;3;737;421;64;20;213;47;38;131;16;5;3;2;0;1;1;51;2
2019-01;41;3;545;123;124;40;77;13;3;14;8;12;2;1;2;1;2;49;3
2019-01;42;3;781;129;233;39;63;20;7;32;50;34;2;2;2;0;7;101;6
2019-01;43;3;575;76;87;18;48;21;3;9;15;16;2;1;1;0;10;125;7
2019-01;44;3;535;238;97;16;155;38;19;39;9;13;7;2;5;5;3;26;3
2019-02;1;3;733;161;320;56;152;31;15;1;6;74;0;0;0;0;1;9;0
2019-02;4;3;558;153;180;21;123;20;38;11;5;35;2;1;3;1;3;12;1
2019-02;5;3;1331;417;466;55;357;56;69;6;6;72;0;0;0;0;4;35;1
2019-02;6;3;617;206;137;30;153;15;70;28;16;16;12;0;1;12;0;28;1
2019-02;7;3;165;38;42;6;21;4;3;3;5;7;5;3;5;2;0;8;0
2019-02;9;3;862;185;307;76;142;38;4;21;7;93;0;0;0;0;2;24;3
2019-02;10;3;664;168;224;60;116;36;3;12;4;41;0;0;3;0;3;20;0
2019-02;11;3;135;6;24;6;4;0;2;0;0;4;1;1;0;0;2;12;3
2019-02;12;3;957;131;448;71;106;24;15;0;3;66;1;0;6;1;4;39;3
2019-02;13;3;443;74;182;56;54;11;9;1;3;22;2;1;0;1;0;15;0
2019-02;14;3;1119;204;521;102;169;65;13;4;0;122;2;1;2;0;1;31;1
2019-02;15;3;388;42;161;29;29;5;4;3;3;34;1;1;0;0;3;17;0
2019-02;16;3;1286;236;455;126;168;49;28;17;52;90;1;1;2;0;2;56;2
2019-02;17;3;779;291;193;21;191;32;72;31;15;22;2;2;3;0;1;21;3
2019-02;18;3;737;188;271;55;121;25;16;32;5;30;0;0;0;0;0;13;3
2019-02;19;3;689;99;214;54;56;11;4;15;5;15;2;1;0;0;2;34;6
2019-02;20;3;617;152;168;48;92;24;3;22;11;13;0;0;10;0;1;36;2
2019-02;21;3;1428;547;211;46;337;61;138;61;12;20;9;4;24;5;2;24;6
2019-02;22;3;706;266;122;24;158;21;44;34;25;5;5;2;17;3;2;26;8
2019-02;23;3;564;168;176;37;93;32;1;30;12;11;0;0;0;0;0;21;3
2019-02;24;3;597;246;106;23;141;35;8;36;8;9;2;1;4;1;1;37;2
2019-02;25;3;450;171;94;8;90;15;22;34;4;12;6;4;5;2;0;22;0
2019-02;26;3;660;209;140;31;96;15;8;50;4;11;1;1;3;0;1;27;2
2019-02;27;3;1381;507;210;33;254;46;52;193;46;14;9;5;2;4;2;49;2
2019-02;28;3;483;118;108;19;72;12;2;22;7;10;1;1;0;0;3;35;5
2019-02;29;3;1025;393;245;41;243;48;41;83;27;31;3;1;3;0;6;37;4
2019-02;30;3;541;185;72;21;119;28;8;32;16;6;4;1;1;2;4;44;1
2019-02;31;3;785;385;87;22;240;36;28;96;13;14;6;5;2;1;0;46;6
2019-02;32;3;1440;251;414;109;165;28;35;30;13;39;8;5;13;3;8;155;12
2019-02;33;3;1040;424;149;77;239;53;8;107;35;21;5;3;5;2;7;58;8
2019-02;34;3;1695;640;220;71;361;91;14;171;41;19;21;12;4;9;12;82;5
2019-02;35;3;1325;330;228;89;191;53;9;91;43;21;9;9;3;0;28;163;10
2019-02;36;3;851;135;173;28;85;18;7;10;23;19;2;2;2;0;8;94;12
2019-02;37;3;688;130;145;44;103;14;7;6;22;11;2;0;6;2;4;33;1
2019-02;38;3;739;309;81;17;154;38;29;86;18;8;6;1;2;4;3;56;3
2019-02;39;3;1081;434;98;33;207;36;43;150;22;12;12;5;1;7;3;46;12
2019-02;40;3;707;396;72;24;231;34;46;107;11;4;2;2;4;0;2;32;3
2019-02;41;3;484;128;97;35;79;13;11;22;2;9;1;1;1;0;6;42;1
2019-02;42;3;745;83;187;73;54;17;3;9;23;24;1;1;1;0;4;87;5
2019-02;43;3;446;64;82;12;49;13;1;7;11;17;2;2;2;0;5;69;7
2019-02;44;3;546;266;81;14;152;35;16;67;15;10;3;2;1;1;1;20;4
2019-03;1;3;1040;229;615;43;213;53;18;2;4;84;1;0;0;0;1;10;1
2019-03;4;3;532;146;189;7;119;18;28;8;3;27;3;2;8;1;0;15;3
2019-03;5;3;1875;523;853;61;440;96;34;2;4;187;3;3;1;0;2;22;1
2019-03;6;3;679;150;136;24;116;15;31;16;12;18;4;3;8;1;0;24;5
2019-03;7;3;212;53;84;4;29;8;1;1;3;15;1;1;3;0;1;6;0
2019-03;9;3;998;212;439;59;170;49;8;15;11;106;0;0;3;0;3;23;2
2019-03;10;3;941;234;380;75;167;61;10;17;4;91;2;1;30;1;3;20;0
2019-03;11;3;149;5;21;6;3;1;1;2;3;6;2;1;4;1;1;10;3
2019-03;12;3;961;125;388;100;88;16;4;1;0;51;0;0;13;0;4;30;1
2019-03;13;3;474;67;202;58;54;12;1;0;0;21;1;0;0;0;0;18;0
2019-03;14;3;1225;224;597;70;189;47;4;2;3;108;1;1;1;0;1;32;3
2019-03;15;3;526;58;228;32;35;9;10;8;2;45;3;1;2;2;1;20;1
2019-03;16;3;1301;254;424;97;175;38;28;26;60;55;1;1;0;0;3;68;6
2019-03;17;3;664;197;158;19;144;12;59;9;14;18;0;0;4;0;2;21;3
2019-03;18;3;665;155;248;39;103;23;15;26;10;30;1;0;0;1;1;24;1
2019-03;19;3;702;115;202;46;81;15;10;11;5;9;1;1;8;0;2;35;0
2019-03;20;3;892;213;278;60;133;18;9;30;8;18;1;1;6;0;2;45;2
2019-03;21;3;1401;533;225;38;361;58;159;51;11;23;9;6;5;3;9;38;8
2019-03;22;3;838;301;150;30;185;26;52;45;16;7;11;2;13;8;5;56;6
2019-03;23;3;570;175;172;28;102;25;5;34;25;9;5;2;0;3;1;32;6
2019-03;24;3;574;222;96;17;140;31;7;47;14;13;0;0;0;0;0;47;6
2019-03;25;3;517;219;98;5;99;18;20;45;3;5;0;0;0;0;1;11;4
2019-03;26;3;616;201;149;24;120;29;6;41;6;13;1;1;4;0;2;22;2
2019-03;27;3;1280;451;197;39;198;32;36;164;40;15;4;3;3;0;3;43;3
2019-03;28;3;569;127;105;29;85;13;4;18;13;15;6;3;0;3;2;36;3
2019-03;29;3;1332;491;368;70;325;79;61;67;19;47;7;3;5;3;3;61;11
2019-03;30;3;598;247;87;21;178;56;24;29;11;9;2;2;11;0;4;34;2
2019-03;31;3;752;353;81;21;218;43;35;81;16;15;2;2;0;0;1;51;4
2019-03;32;3;1575;375;345;97;258;42;64;57;11;39;11;4;3;7;6;164;14
2019-03;33;3;1104;495;166;41;283;53;25;137;34;16;11;9;10;2;10;57;9
2019-03;34;3;1743;671;264;90;344;77;10;196;38;42;22;11;15;11;8;110;4
2019-03;35;3;1371;322;264;75;177;46;12;93;61;26;2;2;12;0;15;153;14
2019-03;36;3;1033;141;213;42;87;28;15;14;20;38;1;1;2;0;13;119;9
2019-03;37;3;631;100;161;32;69;13;3;11;17;11;8;4;2;4;6;38;4
2019-03;38;3;819;358;85;28;172;32;30;104;24;4;10;5;11;4;5;56;4
2019-03;39;3;1244;563;86;26;227;31;56;196;20;5;12;8;9;4;3;34;6
2019-03;40;3;774;461;69;15;237;33;78;114;14;4;1;1;4;0;3;32;2
2019-03;41;3;556;152;141;33;99;19;7;27;4;9;2;2;8;0;6;34;4
2019-03;42;3;1068;121;346;84;83;17;9;15;24;34;1;1;0;0;7;122;1
2019-03;43;3;518;90;92;15;69;15;11;12;21;18;1;1;2;0;5;88;4
2019-03;44;3;671;284;119;24;155;43;15;51;6;12;5;2;3;3;0;40;6
2019-04;1;3;755;152;256;88;134;20;17;1;5;25;1;1;0;0;2;11;0
2019-04;4;3;590;151;197;15;112;10;43;8;1;22;1;0;0;1;0;15;3
2019-04;5;3;991;221;321;48;160;26;29;5;3;27;3;3;0;0;0;30;4
2019-04;6;3;616;158;106;29;110;17;33;16;11;16;2;1;2;0;0;21;0
2019-04;7;3;119;27;24;7;18;2;1;0;5;0;0;0;0;0;0;11;0
2019-04;9;3;705;179;193;69;112;24;23;34;8;28;5;1;2;4;1;38;1
2019-04;10;3;753;205;222;87;128;44;9;19;8;33;0;0;0;0;2;35;3
2019-04;11;3;134;2;16;9;1;0;1;0;1;4;0;0;1;0;0;14;3
2019-04;12;3;782;90;314;65;74;14;4;0;3;30;1;0;0;1;0;33;4
2019-04;13;3;450;69;187;51;50;8;2;1;2;15;0;0;0;0;1;12;1
2019-04;14;3;900;158;352;75;137;44;5;2;5;61;0;0;3;0;0;27;4
2019-04;15;3;378;39;85;24;21;4;2;8;4;11;1;1;2;0;2;28;1
2019-04;16;3;1127;213;334;96;150;29;28;19;39;39;15;15;1;0;6;70;6
2019-04;17;3;776;231;183;22;162;21;53;25;13;22;1;0;1;1;3;22;2
2019-04;18;3;804;210;319;47;139;31;16;37;7;56;0;0;0;0;1;18;4
2019-04;19;3;736;144;189;60;100;23;11;18;5;22;1;0;10;1;3;30;1
2019-04;20;3;647;148;196;46;81;16;4;37;12;7;1;0;5;1;0;31;6
2019-04;21;3;1506;549;205;53;401;36;189;53;8;17;3;3;6;0;11;36;7
2019-04;22;3;767;309;124;29;208;27;85;36;20;4;4;1;2;3;2;34;4
2019-04;23;3;520;163;131;34;110;39;2;26;11;10;1;1;0;0;0;27;2
2019-04;24;3;504;196;83;21;132;34;7;28;10;8;4;2;6;2;2;29;3
2019-04;25;3;587;240;111;14;115;28;24;44;2;9;6;2;6;4;1;25;5
2019-04;26;3;561;133;164;44;75;14;6;21;10;13;3;3;1;0;0;31;2
2019-04;27;3;1177;450;166;57;233;45;26;139;23;12;5;2;3;3;11;46;2
2019-04;28;3;485;104;117;25;66;14;2;19;8;15;7;6;10;1;1;40;3
2019-04;29;3;1263;473;327;64;310;83;51;69;13;43;5;2;0;1;4;39;7
2019-04;30;3;612;266;77;20;170;41;16;47;14;5;5;5;2;0;0;42;2
2019-04;31;3;722;329;83;16;197;33;32;73;20;13;3;2;5;1;0;31;2
2019-04;32;3;1418;314;294;78;186;21;35;53;18;43;9;5;8;4;11;145;12
2019-04;33;3;1188;536;173;62;324;108;16;96;36;22;6;3;5;3;12;69;6
2019-04;34;3;1688;702;181;95;416;76;48;162;30;27;15;8;9;6;7;79;6
2019-04;35;3;1478;347;246;82;192;49;13;88;56;32;9;7;11;2;13;166;17
2019-04;36;3;864;110;137;65;54;20;7;17;15;23;4;4;2;0;8;117;7
2019-04;37;3;650;86;157;28;63;11;6;7;18;6;2;2;4;0;1;46;1
2019-04;38;3;815;366;90;30;197;48;33;68;24;6;1;1;3;0;9;51;3
2019-04;39;3;1147;593;86;23;267;64;52;183;17;5;17;10;8;6;3;33;5
2019-04;40;3;752;416;110;14;210;35;50;124;12;9;5;5;5;0;7;39;2
2019-04;41;3;482;101;103;35;64;11;8;15;5;10;5;3;2;2;4;44;2
2019-04;42;3;832;123;248;56;86;11;17;14;29;30;1;1;3;0;4;88;4
2019-04;43;3;429;76;77;13;65;12;14;6;16;7;4;4;1;0;7;71;4
2019-04;44;3;544;247;65;13;149;28;26;53;5;6;8;4;6;4;3;19;2
2019-05;1;3;566;102;192;69;84;14;12;0;5;23;1;1;0;0;0;12;0
2019-05;4;3;625;159;221;10;128;17;49;6;10;32;1;1;4;0;0;10;2
2019-05;5;3;1021;188;367;53;149;26;11;2;4;66;0;0;0;0;3;26;3
2019-05;6;3;505;131;81;25;99;14;45;18;10;13;5;5;2;0;5;28;5
2019-05;7;3;132;36;29;7;23;2;4;4;11;0;1;1;2;0;0;7;0
2019-05;9;3;620;134;184;65;88;21;12;14;6;25;1;1;0;0;2;35;4
2019-05;10;3;776;189;230;98;153;42;23;2;10;34;2;2;0;0;1;26;2
2019-05;11;3;132;3;19;8;2;1;0;0;0;2;2;1;8;1;1;7;1
2019-05;12;3;763;85;305;73;53;9;2;2;2;46;0;0;6;0;1;22;2
2019-05;13;3;422;62;202;33;48;16;4;2;5;18;0;0;0;0;0;13;0
2019-05;14;3;818;98;317;102;77;10;5;1;5;29;0;0;0;0;1;20;3
2019-05;15;3;322;40;82;44;24;5;2;1;4;11;3;0;0;3;0;15;0
2019-05;16;3;1213;233;383;123;165;27;27;28;42;66;2;2;6;0;4;53;6
2019-05;17;3;698;182;194;19;132;16;47;21;24;18;4;2;2;2;4;36;1
2019-05;18;3;811;235;285;38;155;33;29;35;7;36;1;0;3;0;1;20;2
2019-05;19;3;749;125;237;67;84;21;11;16;6;32;13;2;24;11;5;28;3
2019-05;20;3;729;192;216;60;123;29;6;28;11;18;1;0;0;1;0;31;2
2019-05;21;3;1622;594;258;43;401;56;184;62;13;21;13;5;2;8;8;34;13
2019-05;22;3;821;303;166;30;198;32;68;49;31;11;11;3;7;8;2;51;9
2019-05;23;3;580;232;142;32;142;45;9;37;14;13;1;1;1;0;2;15;2
2019-05;24;3;537;207;103;22;119;34;7;40;14;4;5;4;3;1;1;56;2
2019-05;25;3;592;249;125;8;109;21;30;43;8;10;2;0;4;2;2;9;3
2019-05;26;3;627;148;189;32;84;21;4;33;7;14;6;4;6;2;0;27;1
2019-05;27;3;1194;431;185;50;209;43;31;144;41;9;7;4;0;3;11;45;2
2019-05;28;3;499;99;89;19;64;23;6;22;11;14;1;0;0;1;3;48;6
2019-05;29;3;1434;569;408;66;365;100;44;79;21;74;8;6;5;2;6;40;8
2019-05;30;3;741;305;90;31;208;58;23;41;23;8;3;2;1;0;2;55;2
2019-05;31;3;779;338;75;41;177;43;18;100;21;8;7;2;9;4;0;42;1
2019-05;32;3;1476;318;335;76;205;28;20;41;17;29;9;8;4;1;12;137;7
2019-05;33;3;1119;532;168;57;334;107;33;97;30;14;11;6;8;5;3;48;10
2019-05;34;3;1614;576;225;96;380;81;39;112;41;16;18;10;13;8;5;78;11
2019-05;35;3;1653;409;403;104;248;43;26;82;69;41;1;1;4;0;15;126;16
2019-05;36;3;1015;159;178;86;97;20;17;22;25;22;5;4;4;0;14;139;14
2019-05;37;3;665;101;155;30;61;8;9;9;22;11;10;8;7;2;2;43;2
2019-05;38;3;743;304;103;20;156;39;23;62;29;6;5;2;0;3;5;55;5
2019-05;39;3;1295;561;117;28;269;61;66;175;11;11;9;7;8;2;3;21;4
2019-05;40;3;735;407;76;23;216;30;41;118;16;7;5;2;0;3;0;28;2
2019-05;41;3;527;91;98;40;61;11;8;7;2;8;2;2;0;0;4;68;4
2019-05;42;3;825;129;237;74;88;28;11;26;32;34;3;2;2;0;3;77;4
2019-05;43;3;525;82;86;22;65;16;13;10;8;18;1;1;1;0;14;81;7
2019-05;44;3;558;232;109;15;150;40;19;44;4;10;7;2;6;5;5;14;2
2019-06;1;3;612;101;165;75;83;23;10;1;2;25;0;0;0;0;1;10;0
2019-06;4;3;536;107;201;12;81;13;16;12;3;40;3;3;0;0;3;8;1
2019-06;5;3;914;146;360;39;123;26;15;1;4;43;4;1;11;3;1;23;0
2019-06;6;3;481;137;92;25;102;13;30;12;8;12;1;1;0;0;0;19;3
2019-06;7;3;118;27;26;7;20;1;2;3;3;1;3;1;2;2;1;1;0
2019-06;9;3;654;123;194;87;86;22;14;10;8;27;0;0;0;0;0;32;0
2019-06;10;3;720;124;260;96;89;24;6;7;7;37;0;0;0;0;0;19;0
2019-06;11;3;127;1;17;1;1;0;0;0;1;5;1;1;2;0;1;11;1
2019-06;12;3;813;68;354;60;52;11;3;0;1;34;0;0;2;0;2;20;2
2019-06;13;3;379;33;169;42;22;6;1;0;1;19;0;0;2;0;0;13;2
2019-06;14;3;657;77;269;70;56;10;1;2;2;43;0;0;0;0;2;13;0
2019-06;15;3;305;35;100;26;23;3;0;5;2;9;2;1;1;1;3;16;2
2019-06;16;3;1004;164;307;82;122;26;25;12;26;51;0;0;0;0;4;62;4
2019-06;17;3;627;179;164;18;119;25;28;28;8;18;2;2;1;0;6;30;1
2019-06;18;3;729;236;246;39;161;34;32;25;2;34;1;0;0;0;0;17;2
2019-06;19;3;650;104;199;49;62;14;7;18;7;30;0;0;4;0;1;32;5
2019-06;20;3;658;154;213;42;93;21;9;26;6;10;0;0;0;0;3;35;4
2019-06;21;3;1384;437;198;33;285;47;121;42;10;19;11;8;2;3;2;38;14
2019-06;22;3;749;258;123;27;162;32;39;45;20;11;13;10;25;3;2;41;7
2019-06;23;3;496;194;125;31;128;40;5;26;11;16;1;0;0;1;0;19;2
2019-06;24;3;495;231;76;14;137;23;6;40;6;7;0;0;0;0;2;32;1
2019-06;25;3;484;154;131;12;83;16;19;23;6;9;2;2;2;0;1;21;1
2019-06;26;3;528;142;159;42;87;25;4;19;7;14;1;1;1;0;0;17;4
2019-06;27;3;1058;373;160;48;183;33;48;105;35;11;5;5;2;0;1;48;4
2019-06;28;3;398;77;69;21;56;18;1;11;9;4;4;3;0;0;4;33;3
2019-06;29;3;1179;449;291;58;294;96;40;64;24;47;6;2;10;4;3;42;3
2019-06;30;3;637;238;100;31;162;36;20;38;19;9;2;1;0;1;4;45;1
2019-06;31;3;688;315;87;27;166;45;10;100;20;9;9;3;4;6;1;29;2
2019-06;32;3;1413;283;295;80;185;36;22;35;10;23;7;5;6;1;10;128;15
2019-06;33;3;971;394;169;66;242;94;17;68;43;24;11;5;1;6;7;50;5
2019-06;34;3;1453;503;236;80;321;66;24;112;48;27;18;7;5;11;4;60;7
2019-06;35;3;1394;293;341;89;161;35;6;63;60;46;3;2;2;1;14;150;17
2019-06;36;3;727;67;139;62;32;5;11;12;22;27;1;1;4;0;11;94;13
2019-06;37;3;594;101;131;37;75;9;3;10;14;7;13;6;3;7;7;38;2
2019-06;38;3;679;285;77;34;151;32;24;49;8;11;7;3;12;4;4;47;2
2019-06;39;3;1101;440;76;26;195;47;57;133;15;4;10;4;4;5;7;31;6
2019-06;40;3;579;298;75;22;159;24;41;72;6;8;4;1;3;3;3;23;1
2019-06;41;3;415;76;91;22;47;9;2;6;6;9;0;0;1;0;2;59;2
2019-06;42;3;699;93;220;49;57;16;4;18;25;27;2;2;0;0;2;66;9
2019-06;43;3;426;54;78;19;41;16;15;9;8;10;3;2;6;0;6;71;6
2019-06;44;3;496;210;84;14;117;34;14;51;8;6;5;3;7;2;0;17;3
2019-07;1;3;624;99;231;98;87;15;9;2;2;38;0;0;0;0;0;9;0
2019-07;4;3;586;118;249;17;89;19;17;7;2;67;3;2;6;1;1;19;4
2019-07;5;3;993;166;371;62;127;22;7;4;4;52;0;0;4;0;4;36;2
2019-07;6;3;538;148;91;35;102;15;32;23;12;13;3;2;4;1;3;14;1
2019-07;7;3;126;37;25;3;26;2;0;5;4;4;9;1;8;8;0;2;1
2019-07;9;3;649;123;186;68;78;21;13;16;6;21;1;1;6;0;0;18;2
2019-07;10;3;794;171;295;91;107;31;3;15;17;36;0;0;0;0;0;18;2
2019-07;11;3;127;4;23;9;4;1;0;0;3;4;0;0;4;0;0;8;2
2019-07;12;3;872;95;346;79;73;11;3;2;2;45;1;1;3;0;0;13;1
2019-07;13;3;433;48;160;56;37;8;2;0;1;9;1;1;0;0;0;18;1
2019-07;14;3;638;59;243;76;49;10;2;1;4;32;0;0;0;0;3;17;2
2019-07;15;3;360;40;110;23;26;5;2;8;1;11;5;3;3;2;3;8;3
2019-07;16;3;1062;185;320;128;110;28;18;27;19;54;1;0;2;0;3;44;7
2019-07;17;3;618;178;157;19;118;16;27;28;15;24;2;1;1;1;0;35;3
2019-07;18;3;899;221;368;59;145;32;24;25;1;58;2;2;0;0;4;16;2
2019-07;19;3;684;112;179;72;72;16;9;12;9;20;5;2;3;3;1;26;1
2019-07;20;3;960;197;430;67;119;27;11;28;9;21;0;0;0;0;3;33;2
2019-07;21;3;1695;494;232;57;335;58;135;45;11;21;12;4;16;8;4;27;3
2019-07;22;3;773;263;137;46;173;26;53;35;13;8;11;6;6;5;3;38;12
2019-07;23;3;531;145;180;32;104;34;4;14;30;14;0;0;1;0;2;21;1
2019-07;24;3;555;213;121;16;138;33;8;25;19;6;6;3;5;3;1;35;4
2019-07;25;3;583;208;167;12;120;28;36;27;4;6;6;0;7;6;3;23;2
2019-07;26;3;593;155;153;38;96;19;5;22;12;15;4;2;3;2;0;23;1
2019-07;27;3;1083;372;172;49;194;48;33;85;21;16;7;2;3;5;1;37;4
2019-07;28;3;408;110;85;21;77;22;5;20;7;12;0;0;0;0;1;33;1
2019-07;29;3;1307;543;327;75;326;94;47;53;30;51;11;1;2;10;3;38;8
2019-07;30;3;611;200;97;27;123;24;12;25;16;7;5;4;2;1;1;40;1
2019-07;31;3;777;336;89;19;165;42;11;110;16;11;7;3;7;4;5;47;8
2019-07;32;3;1431;267;358;97;192;32;39;29;23;36;11;5;11;6;7;148;11
2019-07;33;3;1085;440;196;64;245;102;15;101;59;24;7;5;4;2;5;57;7
2019-07;34;3;1849;657;234;109;355;57;27;187;34;23;23;13;12;10;6;91;11
2019-07;35;3;1581;394;277;153;198;50;12;128;71;22;8;5;10;3;23;133;15
2019-07;36;3;676;112;106;53;79;21;19;15;20;13;6;6;0;0;8;65;6
2019-07;37;3;667;101;164;34;76;11;5;6;21;16;4;3;4;1;7;37;5
2019-07;38;3;736;254;88;32;130;30;17;55;13;8;6;4;3;2;2;68;2
2019-07;39;3;1372;444;79;24;196;56;33;141;21;5;11;5;6;6;0;35;6
2019-07;40;3;606;283;92;10;139;21;16;74;20;4;3;1;0;1;2;32;6
2019-07;41;3;489;85;104;44;61;11;9;10;6;9;1;0;1;0;1;46;2
2019-07;42;3;744;111;219;76;69;14;14;18;22;15;2;2;6;0;4;67;4
2019-07;43;3;497;81;79;12;47;18;10;18;7;14;0;0;0;0;7;83;8
2019-07;44;3;519;192;104;16;114;32;8;41;8;13;5;4;4;1;0;27;1
2019-08;1;3;607;95;146;129;79;26;3;2;2;27;0;0;1;0;0;13;1
2019-08;4;3;468;97;173;10;83;22;22;4;1;41;2;0;1;2;2;7;1
2019-08;5;3;995;169;366;49;139;19;10;7;2;71;0;0;1;0;2;35;3
2019-08;6;3;487;122;67;33;82;9;24;21;6;7;0;0;0;0;0;10;5
2019-08;7;3;140;46;16;5;26;1;0;7;3;1;0;0;0;0;0;11;0
2019-08;9;3;609;117;180;65;77;31;7;13;11;32;1;1;4;0;2;21;3
2019-08;10;3;600;142;198;77;96;29;6;9;8;36;0;0;0;0;2;20;1
2019-08;11;3;157;1;22;11;1;0;0;0;2;2;1;1;4;0;1;7;2
2019-08;12;3;793;71;320;62;48;5;4;1;4;41;0;0;2;0;1;37;1
2019-08;13;3;486;44;185;52;35;4;0;0;1;10;0;0;0;0;0;11;1
2019-08;14;3;610;62;234;61;46;8;2;1;7;20;1;0;0;0;1;17;2
2019-08;15;3;285;37;92;27;28;5;3;7;4;10;0;0;0;0;0;10;0
2019-08;16;3;1143;198;416;96;126;30;29;27;34;92;1;1;1;0;7;40;4
2019-08;17;3;704;196;188;35;132;25;29;32;11;31;5;1;8;4;3;33;0
2019-08;18;3;953;211;441;50;123;25;10;46;8;77;2;1;0;1;0;19;4
2019-08;19;3;688;107;225;57;77;19;6;9;7;23;4;2;2;2;2;20;1
2019-08;20;3;731;147;280;59;101;25;8;16;11;18;1;0;4;1;2;25;2
2019-08;21;3;1694;480;238;58;335;64;128;56;14;23;8;4;6;4;9;34;9
2019-08;22;3;766;263;149;43;176;32;53;43;18;16;7;4;13;2;8;39;10
2019-08;23;3;532;200;136;16;110;35;3;22;18;16;0;0;0;0;1;20;2
2019-08;24;3;544;228;108;13;148;34;5;37;15;15;8;4;0;4;2;28;1
2019-08;25;3;586;237;145;8;134;22;34;40;4;9;6;5;1;1;0;25;4
2019-08;26;3;670;176;171;40;110;29;6;30;6;23;1;1;2;0;1;40;4
2019-08;27;3;1063;361;180;43;192;45;30;97;36;17;6;6;0;0;5;48;8
2019-08;28;3;465;93;67;23;69;21;3;10;13;10;2;2;2;0;2;47;3
2019-08;29;3;1148;448;267;66;302;91;36;62;20;40;9;6;3;3;4;30;3
2019-08;30;3;653;199;106;32;145;34;15;26;18;10;2;2;4;0;3;44;4
2019-08;31;3;773;364;78;33;218;41;20;86;13;10;6;5;0;1;1;27;3
2019-08;32;3;1481;338;335;92;234;43;41;37;19;47;15;8;6;7;13;123;3
2019-08;33;3;1089;458;197;63;266;126;20;97;46;38;6;2;4;4;3;47;7
2019-08;34;3;1791;660;245;115;437;101;51;128;36;26;20;10;15;10;9;85;6
2019-08;35;3;1530;385;277;140;216;47;13;100;64;33;5;4;4;1;15;148;6
2019-08;36;3;1316;131;265;71;81;16;9;24;16;46;3;2;0;1;14;125;8
2019-08;37;3;756;102;194;44;63;7;7;11;28;17;6;5;3;1;6;41;5
2019-08;38;3;703;250;92;36;149;53;18;46;18;6;4;3;1;1;4;39;7
2019-08;39;3;955;382;85;12;170;37;38;130;16;6;6;4;4;2;3;24;6
2019-08;40;3;570;272;74;20;154;15;18;71;8;2;2;2;0;0;1;37;2
2019-08;41;3;445;108;83;29;78;14;15;8;2;10;0;0;0;0;1;57;2
2019-08;42;3;753;103;204;90;65;19;7;15;29;22;1;1;1;0;3;48;7
2019-08;43;3;479;60;81;20;52;16;7;2;12;17;3;3;1;0;6;83;10
2019-08;44;3;477;201;87;18;130;44;8;38;11;13;3;2;0;1;4;12;4
2019-09;1;3;567;95;139;75;78;10;11;0;2;25;0;0;0;0;1;10;0
2019-09;4;3;436;85;175;11;70;14;9;4;3;33;5;4;0;0;0;8;2
2019-09;5;3;897;185;324;51;156;31;8;4;3;54;1;0;0;0;4;28;4
2019-09;6;3;477;131;87;28;96;12;20;17;1;12;3;3;2;0;2;11;3
2019-09;7;3;130;39;23;1;29;5;4;2;3;0;4;0;0;4;2;6;3
2019-09;9;3;642;108;199;71;70;25;7;14;13;18;0;0;0;0;1;24;1
2019-09;10;3;599;107;232;73;72;26;3;8;10;37;2;2;0;0;1;15;1
2019-09;11;3;134;3;19;10;3;1;1;0;2;2;0;0;0;0;1;16;1
2019-09;12;3;800;71;305;63;63;15;3;0;1;37;1;1;5;0;2;18;4
2019-09;13;3;400;44;192;34;35;14;3;0;2;27;0;0;0;0;1;9;1
2019-09;14;3;591;68;193;61;43;14;1;5;6;21;0;0;0;0;5;15;1
2019-09;15;3;266;11;98;26;7;3;0;1;7;16;0;0;1;0;1;8;0
2019-09;16;3;972;170;339;88;128;29;13;14;21;59;0;0;1;0;0;56;5
2019-09;17;3;705;216;199;23;142;35;18;33;8;18;1;1;0;0;3;22;1
2019-09;18;3;796;194;333;46;140;28;30;21;9;53;0;0;1;0;0;22;4
2019-09;19;3;700;94;229;65;52;9;9;19;3;20;1;1;3;0;3;22;6
2019-09;20;3;657;162;227;55;110;19;9;28;6;13;0;0;0;0;5;25;1
2019-09;21;3;1448;335;174;44;215;44;72;57;11;12;5;5;7;0;6;29;17
2019-09;22;3;687;217;112;35;142;34;39;44;13;12;14;6;4;8;2;31;6
2019-09;23;3;458;138;133;33;88;26;2;25;16;10;0;0;0;0;0;19;2
2019-09;24;3;552;199;111;28;115;26;3;38;14;8;8;3;2;5;0;41;4
2019-09;25;3;533;186;125;12;97;26;22;34;5;7;12;6;6;6;4;27;3
2019-09;26;3;576;157;137;29;83;26;4;25;5;9;1;0;1;1;1;35;2
2019-09;27;3;965;320;159;55;197;44;23;62;24;15;3;3;0;0;5;44;2
2019-09;28;3;343;96;60;27;69;21;2;10;9;8;1;1;0;0;8;41;2
2019-09;29;3;1026;352;258;68;253;73;38;44;42;32;4;2;5;2;4;59;5
2019-09;30;3;562;168;83;33;112;32;14;36;15;14;3;2;0;0;4;52;2
2019-09;31;3;629;262;74;30;149;34;17;68;18;10;6;3;1;3;8;30;4
2019-09;32;3;1185;233;253;78;171;37;27;25;15;23;9;3;11;6;12;115;11
2019-09;33;3;1017;384;176;67;234;91;16;82;52;23;8;4;4;3;7;55;5
2019-09;34;3;1558;515;224;101;364;86;38;91;22;25;15;9;17;5;15;72;11
2019-09;35;3;1487;342;282;139;208;57;22;68;57;42;6;5;14;1;15;164;16
2019-09;36;3;709;76;140;54;49;13;5;16;21;21;2;1;1;1;7;78;10
2019-09;37;3;645;85;134;37;63;15;5;11;13;11;6;6;4;0;5;57;6
2019-09;38;3;651;264;85;40;155;43;23;45;18;8;5;1;2;4;9;57;4
2019-09;39;3;814;395;71;24;206;42;63;113;13;12;12;5;2;7;1;42;4
2019-09;40;3;516;267;57;18;184;27;26;39;10;3;4;2;4;2;4;29;3
2019-09;41;3;374;68;86;28;49;5;8;6;2;8;0;0;0;0;4;35;3
2019-09;42;3;985;120;447;56;80;20;14;24;30;163;6;6;7;0;3;55;4
2019-09;43;3;443;61;84;23;49;16;6;3;8;20;1;1;0;0;6;65;3
2019-09;44;3;503;193;91;22;116;34;6;45;11;15;8;4;6;3;3;9;4
2019-10;1;3;701;94;178;169;81;25;14;0;2;36;0;0;1;0;1;15;1
2019-10;4;3;523;94;202;26;69;14;23;6;7;41;0;0;2;0;3;9;2
2019-10;5;3;1052;170;398;96;143;39;13;2;3;75;0;0;0;0;3;27;1
2019-10;6;3;497;142;81;29;94;22;22;18;3;10;2;2;7;0;4;16;3
2019-10;7;3;163;47;25;5;34;3;4;5;3;1;3;1;0;2;2;12;4
2019-10;9;3;697;120;217;68;87;29;5;16;7;26;0;0;3;0;3;29;3
2019-10;10;3;740;115;277;81;84;23;14;14;7;59;1;1;1;0;2;19;2
2019-10;11;3;160;6;21;20;2;0;0;0;1;1;0;0;0;0;4;8;3
2019-10;12;3;842;63;363;63;45;6;5;0;3;40;1;1;1;0;0;27;7
2019-10;13;3;632;70;264;70;50;13;5;1;0;36;0;0;0;0;1;13;1
2019-10;14;3;698;74;278;61;55;11;1;2;2;40;2;1;2;1;2;15;0
2019-10;15;3;293;25;78;36;17;1;1;1;1;11;0;0;0;0;0;13;2
2019-10;16;3;1329;162;593;111;92;27;3;16;22;189;2;2;2;0;1;55;5
2019-10;17;3;758;208;252;32;140;20;22;39;10;26;2;1;4;1;2;23;6
2019-10;18;3;910;248;331;68;175;30;34;40;10;47;1;1;4;0;1;25;5
2019-10;19;3;718;115;192;90;82;22;7;15;2;20;2;0;8;2;1;39;1
2019-10;20;3;781;182;299;69;114;17;8;27;5;20;1;1;1;0;1;28;3
2019-10;21;3;1655;517;244;69;353;35;128;62;12;23;14;9;5;5;10;47;11
2019-10;22;3;684;220;125;48;132;35;33;56;17;12;8;6;1;1;4;37;4
2019-10;23;3;494;145;149;30;85;22;4;26;18;8;0;0;3;0;2;15;3
2019-10;24;3;498;240;60;19;143;28;9;56;11;5;7;6;3;1;4;35;6
2019-10;25;3;583;229;115;15;117;26;17;45;7;12;4;3;0;1;4;26;4
2019-10;26;3;640;229;135;45;129;24;9;44;9;9;1;0;0;1;1;33;3
2019-10;27;3;1018;326;188;49;206;30;31;64;29;9;3;2;1;1;3;53;3
2019-10;28;3;424;93;56;34;66;15;2;17;6;8;0;0;1;0;4;38;2
2019-10;29;3;1143;412;249;82;292;78;54;55;24;36;6;2;5;4;5;49;5
2019-10;30;3;577;190;88;28;119;27;8;39;22;8;2;2;2;0;3;49;2
2019-10;31;3;733;323;68;13;166;34;16;96;16;14;9;6;2;3;1;40;6
2019-10;32;3;1575;279;405;120;198;41;23;29;13;43;17;9;15;8;15;155;15
2019-10;33;3;1096;421;167;89;220;81;18;123;53;26;7;4;3;3;4;78;9
2019-10;34;3;1660;524;205;148;351;96;25;108;33;18;13;9;7;3;10;86;16
2019-10;35;3;1564;346;243;171;167;50;12;93;55;40;4;3;3;1;23;181;8
2019-10;36;3;802;130;115;94;101;15;16;18;17;10;5;5;6;0;21;114;8
2019-10;37;3;640;88;152;35;54;10;6;18;14;21;3;3;4;0;7;45;2
2019-10;38;3;668;285;62;39;164;43;20;69;10;8;1;1;6;0;4;61;6
2019-10;39;3;905;406;96;17;198;44;44;109;13;12;15;12;10;3;2;34;6
2019-10;40;3;535;260;69;22;160;33;24;49;5;4;5;4;0;1;2;28;6
2019-10;41;3;515;96;105;56;69;15;14;6;2;10;0;0;0;0;3;57;1
2019-10;42;3;1316;130;605;99;69;14;7;22;50;253;3;3;1;0;7;83;6
2019-10;43;3;547;71;90;21;44;11;11;17;5;22;1;1;1;0;9;97;4
2019-10;44;3;521;207;79;14;99;35;8;37;6;13;4;3;2;1;1;16;5
2019-11;1;3;1043;136;425;207;116;26;19;0;4;91;0;0;1;0;0;18;2
2019-11;4;3;592;132;237;26;109;25;28;4;5;61;1;1;1;0;1;11;5
2019-11;5;3;987;156;428;71;120;21;6;2;6;84;0;0;1;0;1;28;3
2019-11;6;3;471;134;88;30;95;14;31;21;7;20;4;1;3;3;3;19;3
2019-11;7;3;123;36;18;4;22;2;3;1;2;3;0;0;0;0;3;12;0
2019-11;9;3;671;113;212;83;76;20;7;16;5;16;1;1;0;0;3;25;1
2019-11;10;3;657;102;233;86;65;19;15;11;11;53;0;0;0;0;1;33;4
2019-11;11;3;90;4;14;4;4;1;2;0;0;3;0;0;0;0;0;2;0
2019-11;12;3;746;63;312;65;50;10;3;1;3;27;0;0;1;0;2;23;2
2019-11;13;3;459;32;202;59;28;8;2;0;0;21;1;1;0;0;0;11;2
2019-11;14;3;553;39;181;86;32;11;1;2;1;20;0;0;2;0;0;13;0
2019-11;15;3;246;27;76;36;14;2;1;7;1;11;0;0;1;0;1;6;1
2019-11;16;3;976;186;289;97;120;31;18;23;12;56;3;0;3;3;1;49;2
2019-11;17;3;633;190;164;28;117;23;20;38;8;19;2;2;3;0;0;31;3
2019-11;18;3;762;208;291;65;145;23;44;33;9;41;2;0;0;0;0;15;2
2019-11;19;3;647;99;179;80;64;13;10;18;5;27;5;1;2;4;2;28;3
2019-11;20;3;719;184;218;67;89;18;9;45;5;11;1;1;3;0;3;36;5
2019-11;21;3;1489;408;190;60;262;55;72;58;9;23;13;8;3;5;5;51;7
2019-11;22;3;646;222;99;35;130;25;14;51;12;10;9;6;2;2;5;34;8
2019-11;23;3;515;163;163;39;106;38;9;29;13;8;3;0;2;3;0;14;2
2019-11;24;3;439;210;74;23;140;32;13;36;5;9;2;1;3;1;1;17;1
2019-11;25;3;550;202;158;8;95;20;8;43;2;7;2;0;4;2;4;29;1
2019-11;26;3;660;193;191;39;108;32;3;41;8;20;1;0;0;0;0;31;1
2019-11;27;3;969;338;166;70;207;34;44;73;25;8;7;5;4;2;2;35;3
2019-11;28;3;356;105;59;19;56;21;1;23;7;11;1;1;0;0;2;31;4
2019-11;29;3;1045;411;247;63;288;93;46;65;22;27;3;2;0;1;7;34;5
2019-11;30;3;557;167;81;32;90;24;10;49;17;12;4;2;1;2;2;45;1
2019-11;31;3;668;334;56;17;164;40;16;105;15;5;7;4;7;3;1;35;6
2019-11;32;3;1343;249;297;121;171;37;37;20;10;42;5;4;7;1;15;138;12
2019-11;33;3;1007;395;151;104;220;71;18;95;41;11;14;11;6;3;3;63;6
2019-11;34;3;1657;525;225;120;339;86;33;119;29;30;23;14;17;8;16;108;13
2019-11;35;3;1497;314;287;127;151;46;7;95;53;41;8;5;3;3;13;152;11
2019-11;36;3;727;95;113;48;69;17;6;13;22;11;2;2;2;0;12;97;14
2019-11;37;3;681;97;191;44;59;15;4;15;12;29;7;5;0;2;1;40;4
2019-11;38;3;686;287;93;28;159;36;26;58;9;16;2;1;4;1;2;57;6
2019-11;39;3;1039;469;81;28;204;41;61;149;15;10;16;9;7;7;1;24;4
2019-11;40;3;579;285;74;23;170;25;21;61;9;6;5;3;0;2;1;37;4
2019-11;41;3;470;87;85;50;59;13;8;13;2;6;0;0;2;0;1;49;2
2019-11;42;3;752;104;188;94;59;10;10;20;25;20;2;2;2;0;5;67;5
2019-11;43;3;426;41;81;21;28;3;5;5;5;16;1;1;3;0;10;74;5
2019-11;44;3;487;215;109;23;110;21;6;32;5;10;2;2;0;0;1;18;2
2019-12;1;3;770;136;292;176;109;21;30;1;4;60;1;1;0;0;0;9;0
2019-12;4;3;466;99;178;35;80;22;20;11;4;39;1;1;0;0;0;15;3
2019-12;5;3;937;164;340;93;129;23;10;5;7;63;0;0;2;0;3;26;1
2019-12;6;3;451;145;84;19;76;12;16;28;6;10;8;6;2;2;0;14;2
2019-12;7;3;150;48;28;5;20;2;3;5;0;4;2;0;1;2;0;6;1
2019-12;9;3;699;129;228;61;83;23;8;23;9;32;0;0;1;0;0;28;4
2019-12;10;3;697;107;251;90;62;23;8;11;6;42;0;0;1;0;3;29;4
2019-12;11;3;98;2;18;9;1;0;0;1;0;4;1;1;1;0;0;4;1
2019-12;12;3;881;80;423;77;65;14;5;1;4;43;0;0;0;0;2;18;2
2019-12;13;3;515;39;250;63;31;8;3;1;3;29;0;0;0;0;0;11;0
2019-12;14;3;831;65;374;118;42;9;2;5;3;37;4;2;1;1;2;12;1
2019-12;15;3;286;47;69;30;27;5;3;10;2;9;0;0;0;0;0;25;1
2019-12;16;3;1005;139;262;105;94;17;13;14;11;48;0;0;0;0;2;55;5
2019-12;17;3;555;170;133;20;106;23;29;28;4;19;3;2;5;1;2;22;2
2019-12;18;3;688;185;264;41;117;23;26;37;5;41;1;1;0;0;2;16;0
2019-12;19;3;671;80;217;74;50;11;7;12;7;20;4;1;2;3;5;30;2
2019-12;20;3;730;190;223;71;106;19;6;31;3;15;1;1;1;0;2;27;4
2019-12;21;3;1233;398;213;62;256;54;74;54;13;33;12;5;11;7;3;33;12
2019-12;22;3;545;159;94;37;79;22;4;45;14;5;7;5;0;2;3;20;6
2019-12;23;3;593;159;218;42;92;29;3;29;4;18;2;2;0;0;1;26;2
2019-12;24;3;420;206;54;27;102;27;2;52;8;5;8;1;3;7;2;22;5
2019-12;25;3;484;212;97;15;96;15;29;52;4;6;2;1;1;1;1;16;3
2019-12;26;3;555;185;104;43;86;25;6;37;5;11;0;0;0;0;3;24;4
2019-12;27;3;1064;327;179;61;193;37;40;70;22;14;2;0;2;2;4;42;3
2019-12;28;3;422;93;56;16;66;30;1;9;10;7;0;0;1;0;5;30;4
2019-12;29;3;1191;414;400;58;289;86;48;50;28;66;6;6;5;0;5;46;3
2019-12;30;3;542;160;78;30;95;26;5;46;21;7;5;3;1;2;4;54;2
2019-12;31;3;778;350;77;27;171;41;15;100;24;9;3;2;11;1;2;38;1
2019-12;32;3;1253;296;288;81;190;27;32;35;20;34;9;6;3;3;11;113;9
2019-12;33;3;977;394;125;72;206;60;38;99;20;14;7;6;0;1;5;89;4
2019-12;34;3;1524;482;231;93;284;80;44;114;29;26;23;12;11;9;6;94;6
2019-12;35;3;1655;304;281;122;158;60;11;99;49;27;9;9;3;0;22;131;14
2019-12;36;3;615;110;87;46;66;17;6;27;16;13;1;1;3;0;11;75;4
2019-12;37;3;581;81;132;45;59;7;2;9;12;16;8;8;6;0;5;39;4
2019-12;38;3;659;260;84;30;123;27;16;55;20;6;3;3;2;0;3;51;12
2019-12;39;3;1103;468;66;24;180;26;39;166;10;7;11;10;5;1;3;20;8
2019-12;40;3;524;245;71;20;120;16;9;61;11;4;2;1;0;1;2;29;2
2019-12;41;3;453;74;103;43;51;16;3;7;10;14;0;0;0;0;3;38;5
2019-12;42;3;725;85;203;62;49;11;8;10;45;21;3;2;0;0;5;59;6
2019-12;43;3;477;54;89;23;33;9;2;10;16;20;1;1;2;0;12;67;6
2019-12;44;3;489;169;85;15;94;25;9;27;8;4;3;2;3;1;0;13;2
2020-01;1;3;665;123;237;129;107;32;13;0;5;54;0;0;0;0;0;8;0
2020-01;4;3;600;109;239;42;99;19;21;4;5;50;1;1;3;0;1;10;3
2020-01;5;3;1193;223;497;97;179;36;13;5;10;93;0;0;2;0;2;32;1
2020-01;6;3;480;137;90;29;99;15;21;17;9;10;4;1;10;3;1;22;2
2020-01;7;3;161;57;32;5;35;2;6;5;6;0;2;0;8;2;0;10;0
2020-01;9;3;834;158;287;67;103;27;7;22;12;38;2;2;2;0;2;29;11
2020-01;10;3;750;146;287;74;90;22;8;15;9;45;0;0;0;0;1;27;2
2020-01;11;3;102;7;19;9;6;2;2;1;1;6;0;0;2;0;1;8;1
2020-01;12;3;1892;251;1116;66;206;65;1;0;4;206;0;0;0;0;4;32;2
2020-01;13;3;771;77;392;62;55;13;2;1;5;33;0;0;0;0;0;16;4
2020-01;14;3;985;89;546;69;67;17;1;1;12;63;1;1;2;0;0;9;2
2020-01;15;3;312;48;111;28;36;9;2;7;3;23;4;0;0;4;0;10;3
2020-01;16;3;1248;181;363;144;119;35;11;17;23;67;1;1;1;0;5;74;3
2020-01;17;3;594;183;142;19;108;19;15;33;15;14;5;3;7;1;3;28;4
2020-01;18;3;574;164;186;43;100;13;15;30;9;20;3;1;0;2;0;13;4
2020-01;19;3;636;96;193;68;63;9;3;12;8;18;4;3;1;1;5;25;4
2020-01;20;3;712;143;249;61;93;18;5;23;10;14;1;0;2;1;1;28;2
2020-01;21;3;1342;428;216;61;257;63;62;65;17;21;16;10;1;5;1;39;9
2020-01;22;3;595;186;85;41;105;32;11;41;11;6;4;4;1;0;2;38;9
2020-01;23;3;630;183;198;50;98;21;10;46;7;13;2;1;2;0;1;25;0
2020-01;24;3;444;217;60;21;125;25;9;37;5;6;2;1;0;1;1;27;5
2020-01;25;3;574;265;108;20;157;28;68;43;2;4;4;0;1;4;1;20;5
2020-01;26;3;578;154;133;49;78;13;4;24;2;7;2;2;8;0;2;34;3
2020-01;27;3;923;329;152;52;193;33;25;86;12;13;4;2;1;2;2;48;9
2020-01;28;3;323;93;64;23;60;26;2;17;9;7;1;0;0;1;3;55;4
2020-01;29;3;1108;415;287;62;282;73;60;51;26;35;4;1;1;3;2;44;5
2020-01;30;3;547;152;80;51;106;32;4;27;18;15;1;0;0;1;2;54;4
2020-01;31;3;763;355;58;31;173;19;15;121;14;7;10;5;6;5;4;27;4
2020-01;32;3;1392;254;355;92;174;30;42;35;27;32;3;3;3;0;9;156;12
2020-01;33;3;1136;497;170;94;249;66;22;147;21;20;3;1;3;2;8;62;3
2020-01;34;3;1632;575;226;103;360;102;32;136;30;28;20;8;17;11;10;92;11
2020-01;35;3;1526;332;294;118;192;50;14;75;78;26;1;1;4;0;13;160;15
2020-01;36;3;609;90;110;47;58;9;2;15;25;14;3;2;1;0;9;77;13
2020-01;37;3;597;87;163;41;56;7;3;20;11;13;5;4;3;0;3;28;7
2020-01;38;3;645;256;94;30;150;33;18;58;13;7;9;4;1;5;4;49;3
2020-01;39;3;1093;567;61;33;256;36;56;203;12;10;12;8;5;3;4;27;4
2020-01;40;3;552;263;77;20;142;20;9;69;11;4;4;3;1;1;0;41;2
2020-01;41;3;524;69;135;55;46;11;7;9;3;22;0;0;0;0;8;61;5
2020-01;42;3;947;123;365;71;59;13;10;19;48;43;2;2;0;0;5;52;3
2020-01;43;3;462;63;97;20;43;10;11;13;22;13;1;1;3;0;6;71;4
2020-01;44;3;535;265;101;16;142;34;22;42;7;7;5;3;1;1;0;17;0
2020-02;1;3;906;168;339;159;152;31;13;0;4;121;0;0;0;0;0;15;2
2020-02;4;3;548;105;239;19;86;21;9;9;4;68;1;1;2;0;0;12;3
2020-02;5;3;1516;388;625;74;337;77;13;2;2;157;3;3;2;0;2;20;4
2020-02;6;3;485;111;122;35;84;9;22;10;5;25;9;8;7;1;2;16;3
2020-02;7;3;249;56;125;3;36;7;2;2;2;38;0;0;1;0;1;4;0
2020-02;9;3;1063;152;554;73;126;35;2;5;5;228;1;1;0;0;1;21;0
2020-02;10;3;802;98;370;88;60;22;2;5;12;112;0;0;0;0;2;27;3
2020-02;11;3;81;2;9;6;2;1;0;0;0;2;2;2;0;0;1;11;3
2020-02;12;3;998;92;432;72;76;17;4;0;8;55;0;0;0;0;1;33;4
2020-02;13;3;649;78;259;70;53;7;2;2;4;37;0;0;2;0;2;11;0
2020-02;14;3;1274;174;711;75;141;40;2;3;8;116;0;0;1;0;1;13;5
2020-02;15;3;452;61;236;31;50;14;9;1;4;102;0;0;2;0;1;14;4
2020-02;16;3;1237;181;449;98;143;41;23;13;18;100;3;2;0;0;7;47;1
2020-02;17;3;545;160;138;24;100;16;32;26;7;22;7;7;1;0;1;26;3
2020-02;18;3;566;147;234;27;108;15;18;19;8;31;2;1;3;0;0;12;0
2020-02;19;3;584;106;167;71;81;7;5;13;4;18;0;0;0;0;2;21;2
2020-02;20;3;566;118;175;50;61;11;4;27;8;12;4;2;3;2;0;29;1
2020-02;21;3;1278;411;206;52;265;42;83;73;15;23;12;7;6;5;3;34;12
2020-02;22;3;551;181;91;52;107;27;14;45;19;9;7;4;0;3;2;21;7
2020-02;23;3;449;143;101;38;81;29;4;25;7;11;0;0;0;0;0;26;5
2020-02;24;3;387;165;66;13;89;15;4;28;10;4;6;5;5;1;0;27;3
2020-02;25;3;455;188;92;17;125;25;49;26;7;8;6;2;2;4;1;22;3
2020-02;26;3;510;124;144;37;74;22;13;24;7;11;2;1;5;1;1;23;0
2020-02;27;3;989;367;175;38;227;47;38;88;29;16;2;1;5;1;4;41;5
2020-02;28;3;385;88;64;14;67;19;3;5;5;9;1;1;0;0;2;29;1
2020-02;29;3;981;377;246;49;265;63;41;46;16;36;7;5;0;2;1;42;6
2020-02;30;3;489;143;69;38;96;27;7;31;10;13;4;3;0;1;1;49;4
2020-02;31;3;741;320;78;23;162;26;13;113;7;8;9;2;3;6;3;44;4
2020-02;32;3;1256;231;339;94;153;29;35;31;21;33;10;8;4;2;6;132;8
2020-02;33;3;1131;468;153;78;239;60;41;151;35;22;8;5;9;2;4;81;4
2020-02;34;3;1480;485;218;90;322;83;32;106;31;30;17;6;16;11;16;89;16
2020-02;35;3;1368;263;338;128;143;40;11;76;59;66;7;4;8;2;20;153;9
2020-02;36;3;813;117;166;51;91;26;4;14;29;13;4;4;0;0;11;78;6
2020-02;37;3;620;71;163;46;40;3;4;12;23;10;3;3;0;0;2;49;3
2020-02;38;3;651;265;66;29;150;33;28;57;8;11;6;2;0;4;0;49;6
2020-02;39;3;1451;668;75;31;309;39;100;231;13;7;14;5;13;8;7;24;4
2020-02;40;3;506;255;53;19;140;16;27;76;5;5;4;1;3;3;7;26;5
2020-02;41;3;437;76;95;46;55;14;5;9;5;11;1;1;1;0;2;46;2
2020-02;42;3;771;87;240;68;49;12;8;14;37;25;2;2;0;0;3;59;1
2020-02;43;3;446;60;91;11;47;17;4;5;18;15;2;2;1;0;7;91;4
2020-02;44;3;389;166;68;15;95;25;10;33;4;12;2;1;1;0;2;16;2
2020-03;1;3;635;129;237;90;109;25;6;1;5;59;0;0;1;0;0;8;0
2020-03;4;3;374;74;138;21;57;13;4;5;1;29;3;3;1;0;1;3;0
2020-03;5;3;1562;422;708;103;333;61;9;3;5;126;1;1;2;0;0;18;5
2020-03;6;3;409;122;104;22;78;13;16;13;9;14;3;3;1;0;1;9;1
2020-03;7;3;136;49;45;2;27;4;3;3;9;9;0;0;0;0;2;2;1
2020-03;9;3;612;137;265;50;95;17;6;12;15;76;2;1;1;1;0;12;1
2020-03;10;3;552;87;195;78;51;13;2;6;14;28;0;0;0;0;2;21;1
2020-03;11;3;57;5;9;5;2;0;1;0;2;1;0;0;0;0;0;4;0
2020-03;12;3;546;34;232;43;22;4;2;0;7;22;2;1;0;0;2;13;2
2020-03;13;3;420;40;159;57;26;7;0;0;3;15;0;0;1;0;0;12;1
2020-03;14;3;706;61;368;61;49;18;1;1;9;66;3;3;0;0;0;11;0
2020-03;15;3;316;38;122;45;21;7;2;2;7;25;1;0;0;1;1;9;2
2020-03;16;3;902;78;314;97;55;20;5;4;5;52;1;1;4;0;3;41;2
2020-03;17;3;506;178;118;20;121;22;41;25;8;19;2;2;1;0;0;17;1
2020-03;18;3;446;102;189;18;53;11;5;23;4;17;3;1;2;1;0;13;0
2020-03;19;3;618;98;193;70;57;10;5;17;7;13;2;2;5;0;1;15;0
2020-03;20;3;659;142;235;63;73;15;4;35;5;12;2;1;2;1;3;23;4
2020-03;21;3;1164;377;292;61;250;46;94;49;7;17;9;6;3;3;3;35;7
2020-03;22;3;434;120;86;27;77;18;19;27;12;4;7;2;1;5;2;21;1
2020-03;23;3;418;145;133;19;87;22;1;20;12;9;1;0;0;0;0;13;1
2020-03;24;3;370;154;78;16;98;18;6;30;16;4;5;2;2;3;0;18;2
2020-03;25;3;463;177;122;22;102;22;31;38;4;4;4;3;2;1;0;13;1
2020-03;26;3;460;120;137;35;68;18;12;14;3;8;1;1;5;0;6;20;3
2020-03;27;3;966;328;202;61;190;40;29;81;28;7;6;4;0;2;6;32;3
2020-03;28;3;279;69;53;21;39;11;1;19;7;3;1;1;0;0;1;25;0
2020-03;29;3;854;324;218;44;203;39;34;60;14;19;4;4;1;0;5;33;1
2020-03;30;3;365;120;39;13;69;18;3;35;9;4;4;4;0;0;2;35;3
2020-03;31;3;652;255;59;19;119;18;14;79;8;7;15;3;4;12;4;29;1
2020-03;32;3;1017;195;254;84;137;28;27;15;12;25;8;7;11;1;5;97;10
2020-03;33;3;866;350;103;47;161;30;33;130;18;6;8;8;5;0;3;47;8
2020-03;34;3;1156;367;175;67;200;43;25;111;34;16;13;10;17;3;6;82;7
2020-03;35;3;1116;252;267;126;119;37;10;94;57;30;6;6;1;0;21;85;9
2020-03;36;3;780;108;124;61;69;19;4;14;14;7;3;3;2;0;8;80;6
2020-03;37;3;550;68;147;41;51;3;4;9;17;11;2;2;3;0;4;55;3
2020-03;38;3;542;222;56;25;111;41;14;52;13;6;6;5;2;1;6;34;5
2020-03;39;3;891;508;60;17;268;34;102;129;12;5;17;10;0;6;4;21;3
2020-03;40;3;376;159;49;25;96;7;15;40;14;1;2;1;3;1;0;18;3
2020-03;41;3;402;70;99;43;45;12;6;9;3;8;1;1;0;0;2;29;2
2020-03;42;3;665;72;269;61;26;4;4;17;22;22;1;1;0;0;1;32;3
2020-03;43;3;374;37;75;15;24;4;7;5;11;19;5;4;2;0;1;62;4
2020-03;44;3;378;144;89;20;72;19;12;30;8;7;1;1;1;0;0;6;3
2020-04;1;3;262;40;67;34;31;9;3;1;7;14;0;0;0;0;1;3;0
2020-04;4;3;121;20;27;5;14;3;0;3;3;4;3;3;1;0;0;4;2
2020-04;5;3;327;53;105;40;38;12;2;2;8;14;0;0;1;0;0;13;3
2020-04;6;3;296;78;62;25;38;9;7;18;9;5;6;4;7;2;0;8;4
2020-04;7;3;53;16;12;1;3;0;1;3;7;0;0;0;0;0;1;3;0
2020-04;9;3;385;77;91;69;54;16;3;10;30;9;2;1;1;1;0;10;1
2020-04;10;3;382;47;133;54;23;5;2;9;16;10;0;0;0;0;1;14;4
2020-04;11;3;23;0;5;3;0;0;0;0;0;2;0;0;1;0;0;4;0
2020-04;12;3;159;5;53;7;3;0;0;0;6;8;0;0;1;0;1;8;1
2020-04;13;3;200;10;55;34;6;0;1;0;1;8;0;0;0;0;0;7;0
2020-04;14;3;173;12;55;35;11;4;1;0;3;3;0;0;0;0;1;2;1
2020-04;15;3;130;7;33;23;2;1;0;1;9;0;0;0;0;0;2;5;1
2020-04;16;3;536;47;132;97;27;6;6;4;2;13;0;0;2;0;2;23;1
2020-04;17;3;292;80;66;15;46;7;10;14;10;0;2;1;6;1;1;11;6
2020-04;18;3;218;53;95;5;26;6;0;16;3;2;5;2;0;3;0;3;1
2020-04;19;3;375;53;107;57;23;4;1;14;1;5;5;2;14;3;1;13;0
2020-04;20;3;508;88;204;46;46;10;4;16;11;6;1;0;2;1;1;22;1
2020-04;21;3;780;221;196;64;118;17;36;39;21;6;5;5;0;0;3;20;7
2020-04;22;3;294;89;71;19;37;12;4;30;13;0;9;8;5;1;3;10;1
2020-04;23;3;298;102;80;31;63;17;1;12;6;3;0;0;0;0;0;10;1
2020-04;24;3;219;88;39;15;42;10;3;30;8;0;2;1;0;1;0;11;2
2020-04;25;3;357;109;96;25;58;14;9;15;5;3;5;1;0;4;1;16;1
2020-04;26;3;233;32;80;23;22;7;0;3;1;3;1;1;2;0;1;8;1
2020-04;27;3;758;289;147;76;158;36;9;60;16;6;7;3;2;4;0;37;1
2020-04;28;3;115;40;23;8;21;4;2;11;3;1;0;0;1;0;1;6;1
2020-04;29;3;505;223;105;36;143;17;11;27;8;5;5;5;3;0;0;22;2
2020-04;30;3;252;86;35;12;41;13;2;38;11;2;1;1;0;0;0;22;0
2020-04;31;3;453;200;43;23;108;13;10;55;11;1;2;0;10;2;0;23;3
2020-04;32;3;681;84;172;117;52;18;9;19;8;7;7;2;4;5;11;73;4
2020-04;33;3;691;266;101;65;91;27;10;118;25;3;7;6;4;1;1;42;1
2020-04;34;3;963;325;169;66;150;33;25;117;19;7;13;5;20;8;10;41;4
2020-04;35;3;665;199;120;87;76;16;2;75;32;12;9;4;5;5;12;47;7
2020-04;36;3;633;101;86;82;62;9;2;8;16;6;3;3;1;0;5;59;4
2020-04;37;3;448;76;87;49;54;4;6;10;5;3;7;6;0;1;0;31;1
2020-04;38;3;404;154;48;20;61;20;1;49;18;4;5;4;1;1;4;28;4
2020-04;39;3;756;414;54;7;166;29;49;105;11;1;30;6;1;23;1;20;2
2020-04;40;3;323;138;48;29;80;12;10;23;9;1;0;0;2;0;2;13;0
2020-04;41;3;345;56;76;64;44;14;1;6;6;8;3;3;0;0;1;27;2
2020-04;42;3;394;28;107;60;9;3;1;8;17;6;1;1;0;0;1;32;3
2020-04;43;3;191;22;38;10;10;5;1;7;9;5;1;1;0;0;3;13;2
2020-04;44;3;330;130;57;21;72;18;7;28;6;1;6;6;0;0;3;13;1
2020-05;1;3;233;40;36;46;32;3;0;0;8;1;0;0;0;0;1;4;0
2020-05;4;3;128;25;33;4;15;6;1;5;0;6;2;1;0;1;0;1;0
2020-05;5;3;326;36;71;66;24;5;0;1;2;13;3;3;0;0;1;8;0
2020-05;6;3;239;42;61;27;22;7;2;13;11;5;5;5;7;0;1;6;2
2020-05;7;3;43;7;12;0;3;0;1;2;7;1;1;0;0;0;0;2;0
2020-05;9;3;447;80;97;104;59;13;3;12;12;8;0;0;0;0;0;9;2
2020-05;10;3;442;55;115;106;36;11;0;6;7;9;1;1;0;0;3;14;2
2020-05;11;3;31;1;4;3;0;0;0;0;1;0;1;1;0;0;0;4;0
2020-05;12;3;172;5;75;9;3;0;0;0;12;4;0;0;0;0;2;6;0
2020-05;13;3;207;4;86;38;3;0;0;0;4;8;0;0;0;0;0;3;0
2020-05;14;3;255;19;76;57;11;3;1;3;3;4;0;0;0;0;2;5;0
2020-05;15;3;118;11;28;26;8;4;0;0;1;0;2;1;0;1;0;9;1
2020-05;16;3;667;32;135;147;17;5;1;2;7;19;1;1;3;0;2;35;4
2020-05;17;3;294;68;83;19;40;8;10;13;7;2;3;2;10;1;1;12;1
2020-05;18;3;249;40;106;11;19;1;2;13;3;2;0;0;1;0;0;3;1
2020-05;19;3;476;52;166;104;24;10;0;10;3;3;2;1;4;1;0;13;0
2020-05;20;3;598;72;265;55;44;9;0;10;4;1;1;0;7;1;0;17;1
2020-05;21;3;765;192;185;88;120;26;32;31;22;13;12;10;0;2;0;17;3
2020-05;22;3;327;100;63;39;43;11;9;29;13;2;4;4;1;0;3;8;3
2020-05;23;3;331;106;80;35;68;18;6;17;4;3;1;1;0;0;2;14;0
2020-05;24;3;237;97;31;18;61;15;3;11;9;1;4;2;1;2;4;15;1
2020-05;25;3;368;95;96;12;52;15;5;22;3;4;6;4;6;2;0;12;2
2020-05;26;3;265;62;58;38;34;10;1;8;0;0;3;1;2;2;1;10;0
2020-05;27;3;705;188;172;66;111;18;10;44;23;7;7;1;0;6;3;32;5
2020-05;28;3;119;35;12;6;18;2;0;12;2;0;0;0;0;0;4;19;0
2020-05;29;3;605;238;111;68;154;24;22;28;13;6;5;4;0;1;0;16;6
2020-05;30;3;240;64;38;11;30;10;3;29;16;6;2;2;0;0;1;18;3
2020-05;31;3;548;204;43;30;115;11;11;52;9;4;9;5;6;4;2;30;5
2020-05;32;3;941;79;269;187;43;5;10;20;9;16;7;6;5;1;10;88;6
2020-05;33;3;772;284;114;126;117;43;7;95;31;10;4;3;2;1;4;31;3
2020-05;34;3;921;299;125;57;157;48;20;72;22;13;13;11;17;2;3;37;9
2020-05;35;3;648;156;111;123;65;29;3;55;35;9;3;3;1;0;9;51;9
2020-05;36;3;709;76;103;99;49;12;6;7;16;12;2;2;1;0;8;70;11
2020-05;37;3;389;41;59;69;23;7;0;7;6;4;2;2;0;0;3;31;0
2020-05;38;3;382;145;56;23;56;15;4;41;21;3;2;1;2;1;3;17;3
2020-05;39;3;950;338;64;8;145;33;30;86;14;1;14;7;2;7;2;23;2
2020-05;40;3;338;129;50;51;77;8;7;24;13;3;4;4;0;0;1;16;3
2020-05;41;3;361;50;100;61;36;9;2;3;6;13;0;0;2;0;1;27;1
2020-05;42;3;478;36;139;71;15;3;0;13;23;6;1;1;1;0;2;21;2
2020-05;43;3;248;28;55;15;9;1;2;9;10;4;1;0;1;0;4;49;2
2020-05;44;3;309;116;46;20;62;17;8;18;9;2;11;2;0;9;2;10;1
2020-06;1;3;460;39;64;126;35;8;5;1;7;10;1;1;0;0;0;3;0
2020-06;4;3;192;34;37;21;24;6;2;5;2;7;1;1;0;0;0;5;0
2020-06;5;3;424;64;101;73;44;7;3;6;11;7;0;0;1;0;2;10;0
2020-06;6;3;268;54;48;31;30;10;9;17;7;4;2;2;4;0;0;8;0
2020-06;7;3;55;10;10;4;5;2;1;2;3;1;0;0;2;0;2;2;0
2020-06;9;3;525;124;103;92;78;26;3;17;7;10;0;0;1;0;0;27;0
2020-06;10;3;448;50;119;133;33;9;3;4;7;9;0;0;0;0;3;20;1
2020-06;11;3;36;0;4;8;0;0;0;0;1;0;1;1;1;0;0;3;0
2020-06;12;3;262;10;108;30;4;0;0;1;6;7;1;1;2;0;2;5;0
2020-06;13;3;277;11;113;48;7;3;0;0;2;4;0;0;0;0;1;15;0
2020-06;14;3;309;33;85;80;25;0;0;2;4;6;1;1;1;0;0;12;1
2020-06;15;3;134;8;27;36;4;1;0;1;6;1;0;0;1;0;0;5;2
2020-06;16;3;937;104;253;174;66;17;10;3;10;28;2;2;0;0;4;35;6
2020-06;17;3;538;71;78;33;40;7;18;16;10;3;0;0;1;0;1;14;1
2020-06;18;3;256;39;105;18;17;2;1;18;2;2;1;1;0;0;0;4;0
2020-06;19;3;471;45;139;90;24;5;2;6;4;7;0;0;7;0;0;17;0
2020-06;20;3;588;74;182;81;52;10;2;10;5;4;0;0;7;0;3;14;0
2020-06;21;3;946;232;152;135;155;22;52;27;12;8;6;6;2;0;3;36;5
2020-06;22;3;917;149;128;54;92;20;14;31;15;3;2;2;6;0;0;27;3
2020-06;23;3;357;111;79;39;73;14;4;12;9;7;0;0;0;0;0;14;1
2020-06;24;3;250;71;47;23;47;6;5;17;12;1;1;0;0;0;6;16;1
2020-06;25;3;519;107;62;20;51;13;5;26;6;0;0;0;2;0;1;17;1
2020-06;26;3;395;71;88;55;39;4;6;11;6;4;0;0;0;0;1;19;3
2020-06;27;3;605;106;140;125;61;12;2;32;28;5;1;0;0;1;6;36;4
2020-06;28;3;250;31;68;40;21;2;2;6;3;3;1;1;2;0;1;14;2
2020-06;29;3;751;235;163;90;158;27;28;35;20;7;6;6;2;0;2;32;1
2020-06;30;3;282;71;49;26;34;3;4;27;12;3;2;2;5;0;3;21;0
2020-06;31;3;483;168;46;52;75;8;4;60;11;5;8;7;7;1;2;22;2
2020-06;32;3;1101;90;273;226;61;14;14;15;10;23;1;1;2;0;6;96;5
2020-06;33;3;789;251;100;146;133;39;14;72;24;4;3;3;9;0;2;28;7
2020-06;34;3;1011;283;134;121;148;41;22;84;13;7;0;0;5;0;7;49;6
2020-06;35;3;1010;159;168;343;69;26;3;61;70;14;4;4;5;0;24;55;7
2020-06;36;3;804;68;94;215;44;8;4;8;19;7;1;1;6;0;16;72;7
2020-06;37;3;504;44;90;105;27;5;3;8;7;8;3;3;0;0;2;30;0
2020-06;38;3;395;130;52;40;59;15;9;38;18;2;5;4;5;0;2;35;5
2020-06;39;3;830;382;66;14;186;42;41;87;11;2;1;1;0;0;3;15;5
2020-06;40;3;369;121;53;59;73;5;9;19;12;4;0;0;2;0;4;22;1
2020-06;41;3;422;68;88;94;44;13;9;7;6;8;0;0;7;0;2;31;0
2020-06;42;3;619;66;135;77;34;6;3;13;35;4;4;4;2;0;3;37;4
2020-06;43;3;233;40;24;21;15;2;4;13;7;5;2;2;1;0;11;45;2
2020-06;44;3;343;96;62;28;57;19;6;18;8;0;0;0;2;0;5;13;2
2020-07;1;3;501;91;117;117;85;20;7;0;2;19;3;3;0;0;0;9;0
2020-07;4;3;254;54;68;18;39;6;2;5;6;12;1;1;1;0;1;3;3
2020-07;5;3;536;94;110;85;70;17;0;5;8;9;1;0;0;1;1;14;1
2020-07;6;3;370;96;80;35;59;18;9;15;3;15;4;4;2;0;1;14;1
2020-07;7;3;81;25;18;4;16;3;2;3;6;0;1;0;0;1;0;6;1
2020-07;9;3;636;140;115;110;95;16;16;16;14;9;0;0;0;0;3;15;3
2020-07;10;3;530;59;117;129;41;16;5;7;14;13;3;3;0;0;1;22;1
2020-07;11;3;60;4;8;13;4;1;0;0;0;3;0;0;0;0;0;1;1
2020-07;12;3;496;23;148;91;17;4;0;1;4;24;1;0;1;0;1;17;1
2020-07;13;3;343;27;122;78;19;3;1;1;1;10;0;0;0;0;2;15;1
2020-07;14;3;428;43;148;75;28;7;2;4;14;12;0;0;0;0;0;13;1
2020-07;15;3;196;12;45;45;8;0;1;2;6;3;0;0;0;0;0;13;0
2020-07;16;3;1190;115;337;235;81;18;18;9;21;48;2;2;2;0;0;64;1
2020-07;17;3;447;120;88;47;72;15;30;23;12;3;1;1;4;0;0;19;1
2020-07;18;3;351;83;107;31;48;15;4;25;3;8;0;0;6;0;2;3;1
2020-07;19;3;688;83;172;59;39;8;2;20;4;5;0;0;11;0;2;15;0
2020-07;20;3;586;65;176;102;36;9;2;16;5;4;0;0;3;0;3;20;1
2020-07;21;3;1312;311;203;114;203;26;93;33;13;22;4;4;5;0;1;40;3
2020-07;22;3;694;191;134;46;112;19;39;31;17;13;5;4;0;1;4;48;2
2020-07;23;3;456;103;147;58;62;13;2;19;18;5;0;0;0;0;4;12;1
2020-07;24;3;377;129;88;26;88;6;7;18;9;3;1;1;0;0;1;22;0
2020-07;25;3;480;86;72;30;51;12;2;13;5;7;2;2;1;0;3;18;1
2020-07;26;3;503;89;87;71;65;10;6;9;5;7;2;2;1;0;1;19;4
2020-07;27;3;751;222;154;118;127;28;20;47;8;8;10;6;0;4;2;26;8
2020-07;28;3;450;89;81;52;64;23;5;9;5;6;4;1;2;3;6;35;1
2020-07;29;3;904;296;189;122;197;51;35;35;9;19;2;2;2;0;4;56;1
2020-07;30;3;387;88;67;41;46;17;1;26;12;6;1;1;1;0;3;34;1
2020-07;31;3;631;207;67;70;127;15;16;51;13;8;6;3;1;2;0;33;5
2020-07;32;3;1209;161;306;195;108;29;29;20;15;19;2;1;0;1;9;96;5
2020-07;33;3;837;278;120;116;155;65;8;66;16;11;3;2;3;0;8;40;7
2020-07;34;3;1446;342;249;168;214;59;15;78;27;30;3;1;8;2;4;90;9
2020-07;35;3;1296;224;170;390;127;39;4;59;49;17;3;3;5;0;13;84;14
2020-07;36;3;675;73;86;137;49;8;4;7;21;5;6;5;3;1;8;74;7
2020-07;37;3;610;76;99;108;56;11;4;9;7;4;4;4;1;0;2;50;2
2020-07;38;3;569;192;70;57;95;33;13;40;18;9;5;1;2;4;2;37;1
2020-07;39;3;945;432;91;28;209;48;49;74;11;4;3;3;0;0;2;23;0
2020-07;40;3;448;158;66;67;104;22;10;25;18;5;3;2;9;1;1;27;0
2020-07;41;3;386;54;84;85;41;10;5;2;9;9;3;3;0;0;2;32;3
2020-07;42;3;713;63;190;70;35;9;3;12;46;9;1;1;0;0;1;60;2
2020-07;43;3;359;42;53;24;25;5;1;8;13;6;2;2;1;0;5;51;2
2020-07;44;3;429;127;72;35;78;15;7;25;13;3;1;1;1;0;2;18;1
2020-08;1;3;520;79;115;113;70;4;8;0;5;16;0;0;0;0;1;5;0
2020-08;4;3;271;37;71;18;30;6;2;6;2;15;0;0;0;0;0;11;4
2020-08;5;3;567;108;149;100;79;16;3;5;11;15;0;0;0;0;1;16;1
2020-08;6;3;403;88;62;43;57;11;8;17;2;11;8;4;3;4;0;10;3
2020-08;7;3;140;39;31;7;23;1;5;4;3;2;1;1;1;0;4;8;0
2020-08;9;3;594;123;109;129;83;12;10;16;14;14;0;0;2;0;1;21;3
2020-08;10;3;500;76;147;77;54;8;5;5;12;21;1;1;4;0;2;23;2
2020-08;11;3;69;4;14;8;3;1;2;0;0;2;0;0;0;0;0;3;0
2020-08;12;3;703;17;189;100;15;4;0;0;7;21;0;0;7;0;4;22;1
2020-08;13;3;369;26;121;53;21;4;1;0;8;18;0;0;0;0;0;12;1
2020-08;14;3;418;48;136;58;39;14;1;1;23;28;0;0;0;0;0;12;2
2020-08;15;3;194;17;56;33;8;4;1;2;11;6;0;0;6;0;0;4;0
2020-08;16;3;1118;113;351;153;80;14;11;7;22;54;0;0;7;0;5;55;4
2020-08;17;3;561;109;110;44;73;16;25;18;17;13;2;2;3;0;3;18;2
2020-08;18;3;371;74;139;20;39;10;5;21;8;12;1;0;0;1;1;13;3
2020-08;19;3;493;57;152;66;29;7;3;11;4;10;0;0;2;0;0;32;1
2020-08;20;3;655;75;243;70;44;9;2;11;7;8;2;0;21;2;3;35;2
2020-08;21;3;1195;276;193;70;185;25;67;43;16;12;4;4;2;0;4;26;9
2020-08;22;3;617;104;177;38;75;16;24;18;20;12;9;8;2;0;3;33;2
2020-08;23;3;442;86;155;42;46;9;1;22;19;2;1;1;0;0;0;30;3
2020-08;24;3;399;150;68;22;101;19;7;22;7;3;2;2;0;0;3;26;2
2020-08;25;3;424;107;62;28;51;11;6;22;5;4;0;0;1;0;2;23;1
2020-08;26;3;492;84;102;84;66;8;6;7;8;6;0;0;2;0;3;31;3
2020-08;27;3;733;218;189;57;133;33;19;36;27;9;1;1;0;0;5;35;4
2020-08;28;3;386;55;81;47;43;14;5;7;5;10;0;0;0;0;1;38;3
2020-08;29;3;941;302;253;105;211;60;34;30;16;22;2;1;0;0;0;39;7
2020-08;30;3;349;88;63;22;55;14;3;24;13;6;3;3;0;0;1;38;1
2020-08;31;3;579;193;73;34;109;10;13;48;10;11;4;3;3;1;0;22;3
2020-08;32;3;1235;165;379;96;100;28;23;18;27;34;1;1;7;0;9;116;5
2020-08;33;3;848;261;150;72;135;50;7;55;27;17;0;0;0;0;5;77;2
2020-08;34;3;1324;322;221;120;190;51;15;84;30;16;7;5;3;2;14;86;11
2020-08;35;3;1296;289;190;238;174;66;5;72;32;30;5;3;5;0;14;146;3
2020-08;36;3;606;64;93;78;46;8;7;6;16;6;1;1;4;0;12;102;14
2020-08;37;3;660;64;110;113;46;11;6;6;17;6;5;4;4;1;3;54;3
2020-08;38;3;529;158;57;40;84;23;11;32;12;8;3;3;10;0;6;58;2
2020-08;39;3;684;220;59;29;109;21;27;59;16;2;3;3;0;0;2;24;3
2020-08;40;3;403;147;79;38;102;16;6;17;13;2;5;5;1;0;2;27;4
2020-08;41;3;368;57;57;56;48;14;1;3;1;4;0;0;0;0;2;35;3
2020-08;42;3;721;60;218;54;39;8;7;6;51;9;1;1;0;0;4;60;5
2020-08;43;3;427;47;59;18;31;6;7;5;11;14;2;2;0;0;8;73;7
2020-08;44;3;441;122;97;29;81;20;8;22;7;6;5;4;6;1;4;16;1
2020-09;1;3;523;102;137;93;88;9;5;0;6;22;0;0;0;0;2;5;1
2020-09;4;3;328;59;80;21;51;10;3;5;2;16;1;1;1;0;2;14;3
2020-09;5;3;506;69;111;71;46;4;1;4;9;10;1;1;0;0;1;24;3
2020-09;6;3;326;47;69;25;32;4;10;9;4;6;2;1;5;1;2;19;2
2020-09;7;3;133;27;33;7;21;7;0;2;7;0;1;1;3;0;4;10;0
2020-09;9;3;566;142;120;91;99;18;6;19;15;8;0;0;1;0;2;17;0
2020-09;10;3;496;97;170;68;56;1;8;10;16;18;0;0;0;0;2;17;4
2020-09;11;3;65;3;23;9;1;0;1;1;4;7;0;0;0;0;2;4;1
2020-09;12;3;602;33;201;69;22;3;1;0;10;35;0;0;3;0;0;17;1
2020-09;13;3;395;28;128;65;23;4;1;0;3;18;0;0;0;0;1;15;2
2020-09;14;3;597;66;241;71;47;19;1;1;19;52;0;0;0;0;1;17;3
2020-09;15;3;192;29;51;29;14;4;5;7;11;7;0;0;1;0;0;11;0
2020-09;16;3;1240;120;384;171;72;23;16;6;37;68;0;0;0;0;2;55;4
2020-09;17;3;476;97;103;15;65;11;18;9;7;8;2;0;4;2;3;19;3
2020-09;18;3;317;53;109;25;31;11;3;12;6;9;0;0;1;0;0;20;0
2020-09;19;3;572;60;178;70;37;8;2;8;11;7;0;0;2;0;1;33;2
2020-09;20;3;597;67;214;68;46;13;1;10;6;6;1;1;28;0;0;20;1
2020-09;21;3;1067;251;216;65;167;29;41;29;11;15;2;1;7;1;4;35;10
2020-09;22;3;623;82;223;45;53;15;5;13;12;14;11;7;0;4;5;34;2
2020-09;23;3;398;90;128;38;60;12;0;16;3;1;0;0;0;0;1;17;1
2020-09;24;3;376;160;58;20;95;31;2;30;2;3;2;2;1;0;2;24;2
2020-09;25;3;366;86;60;27;45;15;3;16;8;8;0;0;0;0;1;27;3
2020-09;26;3;457;104;97;54;54;10;1;19;8;5;2;2;6;0;4;20;2
2020-09;27;3;524;143;112;44;94;31;10;22;14;7;2;2;2;0;6;20;2
2020-09;28;3;345;72;62;45;43;11;0;20;2;8;3;3;2;0;3;32;3
2020-09;29;3;1016;309;277;96;227;49;34;33;16;29;9;8;2;1;0;51;5
2020-09;30;3;360;105;76;28;66;16;3;30;15;4;1;1;1;0;0;25;1
2020-09;31;3;492;169;40;24;93;19;5;55;5;7;2;1;4;1;4;39;2
2020-09;32;3;1240;157;370;110;96;20;8;21;19;24;1;1;2;0;14;121;6
2020-09;33;3;769;268;139;53;144;55;11;66;18;15;4;2;0;2;6;50;7
2020-09;34;3;1161;301;229;73;178;45;5;72;26;14;13;9;6;4;13;68;9
2020-09;35;3;1205;234;203;196;141;52;7;57;39;23;5;4;1;0;12;105;16
2020-09;36;3;559;58;75;61;32;8;4;6;11;6;2;2;1;0;14;66;9
2020-09;37;3;617;74;104;98;55;6;1;5;11;10;5;4;0;1;5;40;4
2020-09;38;3;592;201;46;82;109;29;15;27;11;4;5;3;3;2;2;51;5
2020-09;39;3;799;315;68;46;196;40;47;66;12;5;6;6;0;0;5;21;6
2020-09;40;3;424;180;62;50;137;30;8;21;11;3;0;0;0;0;0;17;0
2020-09;41;3;320;71;77;31;42;9;2;9;0;9;0;0;0;0;2;19;4
2020-09;42;3;771;66;229;64;44;13;11;8;68;22;1;1;0;0;1;57;1
2020-09;43;3;417;47;47;13;32;9;9;4;10;10;3;2;1;0;12;75;9
2020-09;44;3;446;119;119;31;72;16;4;17;8;3;3;3;0;0;2;30;2
2020-10;1;3;627;106;134;154;98;15;9;0;2;25;0;0;1;0;0;11;0
2020-10;4;3;325;77;91;25;67;14;11;3;2;24;0;0;2;0;0;11;5
2020-10;5;3;805;151;214;119;116;25;9;3;13;34;0;0;1;0;1;29;0
2020-10;6;3;356;109;63;30;73;17;18;17;6;8;3;3;5;0;2;18;2
2020-10;7;3;115;11;36;7;5;0;0;1;19;3;1;1;3;0;2;15;0
2020-10;9;3;637;130;179;98;99;20;8;11;32;20;1;1;0;0;0;25;1
2020-10;10;3;448;60;124;70;40;12;3;9;14;22;0;0;3;0;0;20;2
2020-10;11;3;58;0;11;7;0;0;0;0;2;2;0;0;0;0;0;7;1
2020-10;12;3;652;40;244;80;27;8;3;0;7;57;2;1;0;1;2;16;2
2020-10;13;3;426;33;158;69;24;8;2;1;6;22;1;1;0;0;3;8;0
2020-10;14;3;583;61;249;69;49;16;4;1;12;64;0;0;0;0;0;13;0
2020-10;15;3;210;23;54;38;16;5;2;2;5;9;0;0;1;0;0;9;3
2020-10;16;3;1358;135;462;170;82;14;18;13;30;94;2;2;1;0;3;67;2
2020-10;17;3;432;103;108;34;66;19;16;13;13;12;1;1;3;0;4;16;1
2020-10;18;3;315;68;103;19;47;11;9;15;2;15;1;1;1;0;3;11;1
2020-10;19;3;475;49;132;82;31;7;2;11;3;8;2;2;6;0;2;19;4
2020-10;20;3;510;72;164;66;50;9;2;12;6;4;1;0;4;1;2;33;1
2020-10;21;3;1130;304;251;92;211;31;63;29;8;25;14;7;8;5;5;41;15
2020-10;22;3;547;86;189;40;54;20;2;16;14;15;9;8;5;1;3;28;3
2020-10;23;3;379;90;111;44;55;15;1;21;11;6;1;1;0;0;1;24;2
2020-10;24;3;396;155;68;28;92;27;6;29;16;9;1;1;0;0;4;23;1
2020-10;25;3;428;118;72;29;58;17;7;15;3;8;3;1;2;2;1;16;1
2020-10;26;3;473;136;91;66;68;8;2;22;11;2;3;0;0;3;1;14;2
2020-10;27;3;623;137;155;51;89;21;12;24;13;6;4;3;0;1;1;31;4
2020-10;28;3;359;70;86;43;36;4;3;20;7;9;3;2;1;1;10;34;1
2020-10;29;3;1051;344;271;79;250;39;40;30;17;28;7;7;2;0;3;40;2
2020-10;30;3;353;110;57;19;69;21;7;30;7;8;0;0;0;0;0;33;3
2020-10;31;3;578;187;58;40;80;19;15;76;11;6;6;2;4;4;6;29;1
2020-10;32;3;1342;263;387;119;150;27;21;39;23;24;2;1;7;1;21;125;6
2020-10;33;3;811;269;146;70;150;46;14;70;25;11;8;8;3;0;7;58;2
2020-10;34;3;1250;326;216;116;198;40;16;75;27;21;10;3;6;7;7;95;8
2020-10;35;3;1280;244;237;173;148;38;6;49;49;35;5;5;3;0;15;113;13
2020-10;36;3;703;101;108;114;65;15;15;10;12;12;1;0;1;0;9;77;4
2020-10;37;3;678;59;111;131;39;8;3;7;9;10;2;2;0;0;5;55;6
2020-10;38;3;539;166;65;77;89;25;10;42;16;0;3;3;10;0;4;33;2
2020-10;39;3;715;215;53;28;124;22;47;60;10;1;7;3;2;4;5;38;7
2020-10;40;3;450;167;67;56;125;31;14;24;7;4;8;1;3;7;2;18;2
2020-10;41;3;391;63;104;52;46;9;2;8;3;3;0;0;0;0;4;33;0
2020-10;42;3;731;59;166;39;37;8;2;6;32;19;1;1;0;0;8;63;2
2020-10;43;3;396;39;48;16;19;6;2;8;7;9;1;1;2;0;10;76;2
2020-10;44;3;436;119;139;31;75;14;5;19;3;13;2;1;3;0;5;22;3
2020-11;1;3;551;109;120;155;97;19;8;0;3;28;1;1;0;0;0;8;1
2020-11;4;3;388;99;129;17;84;27;4;10;5;38;1;1;1;0;3;13;2
2020-11;5;3;731;154;186;118;117;27;6;8;8;36;1;1;1;0;2;34;0
2020-11;6;3;389;122;62;38;77;14;29;22;4;5;0;0;1;0;2;15;1
2020-11;7;3;118;29;30;8;14;0;1;5;13;1;1;1;7;0;0;9;3
2020-11;9;3;734;166;195;105;123;30;16;15;32;46;0;0;0;0;3;19;4
2020-11;10;3;420;58;140;60;48;10;5;4;11;22;1;1;0;0;0;8;2
2020-11;11;3;49;4;9;5;2;1;0;0;0;5;0;0;0;0;2;6;0
2020-11;12;3;547;32;211;56;25;6;2;0;3;32;0;0;0;0;2;14;3
2020-11;13;3;364;30;135;48;25;6;2;1;3;29;0;0;0;0;1;14;1
2020-11;14;3;520;77;191;67;66;25;0;1;8;41;0;0;2;0;0;12;0
2020-11;15;3;199;22;58;19;13;5;0;5;9;12;1;0;1;1;0;10;1
2020-11;16;3;1225;155;448;141;104;20;22;12;38;90;2;1;0;0;3;40;2
2020-11;17;3;405;116;101;33;74;22;24;18;2;11;1;1;2;0;2;16;0
2020-11;18;3;281;90;81;19;54;8;16;23;2;10;0;0;1;0;0;7;1
2020-11;19;3;435;60;126;67;35;5;2;12;4;12;0;0;1;0;0;16;0
2020-11;20;3;517;108;132;62;63;8;7;30;4;7;2;0;21;2;3;21;5
2020-11;21;3;905;288;208;73;196;32;40;31;11;21;4;3;3;1;5;32;7
2020-11;22;3;486;88;151;23;53;19;1;13;11;11;8;6;4;2;4;22;5
2020-11;23;3;330;77;111;36;45;6;3;17;6;8;3;3;0;0;0;14;2
2020-11;24;3;401;177;60;11;114;24;15;28;9;5;2;2;1;0;1;27;1
2020-11;25;3;390;131;84;22;68;14;7;26;9;4;1;1;5;0;3;23;2
2020-11;26;3;430;111;87;45;62;13;4;24;4;14;1;0;2;1;1;34;1
2020-11;27;3;601;212;128;43;120;43;9;37;30;12;3;3;3;0;7;31;2
2020-11;28;3;341;71;71;38;44;11;3;21;7;11;0;0;5;0;4;31;2
2020-11;29;3;986;346;272;64;251;51;43;48;16;19;9;6;1;2;3;39;3
2020-11;30;3;382;121;65;24;63;25;7;43;10;6;4;2;2;1;3;40;3
2020-11;31;3;499;203;47;28;82;18;11;85;8;6;5;5;6;0;2;36;0
2020-11;32;3;1336;319;304;104;162;38;36;37;30;24;5;4;1;0;16;120;10
2020-11;33;3;869;301;196;52;148;38;12;87;23;20;6;4;2;2;10;38;3
2020-11;34;3;1324;398;281;91;213;47;13;116;19;16;12;6;9;4;12;73;12
2020-11;35;3;1084;172;206;147;91;24;7;48;51;26;6;5;4;0;13;102;15
2020-11;36;3;673;92;108;102;64;10;10;12;21;18;6;6;1;0;14;79;9
2020-11;37;3;627;68;103;103;48;11;3;4;7;15;6;6;0;0;6;47;3
2020-11;38;3;468;165;72;24;81;21;14;42;18;7;3;3;2;0;2;38;5
2020-11;39;3;745;239;48;26;129;27;39;69;12;6;7;3;2;4;4;21;7
2020-11;40;3;448;195;76;26;133;19;32;34;13;5;2;1;0;1;1;22;3
2020-11;41;3;366;61;95;37;44;11;1;6;7;4;1;1;5;0;3;35;1
2020-11;42;3;692;74;148;51;39;8;3;16;38;9;3;3;2;0;7;38;1
2020-11;43;3;379;42;51;17;29;9;1;6;10;6;5;5;0;0;9;84;5
2020-11;44;3;374;120;91;27;80;17;10;11;4;6;6;6;1;0;1;13;2
2020-12;1;3;545;132;141;112;108;17;5;1;3;25;1;1;0;0;1;11;2
2020-12;4;3;329;84;111;5;74;12;8;1;1;23;0;0;9;0;2;10;1
2020-12;5;3;749;167;183;104;128;29;1;1;16;24;0;0;1;0;1;19;3
2020-12;6;3;386;119;75;25;62;12;13;27;10;7;3;2;1;0;0;27;3
2020-12;7;3;120;27;38;6;17;2;2;2;17;1;0;0;1;0;0;7;3
2020-12;9;3;609;124;150;83;85;17;3;4;35;17;1;1;3;0;0;29;0
2020-12;10;3;469;57;177;56;38;12;2;5;11;42;0;0;0;0;0;14;4
2020-12;11;3;57;3;11;8;3;1;1;0;0;4;1;0;1;1;2;5;1
2020-12;12;3;636;65;223;55;52;12;1;1;7;38;1;1;3;0;0;21;6
2020-12;13;3;335;52;111;46;44;11;2;0;6;14;1;1;0;0;0;16;1
2020-12;14;3;524;75;252;41;50;14;2;4;8;48;0;0;0;0;0;13;1
2020-12;15;3;225;23;58;31;19;7;2;2;7;13;0;0;0;0;4;14;0
2020-12;16;3;1324;152;424;175;102;28;18;7;33;108;2;2;1;0;5;53;4
2020-12;17;3;429;116;103;17;74;14;38;19;8;16;1;0;8;1;3;20;5
2020-12;18;3;296;93;74;25;47;10;5;31;2;5;1;1;0;0;0;12;2
2020-12;19;3;501;69;129;69;30;3;6;25;9;7;2;0;10;2;1;39;2
2020-12;20;3;537;107;166;59;50;7;3;28;10;4;1;0;2;1;1;27;1
2020-12;21;3;879;262;203;87;172;37;35;26;8;13;6;3;2;3;2;39;6
2020-12;22;3;565;115;177;37;66;17;4;21;20;14;5;3;0;2;4;34;0
2020-12;23;3;365;101;93;34;55;12;6;20;11;8;0;0;0;0;2;20;3
2020-12;24;3;406;179;61;23;90;30;6;37;9;3;6;6;1;0;2;24;4
2020-12;25;3;379;136;74;23;67;16;13;38;3;5;0;0;0;0;0;14;2
2020-12;26;3;396;88;68;55;44;14;3;13;5;7;0;0;1;0;3;19;4
2020-12;27;3;524;174;109;41;108;26;22;25;33;5;1;1;1;0;2;24;6
2020-12;28;3;339;77;78;25;48;13;3;18;9;14;2;2;2;0;5;40;1
2020-12;29;3;954;354;286;58;260;48;41;47;24;27;4;4;0;0;3;39;4
2020-12;30;3;332;105;64;21;54;19;3;35;9;9;1;1;0;0;2;34;3
2020-12;31;3;560;233;64;26;73;9;15;110;11;11;7;1;6;6;3;33;3
2020-12;32;3;1328;275;338;107;180;31;57;22;12;30;4;4;2;0;12;120;7
2020-12;33;3;865;334;145;51;180;60;20;83;20;16;3;1;3;2;6;47;3
2020-12;34;3;1274;414;223;78;228;59;18;118;16;17;8;7;2;1;11;98;8
2020-12;35;3;1126;209;233;130;82;21;6;74;46;53;5;3;4;2;9;98;11
2020-12;36;3;633;94;113;65;60;16;7;12;12;16;2;2;2;0;15;83;3
2020-12;37;3;642;69;102;62;35;10;8;7;12;9;3;3;1;0;5;55;6
2020-12;38;3;489;195;51;21;84;31;5;53;14;8;7;5;0;1;7;34;1
2020-12;39;3;706;239;44;18;115;26;30;74;12;5;11;3;2;7;1;19;5
2020-12;40;3;420;193;53;36;106;22;12;40;15;3;2;2;0;0;1;22;2
2020-12;41;3;391;49;98;42;32;6;5;7;5;12;1;1;0;0;2;47;6
2020-12;42;3;745;58;185;39;35;7;2;8;38;15;0;0;0;0;2;81;2
2020-12;43;3;394;47;62;20;28;8;1;10;13;10;5;5;0;0;11;69;3
2020-12;44;3;487;110;173;31;74;21;13;20;5;11;3;2;5;1;5;19;2
2021-01;1;3;574;110;137;136;102;17;11;0;4;20;0;0;0;0;1;13;0
2021-01;4;3;329;65;127;12;60;14;16;1;1;24;0;0;9;0;1;21;0
2021-01;5;3;777;185;219;81;144;27;9;6;14;37;1;1;0;0;1;27;5
2021-01;6;3;428;144;76;18;118;15;47;15;13;5;10;8;7;2;1;12;4
2021-01;7;3;164;52;36;2;31;8;5;5;17;4;2;1;12;1;3;11;0
2021-01;9;3;781;159;179;145;120;16;12;18;41;20;0;0;2;0;2;27;3
2021-01;10;3;515;85;156;57;49;17;1;10;11;32;0;0;0;0;0;25;0
2021-01;11;3;58;2;5;8;1;1;0;0;1;0;0;0;0;0;4;8;0
2021-01;12;3;670;73;251;48;58;17;1;0;10;50;2;0;2;2;0;27;3
2021-01;13;3;401;45;140;50;36;6;0;1;0;34;0;0;0;0;1;10;1
2021-01;14;3;807;123;416;40;92;27;2;6;11;121;0;0;0;0;0;24;0
2021-01;15;3;278;52;76;42;35;11;5;5;10;19;0;0;0;0;2;16;1
2021-01;16;3;1371;175;400;197;120;22;29;13;29;69;2;1;6;1;1;84;9
2021-01;17;3;449;141;87;19;94;19;37;24;12;9;2;2;8;0;2;31;4
2021-01;18;3;332;101;92;18;46;18;8;34;7;4;0;0;0;0;0;13;0
2021-01;19;3;564;79;144;70;42;13;1;24;4;13;5;3;8;2;2;18;1
2021-01;20;3;575;96;151;72;60;15;3;13;10;8;2;0;7;2;3;47;4
2021-01;21;3;931;297;223;65;198;38;47;30;21;20;6;4;3;2;3;38;9
2021-01;22;3;684;129;178;61;86;20;13;21;20;22;8;4;1;4;3;37;5
2021-01;23;3;336;103;66;39;62;12;7;21;11;5;1;1;1;0;1;14;0
2021-01;24;3;431;184;68;17;108;27;4;42;8;8;1;0;2;1;0;34;4
2021-01;25;3;375;123;66;22;59;8;8;35;2;10;2;2;2;0;4;28;0
2021-01;26;3;464;152;74;43;69;12;7;32;3;3;0;0;4;0;0;20;3
2021-01;27;3;653;232;138;32;157;29;46;33;20;8;6;4;3;2;5;45;2
2021-01;28;3;315;67;64;23;43;16;2;10;7;3;0;0;5;0;3;50;5
2021-01;29;3;1023;380;230;91;279;58;57;47;14;34;7;4;1;2;2;42;1
2021-01;30;3;420;134;68;26;64;15;6;43;18;5;2;2;0;0;2;52;4
2021-01;31;3;594;226;69;34;106;17;16;90;13;11;8;3;8;5;1;53;3
2021-01;32;3;1444;327;366;123;230;45;62;26;18;27;9;8;5;1;12;130;7
2021-01;33;3;862;329;116;29;178;54;18;77;21;11;6;3;8;3;9;79;8
2021-01;34;3;1288;346;186;87;227;46;31;75;31;18;17;9;17;8;12;110;10
2021-01;35;3;1227;193;210;177;81;25;7;69;55;32;3;3;4;0;23;121;14
2021-01;36;3;693;85;107;58;59;11;7;12;16;16;2;2;4;0;12;104;11
2021-01;37;3;659;68;88;80;46;15;1;10;6;4;2;2;1;0;8;40;5
2021-01;38;3;508;165;51;33;83;34;10;30;11;6;8;4;5;4;2;43;3
2021-01;39;3;816;334;60;24;173;26;69;98;15;4;7;4;0;3;3;33;9
2021-01;40;3;442;170;70;31;115;19;35;33;9;5;8;7;1;1;2;24;3
2021-01;41;3;406;81;89;42;55;10;1;10;4;13;4;4;0;0;3;41;2
2021-01;42;3;807;84;236;41;44;8;4;19;53;24;2;2;4;0;3;68;7
2021-01;43;3;530;80;73;21;61;10;26;7;12;13;2;2;2;0;7;93;11
2021-01;44;3;410;135;92;30;96;24;7;19;7;9;2;2;1;0;1;22;3
2021-02;1;3;510;85;124;115;77;12;12;0;1;25;0;0;0;0;1;13;1
2021-02;4;3;317;63;96;13;56;18;6;3;4;25;3;2;10;1;1;13;2
2021-02;5;3;718;147;202;108;119;30;9;5;9;32;2;2;1;0;2;28;2
2021-02;6;3;340;93;55;30;54;9;15;16;4;6;4;3;4;0;0;11;1
2021-02;7;3;143;44;30;13;22;1;3;6;10;1;2;1;2;1;2;6;3
2021-02;9;3;645;146;156;119;103;15;22;14;23;20;0;0;1;0;1;23;1
2021-02;10;3;540;71;192;90;49;12;4;3;14;33;0;0;0;0;1;20;1
2021-02;11;3;52;4;5;3;3;0;1;1;1;1;0;0;0;0;1;5;0
2021-02;12;3;637;83;213;69;61;14;3;1;10;43;0;0;1;0;2;28;2
2021-02;13;3;395;45;146;43;36;15;0;1;2;29;1;1;0;0;1;20;0
2021-02;14;3;680;88;339;73;65;30;1;3;6;101;0;0;1;0;0;15;1
2021-02;15;3;278;35;83;35;20;5;3;5;8;13;0;0;1;0;1;15;1
2021-02;16;3;1356;178;426;180;116;23;24;11;8;75;2;2;1;0;4;78;3
2021-02;17;3;422;123;101;32;79;19;22;20;14;11;1;1;5;0;2;25;1
2021-02;18;3;318;109;82;26;61;19;4;29;7;10;1;0;1;0;2;8;0
2021-02;19;3;549;82;156;68;53;15;0;12;2;23;6;3;9;3;1;26;2
2021-02;20;3;535;88;150;73;60;15;3;15;2;9;3;1;2;2;1;17;2
2021-02;21;3;893;268;201;79;183;29;45;34;15;19;4;2;7;2;9;33;5
2021-02;22;3;875;187;232;90;143;32;21;27;27;30;1;1;2;0;3;46;3
2021-02;23;3;373;112;74;48;73;19;4;14;8;4;2;2;0;0;0;22;2
2021-02;24;3;411;182;60;20;103;17;8;49;8;0;14;3;0;11;1;22;1
2021-02;25;3;382;120;64;12;67;14;20;17;4;4;3;1;3;1;5;20;1
2021-02;26;3;482;157;72;49;69;17;4;43;0;6;1;0;0;1;0;29;3
2021-02;27;3;639;226;141;50;143;28;41;49;19;11;3;2;0;0;1;44;3
2021-02;28;3;291;83;67;25;48;11;3;16;8;10;5;2;1;3;2;25;2
2021-02;29;3;1003;376;228;93;259;57;39;48;22;32;12;6;0;6;3;35;3
2021-02;30;3;457;138;99;28;68;19;4;50;22;14;0;0;0;0;2;48;4
2021-02;31;3;604;241;58;36;108;13;18;88;11;8;5;3;4;2;8;46;3
2021-02;32;3;1287;303;275;127;200;37;42;23;10;26;5;3;2;2;14;105;12
2021-02;33;3;908;355;163;61;201;59;19;76;34;12;4;2;0;2;4;34;1
2021-02;34;3;1259;379;223;71;234;44;43;78;36;18;14;8;14;6;16;67;9
2021-02;35;3;1052;185;209;157;89;19;12;64;58;26;3;3;4;0;5;94;9
2021-02;36;3;602;76;81;83;55;11;8;6;11;8;2;2;5;0;8;88;4
2021-02;37;3;568;43;86;69;26;4;3;4;10;8;6;6;2;0;2;39;4
2021-02;38;3;551;210;37;25;106;36;11;50;9;5;5;3;0;1;6;47;3
2021-02;39;3;671;317;56;34;170;11;67;99;13;4;9;3;1;6;5;16;3
2021-02;40;3;483;194;52;28;138;26;48;31;14;7;3;3;0;0;3;38;3
2021-02;41;3;389;90;73;53;66;13;6;13;4;7;0;0;1;0;4;32;4
2021-02;42;3;739;74;167;54;43;9;4;13;31;17;2;2;3;0;4;55;5
2021-02;43;3;402;53;66;19;41;4;16;5;16;13;2;2;3;0;10;76;11
2021-02;44;3;435;154;79;31;102;24;19;27;7;6;2;1;4;1;0;18;4
2021-03;1;3;620;104;156;140;93;21;9;0;2;19;0;0;0;0;2;19;0
2021-03;4;3;321;77;97;8;64;14;15;4;3;19;0;0;0;0;1;12;3
2021-03;5;3;787;146;198;126;115;21;4;3;23;32;0;0;1;0;1;33;1
2021-03;6;3;421;93;93;24;63;9;18;10;2;17;4;0;3;4;2;21;2
2021-03;7;3;147;37;29;7;17;3;7;6;8;2;1;0;4;1;0;8;0
2021-03;9;3;683;129;167;141;91;19;13;13;28;26;1;0;5;1;1;19;1
2021-03;10;3;642;61;212;136;33;11;2;7;12;24;0;0;0;0;2;26;0
2021-03;11;3;79;3;9;10;0;0;0;1;1;1;0;0;1;0;3;12;5
2021-03;12;3;587;57;161;77;47;9;1;1;4;26;0;0;0;0;1;22;1
2021-03;13;3;292;23;115;54;19;5;2;1;1;12;0;0;1;0;1;6;3
2021-03;14;3;445;58;188;56;41;9;2;2;4;41;0;0;0;0;0;6;0
2021-03;15;3;258;29;62;50;16;2;2;9;9;8;0;0;0;0;1;10;0
2021-03;16;3;1475;171;437;261;111;26;20;2;13;76;5;3;2;2;5;71;5
2021-03;17;3;475;122;116;38;76;17;26;23;6;8;2;1;2;1;1;25;0
2021-03;18;3;375;98;148;35;60;15;6;20;2;30;0;0;0;0;1;6;0
2021-03;19;3;653;104;153;126;64;24;6;18;2;15;3;3;25;0;0;27;4
2021-03;20;3;535;98;140;89;51;6;2;23;2;8;5;0;4;5;1;25;0
2021-03;21;3;1047;264;286;87;194;31;71;30;17;23;4;3;3;1;5;39;7
2021-03;22;3;919;126;249;112;83;23;14;14;22;19;8;2;1;6;3;64;7
2021-03;23;3;393;91;79;44;55;17;2;18;7;5;3;3;4;0;1;21;1
2021-03;24;3;425;197;64;25;112;26;3;46;8;3;4;1;0;2;1;22;1
2021-03;25;3;407;147;55;17;74;13;17;21;3;3;5;0;5;4;2;26;1
2021-03;26;3;482;121;80;65;66;8;10;30;3;4;3;1;2;2;1;27;2
2021-03;27;3;749;273;131;69;164;31;49;52;19;9;3;2;6;1;8;34;5
2021-03;28;3;379;96;74;46;57;16;5;23;7;9;0;0;4;0;5;36;2
2021-03;29;3;943;304;223;96;207;49;26;45;12;18;6;4;0;2;4;42;5
2021-03;30;3;476;162;81;42;83;32;9;53;20;7;1;0;0;1;3;43;1
2021-03;31;3;668;234;85;48;114;12;15;82;15;12;13;9;7;3;6;38;5
2021-03;32;3;1442;281;325;206;204;39;43;23;23;33;6;5;2;1;4;124;7
2021-03;33;3;844;290;142;61;151;43;9;87;27;8;8;4;7;4;5;62;4
2021-03;34;3;1257;379;185;109;214;48;43;95;34;14;18;7;9;11;11;98;10
2021-03;35;3;1272;227;234;193;95;25;16;75;64;17;5;4;5;0;19;124;12
2021-03;36;3;749;98;116;93;65;18;14;14;19;16;5;5;4;0;9;97;11
2021-03;37;3;727;66;112;113;41;8;3;8;9;8;5;2;2;3;2;49;3
2021-03;38;3;558;183;68;35;94;24;8;36;23;6;3;2;1;1;3;41;3
2021-03;39;3;760;340;58;52;129;20;45;120;13;4;12;4;5;8;4;31;6
2021-03;40;3;542;239;69;32;164;26;39;31;21;2;1;1;0;0;1;34;0
2021-03;41;3;445;78;106;60;53;11;0;10;5;19;0;0;1;0;0;47;2
2021-03;42;3;721;72;162;85;36;9;6;11;26;20;2;2;1;0;2;64;3
2021-03;43;3;477;62;64;20;42;14;10;11;15;14;2;2;1;0;9;75;7
2021-03;44;3;434;173;90;33;107;26;30;25;7;7;1;0;9;1;0;28;3
2021-04;1;3;427;75;95;126;64;11;14;0;2;15;0;0;1;0;0;7;0
2021-04;4;3;345;62;125;22;54;2;24;0;0;21;2;0;5;2;0;15;4
2021-04;5;3;667;143;134;119;122;15;14;2;7;18;0;0;0;0;1;31;1
2021-04;6;3;349;81;60;38;52;7;17;13;7;9;6;2;4;4;1;9;0
2021-04;7;3;123;36;17;14;24;5;4;4;3;1;0;0;6;0;1;10;0
2021-04;9;3;567;119;124;100;91;21;5;14;23;16;0;0;0;0;3;18;0
2021-04;10;3;564;65;182;109;47;9;3;3;14;16;0;0;3;0;0;21;4
2021-04;11;3;55;2;12;7;1;1;0;0;1;2;0;0;0;0;1;9;2
2021-04;12;3;566;27;160;85;22;3;1;0;2;35;1;1;0;0;6;26;3
2021-04;13;3;326;25;96;65;20;4;3;0;0;20;0;0;0;0;7;12;3
2021-04;14;3;411;31;161;40;22;8;1;1;1;27;0;0;0;0;1;18;0
2021-04;15;3;253;30;64;50;18;6;3;7;2;6;0;0;0;0;1;12;0
2021-04;16;3;1176;160;371;214;102;25;17;10;8;57;1;0;0;0;2;53;1
2021-04;17;3;422;107;125;34;73;20;23;15;13;17;2;1;2;1;0;11;1
2021-04;18;3;314;79;99;32;47;9;12;19;3;19;1;1;1;0;1;4;0
2021-04;19;3;579;98;145;107;56;14;8;25;5;19;2;1;19;1;0;22;3
2021-04;20;3;478;76;133;75;52;8;7;10;4;10;2;0;8;2;0;24;2
2021-04;21;3;954;296;185;74;228;38;92;29;17;16;10;5;2;4;6;24;9
2021-04;22;3;768;150;201;86;87;21;14;29;25;15;5;5;6;0;0;40;6
2021-04;23;3;353;84;83;35;51;9;8;17;7;8;2;2;0;0;0;19;5
2021-04;24;3;366;136;68;24;74;19;2;34;8;5;5;1;2;4;4;20;3
2021-04;25;3;373;116;70;25;64;15;15;15;12;3;3;2;8;0;0;15;1
2021-04;26;3;428;95;82;62;48;8;6;18;4;7;2;0;4;2;0;20;1
2021-04;27;3;618;199;105;56;122;26;29;50;22;12;5;1;3;2;3;41;1
2021-04;28;3;298;63;50;39;39;10;4;17;6;1;3;2;2;1;2;29;0
2021-04;29;3;854;265;185;100;171;40;34;48;8;21;7;4;2;3;2;31;3
2021-04;30;3;405;144;69;24;71;16;5;46;27;7;1;0;2;1;1;39;2
2021-04;31;3;492;190;49;29;99;19;19;51;12;2;10;2;1;8;1;28;3
2021-04;32;3;1309;271;308;172;181;31;52;31;15;33;6;4;4;2;8;98;7
2021-04;33;3;805;250;174;82;104;23;13;92;44;14;5;2;1;3;3;67;3
2021-04;34;3;1087;329;143;93;181;50;27;98;27;6;8;4;17;3;13;80;5
2021-04;35;3;1139;206;192;179;82;27;9;88;60;22;4;2;2;1;18;116;5
2021-04;36;3;567;65;94;69;41;3;5;10;21;10;4;4;1;0;10;83;6
2021-04;37;3;664;69;79;119;47;5;5;8;6;7;3;3;0;0;3;40;5
2021-04;38;3;582;179;72;34;88;20;18;40;24;5;3;2;2;1;4;40;3
2021-04;39;3;668;316;57;39;138;20;43;110;19;4;9;1;3;7;5;19;3
2021-04;40;3;496;197;58;27;117;17;26;53;13;6;4;2;0;1;4;33;2
2021-04;41;3;406;70;79;66;45;13;5;12;3;12;0;0;0;0;4;37;0
2021-04;42;3;654;56;140;79;21;8;1;9;20;15;0;0;1;0;4;57;1
2021-04;43;3;413;32;54;23;22;6;1;4;9;17;4;3;5;1;11;80;9
2021-04;44;3;441;188;93;21;117;27;14;24;15;6;7;2;5;5;2;21;2
2021-05;1;3;506;65;93;179;57;12;9;0;3;8;0;0;0;0;0;6;0
2021-05;4;3;360;77;119;38;67;14;22;7;3;24;3;2;0;1;0;8;3
2021-05;5;3;701;140;148;118;118;20;4;2;8;30;2;1;0;0;2;28;1
2021-05;6;3;319;64;66;37;41;2;10;8;5;9;1;1;0;0;0;14;2
2021-05;7;3;136;43;23;16;25;0;0;5;2;0;0;0;0;0;0;10;0
2021-05;9;3;629;116;163;114;86;16;14;11;27;21;0;0;0;0;1;33;0
2021-05;10;3;680;81;199;143;51;13;7;11;18;36;0;0;0;0;10;20;2
2021-05;11;3;58;0;6;7;0;0;0;0;0;1;0;0;7;0;0;9;2
2021-05;12;3;626;36;191;85;32;10;1;1;2;39;0;0;5;0;1;27;1
2021-05;13;3;338;32;134;51;24;6;5;0;0;31;0;0;0;0;1;7;1
2021-05;14;3;473;61;185;53;51;13;4;0;1;38;1;0;1;1;1;12;1
2021-05;15;3;281;45;65;52;28;8;1;10;2;10;0;0;1;0;0;20;2
2021-05;16;3;1436;161;495;268;102;27;17;9;16;97;0;0;1;0;2;74;1
2021-05;17;3;482;120;117;42;82;21;25;17;8;16;1;1;11;0;0;24;0
2021-05;18;3;347;95;94;46;57;13;12;19;1;14;0;0;3;0;0;15;1
2021-05;19;3;569;91;125;124;46;10;6;27;7;12;4;1;8;3;0;25;3
2021-05;20;3;422;80;87;80;58;19;2;13;3;10;2;0;14;2;3;28;1
2021-05;21;3;1032;279;222;94;213;28;72;28;14;24;5;2;6;3;6;49;6
2021-05;22;3;942;154;183;120;90;23;20;37;23;21;1;1;6;0;3;44;1
2021-05;23;3;388;95;78;56;61;13;1;17;7;9;4;1;1;1;1;17;3
2021-05;24;3;345;113;71;31;62;23;2;25;8;10;1;1;1;0;1;23;5
2021-05;25;3;396;107;84;25;67;9;16;13;9;6;29;2;3;27;2;27;2
2021-05;26;3;445;83;93;84;51;13;2;8;5;15;3;1;2;2;1;13;2
2021-05;27;3;591;181;97;69;121;31;19;28;29;10;4;4;0;0;4;38;4
2021-05;28;3;294;67;46;46;43;8;4;14;3;4;2;2;3;0;1;30;4
2021-05;29;3;812;227;194;98;157;36;30;33;17;18;5;5;2;0;2;43;4
2021-05;30;3;358;112;57;22;77;26;9;18;18;5;0;0;0;0;2;52;4
2021-05;31;3;433;146;44;40;74;7;11;37;10;4;4;1;9;3;6;45;2
2021-05;32;3;1463;349;312;187;253;41;72;30;22;44;11;8;0;2;4;120;5
2021-05;33;3;928;286;143;143;196;47;16;41;40;13;5;3;3;2;2;62;2
2021-05;34;3;1161;316;142;94;157;38;37;116;33;13;2;2;1;0;7;99;8
2021-05;35;3;1092;217;196;178;83;18;2;93;59;21;1;0;2;0;19;99;7
2021-05;36;3;584;72;107;79;48;4;3;12;29;5;2;2;2;0;15;54;4
2021-05;37;3;690;58;93;111;37;5;3;7;7;14;1;1;0;0;3;41;5
2021-05;38;3;517;171;58;41;93;20;16;42;17;2;2;2;7;0;0;39;2
2021-05;39;3;684;352;65;35;129;21;47;111;25;5;3;2;3;1;4;26;3
2021-05;40;3;474;223;46;27;134;30;31;51;7;3;3;3;0;0;3;24;3
2021-05;41;3;384;90;72;39;59;16;3;14;5;5;1;1;0;0;0;39;3
2021-05;42;3;724;60;131;104;34;9;0;4;22;14;1;1;2;0;2;70;5
2021-05;43;3;399;37;61;27;18;9;0;6;17;11;0;0;1;0;3;81;3
2021-05;44;3;349;112;76;40;68;25;7;21;4;4;2;1;0;1;0;18;3
2021-06;1;3;505;64;119;173;56;6;8;0;3;19;1;0;0;0;0;6;0
2021-06;4;3;370;88;121;32;71;9;25;6;2;21;2;1;0;0;0;8;3
2021-06;5;3;729;153;203;107;118;16;12;3;10;41;1;1;2;0;3;39;1
2021-06;6;3;322;76;70;28;47;7;23;10;2;10;1;0;4;1;0;15;3
2021-06;7;3;116;22;33;11;13;0;4;0;8;3;0;0;14;0;0;8;2
2021-06;9;3;593;98;165;135;74;21;14;5;24;39;1;1;0;0;0;13;0
2021-06;10;3;759;78;274;157;51;11;11;9;15;40;0;0;3;0;0;29;0
2021-06;11;3;47;2;5;5;0;0;0;0;0;2;0;0;0;0;2;3;0
2021-06;12;3;612;40;195;83;27;11;2;0;6;48;5;5;3;0;1;27;2
2021-06;13;3;373;39;120;67;32;8;2;0;2;29;0;0;0;0;0;8;1
2021-06;14;3;524;66;184;98;53;17;3;2;4;51;0;0;0;0;1;14;1
2021-06;15;3;317;35;80;70;26;7;1;6;4;7;0;0;0;0;1;13;1
2021-06;16;3;1444;168;479;234;112;21;22;6;15;93;1;1;2;0;5;55;4
2021-06;17;3;484;98;139;46;71;21;21;16;9;12;1;1;5;0;3;29;4
2021-06;18;3;327;104;89;45;64;16;14;19;4;16;0;0;2;0;0;3;2
2021-06;19;3;589;83;148;113;42;12;1;27;14;16;1;0;10;1;2;32;2
2021-06;20;3;415;105;88;75;62;16;3;29;5;9;0;0;6;0;3;21;0
2021-06;21;3;926;239;193;84;147;24;44;33;10;17;4;2;1;2;2;38;7
2021-06;22;3;937;163;189;101;97;16;8;40;20;26;5;1;8;3;4;57;5
2021-06;23;3;400;87;89;68;66;13;5;8;6;7;0;0;0;0;0;23;3
2021-06;24;3;357;127;55;35;77;18;5;32;8;6;1;0;1;1;1;23;3
2021-06;25;3;391;105;100;30;63;14;17;10;6;11;0;0;0;0;0;15;4
2021-06;26;3;470;86;110;75;48;10;3;17;7;12;3;1;2;1;2;22;3
2021-06;27;3;613;152;153;67;92;22;15;33;34;17;0;0;0;0;2;28;5
2021-06;28;3;275;52;48;45;33;7;1;9;4;9;2;1;1;1;2;30;1
2021-06;29;3;900;287;255;87;185;56;28;56;18;26;6;4;1;2;1;34;1
2021-06;30;3;385;116;54;50;72;30;3;27;8;9;0;0;0;0;6;46;2
2021-06;31;3;379;118;39;34;49;8;5;33;10;3;2;1;1;1;0;33;3
2021-06;32;3;1483;331;358;175;253;70;50;26;17;41;3;3;3;0;7;110;10
2021-06;33;3;796;172;120;129;81;28;6;47;23;11;10;9;0;1;10;80;2
2021-06;34;3;1163;288;166;96;146;34;38;95;38;21;8;6;8;2;2;99;8
2021-06;35;3;1085;176;183;199;99;26;15;53;56;16;6;6;5;0;10;85;13
2021-06;36;3;549;86;84;66;56;5;9;12;10;6;3;1;2;1;7;56;5
2021-06;37;3;710;54;103;102;30;4;3;16;12;7;0;0;1;0;6;58;5
2021-06;38;3;481;150;58;53;75;17;12;33;17;8;3;3;1;0;6;40;2
2021-06;39;3;623;347;61;32;162;16;65;90;15;3;8;4;5;4;3;16;2
2021-06;40;3;499;236;57;36;138;26;39;57;9;5;2;1;0;1;3;19;1
2021-06;41;3;397;86;69;48;55;9;2;14;2;8;1;0;0;1;1;33;3
2021-06;42;3;946;58;208;137;25;9;2;12;21;26;5;5;3;0;2;64;4
2021-06;43;3;390;47;56;37;32;8;0;9;12;5;1;1;2;0;10;73;5
2021-06;44;3;401;139;82;34;93;33;10;25;10;7;0;0;0;0;2;18;4
2021-07;1;3;487;77;102;134;65;10;8;3;1;20;1;0;2;0;0;13;1
2021-07;4;3;319;65;109;21;54;9;14;4;4;17;1;1;0;0;3;12;2
2021-07;5;3;849;177;251;109;152;25;8;4;9;56;0;0;0;0;5;36;1
2021-07;6;3;365;90;69;37;62;6;23;16;8;7;2;0;7;2;1;12;0
2021-07;7;3;107;24;26;17;15;1;0;4;11;0;1;1;2;0;0;3;0
2021-07;9;3;649;96;170;129;70;17;15;8;24;45;0;0;0;0;2;24;0
2021-07;10;3;757;83;270;168;52;18;6;7;9;64;0;0;0;0;1;28;1
2021-07;11;3;83;3;12;17;3;1;1;0;0;2;1;1;1;0;2;6;2
2021-07;12;3;634;39;227;107;30;9;1;1;4;60;0;0;1;0;1;22;2
2021-07;13;3;357;45;113;67;36;10;1;0;4;26;0;0;0;0;2;13;1
2021-07;14;3;551;81;192;96;63;20;3;2;3;63;2;1;0;1;0;15;0
2021-07;15;3;339;73;74;61;58;12;6;7;5;14;0;0;0;0;1;14;2
2021-07;16;3;1172;139;422;177;93;18;19;10;17;94;0;0;2;0;3;51;2
2021-07;17;3;461;124;108;44;89;29;19;17;12;13;0;0;0;0;0;22;4
2021-07;18;3;355;96;101;39;60;14;9;26;6;15;0;0;0;0;1;12;1
2021-07;19;3;623;79;169;122;42;4;4;30;2;25;0;0;11;0;3;36;4
2021-07;20;3;458;74;104;83;41;12;1;17;3;11;1;0;14;1;0;26;1
2021-07;21;3;979;251;203;101;172;30;33;27;18;23;5;3;2;2;8;32;6
2021-07;22;3;800;135;194;104;95;22;16;21;17;22;2;0;12;1;0;57;3
2021-07;23;3;382;85;89;55;58;16;4;17;8;10;1;1;0;0;0;10;0
2021-07;24;3;362;122;75;39;67;18;2;34;12;4;0;0;0;0;4;15;4
2021-07;25;3;368;126;73;19;81;15;23;19;7;6;1;0;0;1;1;23;2
2021-07;26;3;503;111;105;75;54;14;9;32;9;16;2;0;2;2;0;20;1
2021-07;27;3;664;196;137;51;130;31;14;34;10;16;3;3;2;0;4;57;4
2021-07;28;3;303;71;54;46;42;13;0;18;9;10;3;2;0;1;2;33;5
2021-07;29;3;932;264;269;93;154;37;22;61;20;30;0;0;0;0;2;24;3
2021-07;30;3;387;122;77;43;69;26;3;35;20;5;2;2;0;0;0;37;2
2021-07;31;3;503;196;66;33;110;25;4;46;14;3;3;3;7;0;2;29;5
2021-07;32;3;1494;330;340;202;236;47;45;36;17;35;5;3;3;2;10;106;9
2021-07;33;3;869;194;129;123;116;41;9;39;31;17;7;6;1;1;3;63;1
2021-07;34;3;1114;313;154;92;157;42;28;100;38;7;11;8;9;3;11;73;10
2021-07;35;3;1168;223;206;187;116;34;18;67;81;12;5;4;3;1;20;128;10
2021-07;36;3;610;84;98;77;54;7;8;14;22;5;7;3;5;4;11;68;9
2021-07;37;3;750;65;124;107;45;8;2;9;11;4;4;4;0;0;4;41;4
2021-07;38;3;528;173;67;52;88;25;18;37;16;10;7;5;8;2;2;44;6
2021-07;39;3;707;355;71;47;158;20;59;123;12;10;6;4;11;1;4;22;2
2021-07;40;3;490;215;54;30;113;18;26;57;4;6;1;1;3;0;0;23;0
2021-07;41;3;447;100;88;61;73;15;4;17;2;10;3;3;2;0;2;61;1
2021-07;42;3;897;80;170;119;46;14;4;15;21;27;2;2;1;0;7;51;8
2021-07;43;3;432;35;77;42;21;8;2;5;19;12;1;0;2;0;4;72;4
2021-07;44;3;418;144;94;51;110;27;7;20;12;12;0;0;2;0;0;29;0
2021-08;1;3;410;62;104;108;50;14;1;0;1;21;0;0;0;0;1;5;0
2021-08;4;3;392;70;130;33;57;7;12;1;1;19;0;0;0;0;0;10;2
2021-08;5;3;897;163;267;174;136;14;9;4;9;63;2;1;1;1;1;26;1
2021-08;6;3;317;80;62;30;48;7;15;18;4;14;2;1;3;1;2;24;2
2021-08;7;3;131;32;24;9;22;3;2;5;8;1;3;1;1;2;1;17;0
2021-08;9;3;744;136;186;151;100;28;19;14;18;47;0;0;3;0;3;35;0
2021-08;10;3;751;77;275;127;42;14;2;9;15;60;2;2;0;0;0;39;1
2021-08;11;3;66;4;10;12;2;1;0;0;1;2;1;1;0;0;0;7;0
2021-08;12;3;731;58;314;101;40;16;2;0;3;72;0;0;3;0;1;17;2
2021-08;13;3;388;27;126;78;24;6;1;0;1;34;0;0;0;0;2;13;4
2021-08;14;3;662;85;266;124;64;28;3;2;8;93;1;1;2;0;0;16;2
2021-08;15;3;360;75;81;80;53;8;3;9;7;17;1;1;1;0;0;16;2
2021-08;16;3;1173;133;464;181;99;26;15;3;25;124;0;0;5;0;1;58;7
2021-08;17;3;482;134;128;31;75;18;19;20;9;14;0;0;1;0;4;23;1
2021-08;18;3;383;102;106;36;67;23;12;23;5;14;0;0;1;0;0;9;0
2021-08;19;3;555;82;126;112;42;15;1;29;3;21;1;0;11;1;2;37;1
2021-08;20;3;413;85;82;72;49;7;1;23;5;12;2;0;4;2;3;36;1
2021-08;21;3;1053;276;206;107;197;40;47;35;19;22;6;4;0;2;5;43;10
2021-08;22;3;837;157;206;129;97;19;10;33;21;19;8;5;0;3;4;38;4
2021-08;23;3;405;83;97;63;51;11;6;16;13;13;1;1;0;0;2;29;1
2021-08;24;3;360;118;73;37;63;12;3;35;12;9;2;2;0;0;3;35;3
2021-08;25;3;404;111;76;39;65;16;16;22;7;3;1;0;5;1;2;34;1
2021-08;26;3;456;142;95;60;83;14;12;35;5;11;0;0;0;0;2;26;1
2021-08;27;3;675;170;113;100;84;28;9;47;16;20;8;2;2;6;3;43;6
2021-08;28;3;267;63;56;36;40;9;2;15;8;10;1;1;2;0;1;18;4
2021-08;29;3;927;261;214;104;165;38;37;64;24;27;5;2;15;3;1;44;2
2021-08;30;3;359;110;57;42;69;20;6;28;15;5;0;0;1;0;0;29;5
2021-08;31;3;488;167;76;36;76;10;10;60;15;7;2;1;4;1;6;29;4
2021-08;32;3;1531;288;338;222;207;35;20;28;20;34;10;9;9;0;8;136;10
2021-08;33;3;819;156;146;133;82;25;6;41;28;15;5;4;5;1;5;69;1
2021-08;34;3;1064;282;177;109;121;32;18;107;29;21;8;3;3;5;4;81;10
2021-08;35;3;1298;233;238;202;104;28;17;88;71;28;7;5;2;0;14;138;9
2021-08;36;3;642;77;87;104;48;7;9;15;20;8;2;2;2;0;12;95;12
2021-08;37;3;733;57;135;105;29;7;2;14;16;10;1;1;0;0;2;44;2
2021-08;38;3;530;135;72;65;70;16;16;28;16;5;5;3;6;2;5;40;6
2021-08;39;3;625;309;60;36;134;16;42;108;12;3;10;3;13;7;2;18;1
2021-08;40;3;477;185;51;34;99;13;18;55;12;4;2;2;1;0;2;36;2
2021-08;41;3;390;74;81;66;46;10;3;6;10;8;3;2;2;0;3;27;0
2021-08;42;3;876;63;175;135;38;7;4;7;22;30;1;1;1;0;4;64;0
2021-08;43;3;423;49;46;53;32;12;2;14;10;10;2;1;1;0;7;79;7
2021-08;44;3;431;152;75;49;114;29;13;15;10;5;0;0;1;0;2;28;1
2021-09;1;3;424;58;83;121;53;9;4;0;0;23;0;0;0;0;0;5;0
2021-09;4;3;352;54;133;35;46;10;9;1;3;19;0;0;0;0;1;9;2
2021-09;5;3;884;215;242;123;184;22;23;3;14;55;1;1;1;0;0;24;2
2021-09;6;3;272;62;59;29;46;8;7;10;6;9;2;0;1;2;1;9;1
2021-09;7;3;146;37;31;18;18;2;1;8;6;1;0;0;0;0;2;13;0
2021-09;9;3;801;166;196;156;123;33;6;19;20;54;0;0;1;0;4;29;5
2021-09;10;3;710;79;272;97;54;11;7;6;10;68;0;0;1;0;3;23;2
2021-09;11;3;56;1;10;6;1;1;0;0;2;0;0;0;0;0;0;9;1
2021-09;12;3;799;59;325;112;42;13;1;0;6;72;0;0;0;0;2;27;1
2021-09;13;3;339;33;98;61;24;8;1;0;1;29;0;0;0;0;2;16;1
2021-09;14;3;565;63;222;83;57;22;1;1;7;63;1;1;0;0;0;15;3
2021-09;15;3;322;53;77;61;41;7;0;3;5;16;0;0;1;0;3;14;3
2021-09;16;3;1235;128;503;172;93;30;10;3;17;135;2;2;1;0;1;53;4
2021-09;17;3;444;117;104;36;78;22;23;23;7;16;0;0;0;0;2;21;3
2021-09;18;3;470;118;128;37;74;21;8;24;5;23;0;0;0;0;1;13;3
2021-09;19;3;587;80;154;145;46;18;2;27;5;33;0;0;3;0;1;29;1
2021-09;20;3;449;92;99;70;49;7;4;28;4;6;0;0;1;0;0;24;0
2021-09;21;3;1058;287;199;97;181;32;27;50;17;22;8;7;1;0;7;37;8
2021-09;22;3;739;139;182;112;85;22;18;19;29;19;6;3;2;2;2;61;7
2021-09;23;3;447;100;111;57;64;11;6;21;24;7;1;1;0;0;3;29;1
2021-09;24;3;360;134;58;36;66;11;7;45;10;6;4;2;0;2;9;27;3
2021-09;25;3;364;123;72;28;53;13;7;32;6;3;1;1;3;0;2;29;3
2021-09;26;3;435;99;79;69;43;12;4;27;6;15;2;1;2;1;1;26;0
2021-09;27;3;579;167;93;80;77;23;8;54;19;7;5;5;0;0;1;38;1
2021-09;28;3;295;55;46;52;23;10;0;14;5;10;1;1;0;0;3;24;5
2021-09;29;3;939;240;263;105;160;21;38;52;24;30;4;3;0;1;0;31;7
2021-09;30;3;358;88;59;43;51;16;5;18;10;7;1;1;2;0;3;32;5
2021-09;31;3;510;205;66;29;114;17;30;61;8;6;6;1;3;5;5;23;1
2021-09;32;3;1461;316;342;219;214;40;32;33;20;36;2;2;1;0;11;107;4
2021-09;33;3;755;162;101;119;87;24;9;44;12;9;6;3;2;3;10;51;5
2021-09;34;3;1147;332;136;106;141;39;25;134;36;15;4;2;6;2;13;74;13
2021-09;35;3;1159;226;194;190;104;21;19;88;43;13;5;2;9;2;15;141;9
2021-09;36;3;581;90;62;76;48;10;5;18;13;6;8;7;1;0;11;85;7
2021-09;37;3;744;55;121;105;34;6;4;8;15;12;4;4;1;0;2;48;4
2021-09;38;3;540;155;61;60;90;27;11;31;12;3;5;5;3;0;3;38;2
2021-09;39;3;589;276;56;39;141;25;25;61;13;7;6;2;2;3;5;27;5
2021-09;40;3;440;157;67;24;85;14;10;48;10;3;5;3;0;2;1;29;5
2021-09;41;3;385;71;82;74;53;7;2;8;3;5;0;0;0;0;2;22;2
2021-09;42;3;895;62;173;151;40;8;6;9;21;28;4;4;1;0;1;57;12
2021-09;43;3;437;50;60;50;24;7;2;9;14;10;2;2;0;0;11;81;6
2021-09;44;3;417;149;90;40;92;28;2;26;11;12;0;0;3;0;3;13;3
2021-10;1;3;332;50;74;69;43;13;4;2;2;15;0;0;0;0;0;12;2
2021-10;4;3;371;61;131;27;57;9;14;2;3;20;2;0;1;2;0;14;3
2021-10;5;3;977;219;269;117;191;19;11;4;17;64;0;0;1;0;2;28;4
2021-10;6;3;321;60;65;50;42;13;9;12;8;7;3;2;2;1;1;14;4
2021-10;7;3;146;39;36;14;20;1;6;3;5;5;0;0;3;0;2;13;0
2021-10;9;3;768;141;186;133;103;24;18;15;18;49;1;0;4;1;1;16;0
2021-10;10;3;758;80;281;130;48;20;3;14;14;75;0;0;0;0;2;21;0
2021-10;11;3;78;1;8;12;1;0;0;0;0;3;0;0;2;0;2;9;3
2021-10;12;3;795;57;306;111;48;21;0;0;8;62;1;1;2;0;4;19;2
2021-10;13;3;323;25;97;57;20;6;0;0;5;19;0;0;0;0;8;10;0
2021-10;14;3;493;34;173;77;30;9;0;0;9;39;0;0;1;0;2;15;1
2021-10;15;3;281;47;71;54;36;14;2;3;6;18;0;0;0;0;0;6;1
2021-10;16;3;1096;110;425;192;81;33;8;6;15;116;1;0;0;0;2;51;2
2021-10;17;3;470;103;119;36;68;17;18;16;11;26;1;1;1;0;2;22;5
2021-10;18;3;509;102;166;53;67;20;14;20;7;43;1;1;1;0;1;22;3
2021-10;19;3;601;83;141;146;50;19;2;15;6;25;0;0;2;0;2;42;3
2021-10;20;3;399;69;104;47;49;8;6;11;6;17;2;1;9;1;0;13;1
2021-10;21;3;975;255;217;110;164;25;35;49;27;21;4;4;0;0;7;37;8
2021-10;22;3;649;125;126;115;72;20;6;32;21;10;2;1;8;1;5;36;4
2021-10;23;3;355;94;84;52;57;16;9;14;9;6;0;0;0;0;0;15;0
2021-10;24;3;360;149;46;30;76;25;2;37;5;8;3;0;1;1;0;19;3
2021-10;25;3;322;115;48;26;70;19;15;25;7;2;1;1;0;0;0;18;3
2021-10;26;3;488;134;94;64;74;18;7;35;4;14;2;1;6;1;5;29;3
2021-10;27;3;528;175;83;54;109;36;6;43;9;11;2;1;0;1;2;32;2
2021-10;28;3;305;52;67;38;30;12;1;15;10;15;1;1;0;0;5;39;3
2021-10;29;3;946;233;255;95;146;31;24;54;16;31;6;3;2;3;7;35;10
2021-10;30;3;312;74;50;44;47;16;4;14;8;8;2;0;2;2;3;33;3
2021-10;31;3;428;131;48;22;74;9;20;31;7;4;3;1;6;2;4;34;4
2021-10;32;3;1649;324;360;230;205;35;15;32;23;25;5;5;2;0;15;124;15
2021-10;33;3;708;163;76;98;61;24;5;71;8;12;6;6;0;0;2;48;5
2021-10;34;3;1049;311;143;87;125;34;23;138;30;14;18;7;12;11;11;63;5
2021-10;35;3;1078;188;173;157;88;19;21;73;46;21;9;9;2;0;19;101;18
2021-10;36;3;655;80;86;91;53;10;7;13;15;3;4;3;1;1;6;74;15
2021-10;37;3;726;41;123;103;18;5;2;4;8;11;3;3;0;0;11;40;5
2021-10;38;3;473;127;48;48;68;15;7;36;15;4;4;2;7;2;5;35;4
2021-10;39;3;501;206;61;27;95;14;21;69;16;6;3;2;3;1;7;11;3
2021-10;40;3;414;159;67;29;95;13;7;39;15;3;1;0;0;1;3;22;3
2021-10;41;3;402;74;90;61;50;7;3;11;5;9;2;1;0;1;5;38;5
2021-10;42;3;768;64;151;133;34;9;3;13;27;11;2;2;1;0;3;71;2
2021-10;43;3;423;47;54;47;28;10;3;6;12;8;5;3;7;2;12;82;8
2021-10;44;3;410;151;81;56;97;29;8;18;13;11;6;4;0;2;5;22;3
2021-11;1;3;483;80;147;122;72;13;2;1;2;22;0;0;2;0;1;8;0
2021-11;4;3;433;77;167;37;64;15;2;2;6;37;2;2;1;0;1;12;4
2021-11;5;3;896;167;315;89;141;25;6;4;17;95;0;0;1;0;4;20;3
2021-11;6;3;389;67;117;42;52;7;11;7;8;16;3;1;0;2;0;18;2
2021-11;7;3;147;37;31;18;15;3;2;5;4;3;1;0;0;1;2;6;0
2021-11;9;3;764;135;222;128;101;35;9;18;26;82;0;0;0;0;3;36;1
2021-11;10;3;761;74;314;141;41;18;2;7;27;65;0;0;6;0;0;16;1
2021-11;11;3;103;0;15;15;0;0;0;0;0;4;1;1;0;0;1;5;5
2021-11;12;3;852;67;356;158;50;19;1;0;13;103;0;0;1;0;1;33;2
2021-11;13;3;369;34;148;63;30;8;2;1;7;32;0;0;0;0;1;13;1
2021-11;14;3;588;49;252;122;42;7;1;1;18;65;1;1;0;0;1;17;2
2021-11;15;3;378;39;105;76;32;10;2;4;12;27;0;0;0;0;0;4;0
2021-11;16;3;1449;135;527;296;108;31;8;7;29;168;2;1;2;1;7;61;6
2021-11;17;3;567;89;187;56;57;14;14;11;13;52;0;0;1;0;0;33;3
2021-11;18;3;520;86;183;79;58;13;11;16;7;69;0;0;0;0;0;11;0
2021-11;19;3;623;75;163;144;42;12;3;17;10;27;0;0;11;0;2;26;2
2021-11;20;3;477;80;108;105;53;9;4;14;14;8;0;0;1;0;0;27;3
2021-11;21;3;976;212;187;111;124;24;30;33;16;23;7;6;4;0;3;42;7
2021-11;22;3;620;99;142;112;57;11;8;24;15;17;0;0;5;0;2;29;3
2021-11;23;3;420;92;87;81;55;16;2;20;9;15;0;0;1;0;1;21;2
2021-11;24;3;432;115;124;45;63;13;1;21;12;50;2;1;0;1;2;15;2
2021-11;25;3;386;103;89;37;62;9;18;13;6;7;2;1;3;1;0;19;3
2021-11;26;3;508;98;113;94;57;16;5;20;6;22;0;0;1;0;2;28;1
2021-11;27;3;639;151;116;124;85;21;7;46;22;14;8;6;7;0;3;37;2
2021-11;28;3;372;60;75;73;41;11;0;12;3;15;3;2;0;1;7;27;3
2021-11;29;3;842;244;232;106;161;37;17;47;16;29;4;4;0;0;2;34;1
2021-11;30;3;352;81;70;48;47;15;3;25;10;9;0;0;3;0;0;32;5
2021-11;31;3;454;145;67;32;81;26;5;38;16;6;9;4;0;4;3;33;4
2021-11;32;3;1298;235;305;212;153;34;20;29;21;37;1;1;4;0;11;92;8
2021-11;33;3;703;158;108;104;86;22;11;47;12;16;3;2;3;1;2;44;3
2021-11;34;3;1220;274;186;164;132;24;19;85;27;26;6;4;7;2;10;71;11
2021-11;35;3;1657;262;300;326;140;36;16;81;46;50;4;3;2;0;28;163;13
2021-11;36;3;718;72;102;97;39;2;7;13;12;14;4;3;3;0;13;73;8
2021-11;37;3;628;42;140;102;17;3;1;14;36;17;7;5;2;2;6;28;4
2021-11;38;3;570;125;83;96;56;13;9;42;16;14;8;1;1;7;2;58;9
2021-11;39;3;611;238;98;62;132;23;45;64;9;15;6;5;2;1;2;38;2
2021-11;40;3;378;145;50;32;88;21;10;28;7;4;2;2;1;0;0;19;6
2021-11;41;3;444;74;80;76;52;9;6;8;3;7;0;0;1;0;3;35;4
2021-11;42;3;970;98;222;175;47;11;7;16;29;26;2;2;1;0;5;54;5
2021-11;43;3;471;51;75;65;29;7;3;9;7;15;1;1;0;0;10;62;5
2021-11;44;3;395;111;87;59;60;21;2;24;5;11;2;2;1;0;0;19;3
2021-12;1;3;446;75;151;101;65;11;4;0;0;27;0;0;0;0;0;6;1
2021-12;4;3;478;58;199;64;45;10;5;2;1;31;1;1;2;0;2;10;2
2021-12;5;3;864;150;261;130;132;30;4;2;11;71;0;0;0;0;1;20;2
2021-12;6;3;431;46;123;91;24;1;6;11;3;24;6;5;0;1;5;21;1
2021-12;7;3;131;29;27;19;15;3;0;3;5;3;0;0;0;0;0;5;1
2021-12;9;3;902;181;250;195;149;57;8;14;26;84;0;0;0;0;2;12;6
2021-12;10;3;791;64;288;175;45;17;4;4;13;88;0;0;4;0;1;34;2
2021-12;11;3;70;1;12;7;0;0;0;0;1;0;1;1;0;0;0;8;1
2021-12;12;3;954;58;415;184;47;16;0;1;12;115;0;0;0;0;2;26;4
2021-12;13;3;510;52;211;89;43;18;2;0;7;40;0;0;0;0;1;9;2
2021-12;14;3;798;63;357;138;57;18;3;3;13;99;0;0;0;0;0;24;3
2021-12;15;3;377;41;103;73;32;9;4;3;9;30;0;0;0;0;2;11;0
2021-12;16;3;1695;83;629;401;63;20;3;4;33;202;3;0;2;1;1;71;5
2021-12;17;3;498;103;129;42;69;23;19;13;3;31;1;1;0;0;1;19;4
2021-12;18;3;640;125;240;93;83;18;14;19;4;90;0;0;0;0;0;16;2
2021-12;19;3;687;90;173;209;52;21;1;23;4;30;2;0;4;2;2;30;0
2021-12;20;3;634;95;124;166;47;10;3;17;8;10;2;0;0;2;4;29;1
2021-12;21;3;1130;269;261;167;151;19;40;52;12;30;6;6;5;0;3;26;8
2021-12;22;3;740;107;161;169;55;12;14;33;14;27;2;1;8;1;1;28;6
2021-12;23;3;505;110;118;109;65;12;2;14;7;14;1;0;0;0;0;25;1
2021-12;24;3;442;115;101;59;58;14;2;26;5;26;1;0;0;1;0;24;8
2021-12;25;3;400;81;88;58;45;8;8;16;3;12;2;2;7;0;2;17;7
2021-12;26;3;485;104;139;64;48;10;2;21;4;22;0;0;0;0;2;23;6
2021-12;27;3;683;161;121;127;75;26;4;54;15;21;4;4;2;0;2;34;2
2021-12;28;3;488;48;96;97;27;10;0;10;6;21;1;1;1;0;6;31;5
2021-12;29;3;973;187;324;145;95;17;10;47;11;35;4;2;2;1;2;44;4
2021-12;30;3;444;95;107;74;53;16;4;24;16;15;1;1;0;0;3;31;2
2021-12;31;3;493;144;53;75;67;9;12;33;7;4;5;4;0;1;5;29;2
2021-12;32;3;1603;195;405;356;110;29;12;30;12;69;5;4;1;1;4;119;9
2021-12;33;3;789;185;109;119;97;13;16;55;13;16;2;2;5;0;5;31;4
2021-12;34;3;1302;242;203;239;128;36;14;66;21;34;7;5;5;2;7;86;6
2021-12;35;3;2327;254;409;655;168;17;35;45;56;57;5;4;4;1;12;171;21
2021-12;36;3;872;78;120;169;49;7;13;9;21;16;6;6;1;0;12;88;13
2021-12;37;3;832;39;163;185;17;6;2;11;23;13;2;2;1;0;9;47;5
2021-12;38;3;604;166;90;122;63;16;3;61;9;11;6;6;1;0;4;39;5
2021-12;39;3;607;221;85;84;95;27;25;80;11;6;3;2;8;1;3;22;2
2021-12;40;3;508;206;79;63;125;24;15;41;10;8;2;1;0;1;0;18;3
2021-12;41;3;397;63;87;67;40;6;2;15;2;9;1;1;0;0;1;30;1
2021-12;42;3;1491;121;342;336;78;21;19;13;45;65;2;2;1;0;1;63;7
2021-12;43;3;447;39;51;45;23;6;8;10;11;6;3;3;0;0;10;68;5
2021-12;44;3;536;177;94;79;94;32;3;49;6;15;1;1;4;0;6;18;4
2022-01;1;3;448;44;172;83;36;4;1;1;3;57;0;0;0;0;0;5;0
2022-01;4;3;505;76;224;48;63;9;11;4;2;49;3;3;0;0;2;15;4
2022-01;5;3;997;167;347;129;140;45;3;3;12;88;0;0;0;0;1;26;2
2022-01;6;3;424;66;126;58;43;10;12;17;2;28;2;1;15;1;5;8;1
2022-01;7;3;150;28;42;16;19;4;2;3;6;1;1;1;7;0;0;7;0
2022-01;9;3;872;164;262;177;124;38;19;10;21;83;1;0;0;1;0;15;1
2022-01;10;3;788;78;315;147;51;20;1;9;10;86;0;0;0;0;3;31;5
2022-01;11;3;107;1;14;17;1;0;0;0;3;1;0;0;1;0;0;5;5
2022-01;12;3;1153;115;510;161;101;39;5;0;7;158;0;0;1;0;1;33;7
2022-01;13;3;556;77;223;84;64;21;2;1;8;50;0;0;0;0;0;10;1
2022-01;14;3;1034;133;507;159;114;30;1;2;17;174;1;1;0;0;1;17;3
2022-01;15;3;444;56;129;114;44;14;3;4;3;32;0;0;0;0;0;12;9
2022-01;16;3;1762;131;646;389;101;26;11;9;21;175;5;4;2;0;8;76;1
2022-01;17;3;563;113;174;39;79;21;21;21;7;65;1;1;0;0;1;22;3
2022-01;18;3;591;145;155;111;99;26;13;17;4;39;2;2;0;0;1;13;0
2022-01;19;3;663;69;143;174;45;17;1;14;8;30;3;3;0;0;0;25;3
2022-01;20;3;603;78;136;148;46;6;5;16;6;16;0;0;0;0;3;19;5
2022-01;21;3;1041;271;206;144;165;27;38;58;19;22;6;5;1;1;4;49;12
2022-01;22;3;714;116;168;117;63;10;6;36;12;14;1;1;3;0;3;49;7
2022-01;23;3;410;78;92;90;45;9;3;16;8;7;2;0;0;2;1;14;3
2022-01;24;3;437;136;82;69;63;13;7;43;15;9;1;1;0;0;3;21;2
2022-01;25;3;403;96;65;52;64;6;10;11;4;6;2;2;4;0;3;30;6
2022-01;26;3;455;115;96;76;58;8;5;21;8;9;0;0;0;0;1;31;2
2022-01;27;3;755;207;115;126;107;24;5;59;15;14;6;2;1;4;1;38;3
2022-01;28;3;443;49;94;102;22;11;1;11;9;18;0;0;0;0;4;30;7
2022-01;29;3;979;231;267;156;135;37;10;46;22;23;12;10;1;2;4;45;4
2022-01;30;3;415;88;73;61;49;19;4;20;19;5;1;1;1;0;1;37;5
2022-01;31;3;461;126;56;71;71;10;8;32;9;7;2;2;0;0;4;43;2
2022-01;32;3;1644;171;389;368;104;22;4;27;16;58;6;4;5;2;8;116;3
2022-01;33;3;833;190;110;132;93;29;6;67;23;8;9;5;3;4;7;44;2
2022-01;34;3;1326;275;194;230;120;36;16;102;28;27;10;7;4;3;15;68;10
2022-01;35;3;2293;267;349;658;156;20;23;56;57;43;5;3;8;1;19;206;18
2022-01;36;3;841;84;143;140;51;3;8;11;30;13;4;4;2;0;4;72;6
2022-01;37;3;845;51;138;166;30;5;1;5;16;3;1;1;1;0;4;40;4
2022-01;38;3;651;175;90;96;76;23;9;66;17;7;4;0;6;3;6;46;3
2022-01;39;3;645;220;112;93;119;18;26;81;14;5;11;6;7;5;6;25;6
2022-01;40;3;501;190;75;58;96;14;15;43;9;1;3;1;3;2;2;21;2
2022-01;41;3;459;65;79;100;44;9;2;11;5;16;0;0;0;0;3;24;5
2022-01;42;3;1203;79;281;237;49;17;5;17;37;50;3;3;0;0;8;62;5
2022-01;43;3;458;52;58;55;34;12;7;7;9;15;0;0;1;0;10;79;6
2022-01;44;3;510;142;98;65;89;42;4;34;9;15;2;2;1;0;3;27;3
2022-02;1;3;644;80;282;103;68;5;2;1;2;79;0;0;0;0;2;10;1
2022-02;4;3;670;102;353;79;83;20;13;4;4;110;0;0;0;0;0;14;4
2022-02;5;3;1100;203;406;164;170;53;6;3;5;114;0;0;0;0;1;23;1
2022-02;6;3;449;78;135;69;47;11;10;16;8;29;1;1;0;0;2;20;1
2022-02;7;3;134;43;32;14;26;7;11;5;6;3;0;0;0;0;1;6;0
2022-02;9;3;932;143;295;211;106;29;18;19;21;119;0;0;0;0;2;24;2
2022-02;10;3;850;91;308;188;59;24;5;6;18;74;0;0;0;0;2;23;1
2022-02;11;3;70;0;7;18;0;0;0;0;1;2;0;0;8;0;1;4;4
2022-02;12;3;913;88;366;154;66;19;7;0;1;113;1;1;0;0;1;20;7
2022-02;13;3;488;44;186;89;31;8;3;0;6;36;0;0;0;0;0;8;1
2022-02;14;3;724;62;290;135;53;9;0;2;8;80;0;0;2;0;2;18;8
2022-02;15;3;435;31;147;100;20;4;1;8;7;51;0;0;0;0;0;9;1
2022-02;16;3;1732;126;658;372;100;20;10;2;30;235;0;0;4;0;1;65;4
2022-02;17;3;547;136;162;46;92;23;31;20;8;37;1;0;0;1;0;24;4
2022-02;18;3;587;154;173;81;108;26;17;17;3;54;1;0;0;1;0;10;0
2022-02;19;3;728;88;184;187;50;9;2;26;15;42;0;0;3;0;5;32;1
2022-02;20;3;609;97;165;121;46;17;4;31;10;17;1;0;4;1;2;23;2
2022-02;21;3;1183;311;284;152;188;34;65;50;19;30;8;6;1;2;3;53;5
2022-02;22;3;813;125;150;128;89;11;24;24;14;23;13;3;4;10;5;57;2
2022-02;23;3;440;73;120;75;43;13;2;21;4;16;0;0;0;0;4;22;4
2022-02;24;3;512;145;134;64;75;18;2;42;9;32;1;0;3;1;1;22;3
2022-02;25;3;384;111;92;25;61;19;10;19;8;10;2;1;3;1;2;20;0
2022-02;26;3;513;81;127;84;41;11;2;24;4;30;1;0;0;1;2;30;1
2022-02;27;3;673;152;146;109;81;29;3;38;37;12;5;3;0;1;1;32;4
2022-02;28;3;437;48;97;80;27;10;0;11;12;16;0;0;0;0;3;30;4
2022-02;29;3;882;180;288;135;101;29;9;55;15;58;8;7;0;1;1;45;4
2022-02;30;3;403;87;101;50;50;11;2;24;23;12;3;3;0;0;3;27;3
2022-02;31;3;432;115;58;68;62;11;6;29;10;11;3;2;2;1;1;26;0
2022-02;32;3;1705;171;442;367;110;32;9;22;12;84;6;6;6;0;10;117;9
2022-02;33;3;853;222;107;102;108;38;5;78;19;19;6;6;3;0;6;50;5
2022-02;34;3;1096;218;159;186;90;34;10;88;25;23;7;4;8;2;16;73;6
2022-02;35;3;2180;212;388;509;94;27;9;61;71;56;7;6;5;1;15;209;16
2022-02;36;3;817;69;134;152;33;6;0;15;19;13;7;7;3;0;14;80;10
2022-02;37;3;804;49;135;174;33;8;4;12;8;15;5;3;2;2;6;55;6
2022-02;38;3;668;121;77;114;50;22;3;48;17;6;11;4;2;7;4;66;9
2022-02;39;3;763;264;160;101;157;27;32;70;7;7;2;2;0;0;4;20;4
2022-02;40;3;494;214;68;51;109;19;18;60;10;6;4;1;0;3;4;24;2
2022-02;41;3;454;73;79;97;53;11;1;11;1;9;2;2;0;0;2;41;3
2022-02;42;3;1115;62;253;245;27;13;1;14;37;63;2;2;1;0;2;48;4
2022-02;43;3;436;33;52;53;21;8;2;5;8;10;2;2;2;0;19;100;5
2022-02;44;3;456;109;87;74;54;16;6;30;15;12;1;1;0;0;0;31;5
2022-03;1;3;865;106;372;145;97;18;3;0;2;130;0;0;0;0;1;11;2
2022-03;4;3;738;115;377;85;101;28;17;1;3;144;1;1;0;0;0;18;4
2022-03;5;3;1283;242;529;165;209;55;7;2;14;131;1;1;3;0;2;31;5
2022-03;6;3;551;90;180;69;61;6;22;14;12;28;3;1;1;2;2;25;4
2022-03;7;3;174;46;49;12;23;2;3;8;9;6;1;0;10;1;2;4;1
2022-03;9;3;1035;177;332;217;132;33;14;12;25;99;0;0;0;0;0;31;1
2022-03;10;3;936;90;339;204;62;15;4;3;19;95;0;0;0;0;2;23;4
2022-03;11;3;86;0;12;12;0;0;0;0;1;2;0;0;0;0;1;6;5
2022-03;12;3;1180;70;526;206;56;27;2;0;19;130;5;4;6;1;1;21;2
2022-03;13;3;565;39;215;117;35;11;3;0;8;42;0;0;0;0;0;9;0
2022-03;14;3;896;62;398;175;51;18;2;5;18;133;0;0;0;0;0;12;2
2022-03;15;3;559;45;196;120;34;11;6;8;6;82;0;0;4;0;0;19;2
2022-03;16;3;1961;142;773;424;106;35;10;0;46;263;2;0;3;2;4;80;4
2022-03;17;3;636;139;209;58;89;28;24;29;18;46;2;2;0;0;0;33;3
2022-03;18;3;894;194;381;68;143;47;12;18;15;160;3;1;4;1;0;14;0
2022-03;19;3;854;108;234;221;52;15;2;34;8;59;5;3;13;2;8;38;3
2022-03;20;3;707;121;184;155;55;12;5;38;11;19;1;1;3;0;3;22;1
2022-03;21;3;1260;301;282;178;156;31;46;82;22;32;3;3;15;0;10;51;11
2022-03;22;3;935;166;228;165;116;28;28;24;28;34;5;3;9;2;4;55;5
2022-03;23;3;551;110;118;122;60;12;2;29;15;12;1;1;0;0;0;26;3
2022-03;24;3;570;123;138;68;59;18;4;33;8;49;3;1;0;2;6;44;3
2022-03;25;3;488;120;98;44;49;16;8;31;3;12;0;0;2;0;1;31;3
2022-03;26;3;573;115;134;83;70;17;5;23;6;29;3;2;2;1;0;22;1
2022-03;27;3;896;252;152;130;142;47;9;70;18;12;4;1;0;3;2;41;3
2022-03;28;3;543;69;97;96;23;13;2;25;10;22;1;1;0;0;5;45;2
2022-03;29;3;1051;208;320;210;129;35;6;51;30;37;5;3;1;2;2;43;2
2022-03;30;3;563;113;138;73;65;22;2;30;14;22;7;3;1;4;5;41;2
2022-03;31;3;519;137;58;90;69;9;5;48;16;10;4;4;3;0;2;26;2
2022-03;32;3;1879;188;512;385;120;33;14;29;23;79;11;7;3;4;8;141;11
2022-03;33;3;1006;224;125;123;117;45;9;70;26;10;3;1;2;2;9;83;5
2022-03;34;3;1276;295;207;232;124;38;10;127;30;35;6;4;4;2;5;83;4
2022-03;35;3;2256;232;454;358;92;19;11;83;53;68;5;5;5;0;19;253;17
2022-03;36;3;831;87;124;108;50;7;11;15;22;14;4;4;3;0;20;92;9
2022-03;37;3;927;51;171;209;31;3;5;15;18;16;2;2;5;0;2;63;5
2022-03;38;3;733;148;95;154;76;30;5;43;25;10;10;5;4;4;5;56;7
2022-03;39;3;930;316;167;114;221;31;70;57;12;6;9;2;2;7;5;27;8
2022-03;40;3;578;219;72;75;125;22;22;45;15;3;3;3;2;0;0;26;5
2022-03;41;3;521;75;82;118;57;13;0;9;6;14;1;1;3;0;9;31;2
2022-03;42;3;1394;94;346;283;54;16;4;14;73;76;4;4;1;0;9;85;7
2022-03;43;3;520;30;71;61;22;9;3;4;12;21;2;2;1;0;5;85;3
2022-03;44;3;547;140;109;84;53;13;3;45;12;12;3;2;2;0;3;30;7
2022-04;1;3;907;143;451;102;130;26;2;0;9;133;0;0;0;0;0;18;0
2022-04;4;3;673;137;329;57;116;22;18;5;3;108;1;1;1;0;3;15;8
2022-04;5;3;1387;303;595;167;262;48;8;4;13;191;1;1;0;0;3;22;1
2022-04;6;3;694;137;244;68;108;28;12;8;8;76;3;2;2;0;0;22;3
2022-04;7;3;206;45;56;30;31;5;0;2;4;12;0;0;0;0;1;9;0
2022-04;9;3;982;130;353;204;100;31;9;10;22;133;1;1;3;0;0;18;4
2022-04;10;3;938;84;375;192;65;21;8;4;14;114;0;0;0;0;0;16;3
2022-04;11;3;76;2;13;17;2;1;0;0;1;1;1;1;1;0;3;8;2
2022-04;12;3;1014;62;408;175;55;21;1;0;11;97;0;0;0;0;3;37;6
2022-04;13;3;514;32;200;106;20;5;2;1;8;38;0;0;0;0;0;15;2
2022-04;14;3;772;61;301;170;50;11;0;4;12;81;0;0;0;0;3;14;6
2022-04;15;3;485;37;159;95;27;7;1;7;8;52;0;0;1;0;1;8;2
2022-04;16;3;1914;128;774;383;99;30;13;7;27;281;1;1;3;0;6;67;7
2022-04;17;3;634;137;237;48;82;16;24;35;8;49;0;0;0;0;1;18;2
2022-04;18;3;844;162;343;84;113;51;12;20;9;173;0;0;2;0;0;18;2
2022-04;19;3;820;94;214;211;58;29;0;27;12;51;1;1;4;0;2;29;2
2022-04;20;3;742;122;190;153;78;14;7;24;13;15;2;1;0;1;4;23;2
2022-04;21;3;1123;272;259;150;141;27;38;73;26;29;5;4;1;1;5;41;4
2022-04;22;3;749;139;192;148;88;18;10;24;19;27;5;4;3;1;2;43;8
2022-04;23;3;518;108;140;107;54;9;6;30;17;19;2;1;0;1;1;18;4
2022-04;24;3;463;130;107;54;69;23;5;25;6;23;1;1;4;0;2;26;5
2022-04;25;3;542;128;156;49;64;20;19;35;9;29;3;2;0;1;1;32;5
2022-04;26;3;501;93;117;80;61;17;2;19;5;26;0;0;5;0;1;18;4
2022-04;27;3;803;197;153;127;85;32;5;70;30;13;10;6;1;4;0;46;1
2022-04;28;3;518;77;105;67;43;22;2;17;9;16;4;3;0;1;2;35;1
2022-04;29;3;953;232;271;149;142;31;2;55;34;38;5;5;0;0;1;25;3
2022-04;30;3;534;124;118;90;66;13;1;44;19;18;0;0;2;0;3;47;2
2022-04;31;3;516;141;69;80;84;9;7;38;17;10;4;0;2;4;4;25;3
2022-04;32;3;1720;196;418;382;139;42;14;21;15;65;4;4;1;0;18;132;9
2022-04;33;3;884;230;132;103;119;41;8;74;23;19;5;5;4;0;7;52;5
2022-04;34;3;1130;224;178;193;95;28;8;99;26;22;2;1;1;1;8;76;7
2022-04;35;3;1973;218;439;304;81;24;5;85;78;65;3;2;2;1;26;182;13
2022-04;36;3;829;84;134;118;39;9;5;18;28;11;4;4;2;0;6;92;7
2022-04;37;3;770;48;140;153;23;5;0;18;21;15;6;3;0;3;2;51;6
2022-04;38;3;576;145;72;115;60;24;4;52;16;12;6;3;8;3;3;46;7
2022-04;39;3;792;290;160;100;195;30;52;54;14;10;6;4;5;2;4;16;5
2022-04;40;3;479;173;68;80;88;18;9;46;15;9;3;3;0;0;0;25;4
2022-04;41;3;455;56;78;79;38;8;1;9;4;15;0;0;0;0;3;42;3
2022-04;42;3;1114;61;226;266;40;12;6;9;35;47;1;1;5;0;3;74;1
2022-04;43;3;461;39;53;56;20;8;1;5;11;10;3;3;1;0;9;89;6
2022-04;44;3;644;211;112;91;115;32;10;44;13;14;3;3;4;0;4;23;2
2022-05;1;3;696;88;241;121;77;9;3;1;7;49;0;0;0;0;0;7;3
2022-05;4;3;600;143;247;54;116;26;25;6;3;71;0;0;0;0;0;10;2
2022-05;5;3;1135;205;380;201;155;35;14;6;11;78;0;0;0;0;2;32;2
2022-05;6;3;704;159;258;65;105;19;30;27;12;66;3;2;7;1;7;25;3
2022-05;7;3;193;43;51;40;28;3;3;4;8;2;0;0;0;0;2;5;1
2022-05;9;3;956;126;276;240;88;25;6;21;15;79;0;0;0;0;3;31;2
2022-05;10;3;908;71;355;186;50;12;6;9;19;92;0;0;0;0;19;29;3
2022-05;11;3;80;1;7;10;1;0;0;0;0;2;0;0;3;0;1;8;1
2022-05;12;3;958;80;360;183;63;17;2;1;10;94;0;0;2;0;3;29;2
2022-05;13;3;500;26;184;106;20;7;2;0;6;40;0;0;0;0;0;12;2
2022-05;14;3;620;65;251;116;58;14;0;2;8;54;0;0;0;0;0;10;3
2022-05;15;3;496;27;160;122;23;4;0;0;8;53;0;0;0;0;4;19;0
2022-05;16;3;1759;123;566;448;96;25;20;7;25;164;0;0;6;0;4;88;4
2022-05;17;3;744;158;278;60;106;21;33;35;7;58;2;0;2;2;2;23;5
2022-05;18;3;829;174;333;92;140;39;21;16;9;123;1;1;0;0;1;9;3
2022-05;19;3;830;103;214;244;61;25;3;25;11;42;3;1;3;2;3;23;0
2022-05;20;3;750;107;205;153;69;16;6;19;10;22;3;3;3;0;1;23;2
2022-05;21;3;1325;282;298;225;147;36;32;80;20;38;2;1;4;1;9;50;6
2022-05;22;3;788;122;175;142;67;14;9;35;14;18;29;7;13;22;3;36;3
2022-05;23;3;561;111;128;148;64;18;1;26;10;25;2;1;0;1;1;25;1
2022-05;24;3;568;138;142;91;85;22;1;36;12;32;0;0;0;0;3;17;5
2022-05;25;3;729;153;206;108;77;22;15;40;2;30;3;3;3;0;4;25;2
2022-05;26;3;584;108;171;83;58;17;1;26;7;34;1;0;1;0;1;40;1
2022-05;27;3;821;224;183;106;120;33;6;73;13;27;4;4;0;0;4;41;2
2022-05;28;3;559;67;112;89;35;18;0;20;16;16;0;0;0;0;2;34;8
2022-05;29;3;1091;254;303;176;138;27;14;64;31;31;6;4;1;2;4;39;3
2022-05;30;3;580;124;121;110;76;21;5;35;21;30;4;0;5;4;0;35;3
2022-05;31;3;494;145;56;89;70;13;11;53;10;2;2;2;1;0;3;27;1
2022-05;32;3;1721;176;395;400;129;36;14;20;12;52;3;3;4;0;18;128;9
2022-05;33;3;979;193;148;164;98;42;7;70;35;17;4;0;9;4;2;60;6
2022-05;34;3;1208;215;171;197;101;32;8;77;24;12;8;3;5;5;9;81;11
2022-05;35;3;2054;185;440;314;76;22;6;70;62;76;1;0;5;1;9;221;11
2022-05;36;3;1017;113;153;189;58;10;9;24;25;9;1;0;0;1;11;105;5
2022-05;37;3;937;66;193;200;34;2;4;22;14;24;2;0;7;2;4;55;3
2022-05;38;3;713;156;75;156;61;16;4;65;9;9;5;3;11;2;4;59;7
2022-05;39;3;639;220;115;98;140;7;20;59;9;6;6;2;2;2;6;13;8
2022-05;40;3;542;179;74;87;84;15;7;60;8;10;4;2;1;2;1;20;5
2022-05;41;3;492;59;121;111;30;7;3;15;5;24;1;1;0;0;1;36;3
2022-05;42;3;865;58;170;189;35;10;4;9;26;28;2;2;0;0;3;74;3
2022-05;43;3;439;48;58;56;31;9;5;4;10;17;3;3;0;0;13;68;11
2022-05;44;3;644;162;155;73;83;38;5;48;16;24;1;1;2;0;0;22;4
2022-06;1;3;660;74;205;96;62;8;4;3;5;42;1;1;0;0;1;10;1
2022-06;4;3;586;133;220;53;106;34;20;4;4;59;1;0;0;1;1;10;1
2022-06;5;3;1087;179;383;202;152;32;1;3;10;85;1;1;1;0;2;21;3
2022-06;6;3;524;102;184;40;65;7;24;14;7;25;2;2;1;0;6;21;0
2022-06;7;3;165;48;35;32;15;5;2;1;3;4;0;0;2;0;1;3;1
2022-06;9;3;884;126;229;206;99;25;12;14;10;67;2;0;1;0;0;23;3
2022-06;10;3;818;92;279;170;62;18;6;9;11;69;2;2;0;0;0;28;3
2022-06;11;3;66;1;13;11;1;0;0;0;1;2;0;0;0;0;2;3;2
2022-06;12;3;898;58;327;184;47;18;3;0;7;80;0;0;5;0;1;31;2
2022-06;13;3;368;26;114;83;20;5;3;2;2;20;0;0;0;0;2;18;1
2022-06;14;3;588;57;204;150;49;12;1;1;7;50;0;0;1;0;0;22;4
2022-06;15;3;473;25;141;119;19;10;2;0;9;44;0;0;0;0;3;13;4
2022-06;16;3;1543;109;493;422;85;29;12;9;17;164;2;1;1;0;2;72;4
2022-06;17;3;795;185;303;56;131;34;58;18;15;99;0;0;5;0;4;28;6
2022-06;18;3;808;164;309;112;114;47;17;19;11;116;0;0;0;0;2;9;5
2022-06;19;3;810;103;216;223;61;22;3;26;7;42;2;0;2;2;1;26;1
2022-06;20;3;867;170;246;183;120;57;3;27;10;87;2;1;5;1;2;21;5
2022-06;21;3;1292;265;294;220;160;36;53;60;31;47;3;3;5;0;3;54;11
2022-06;22;3;786;149;162;155;96;32;11;28;13;18;3;1;4;2;2;34;10
2022-06;23;3;570;119;140;120;56;27;1;33;13;14;2;2;3;0;3;16;1
2022-06;24;3;570;138;145;83;86;18;4;36;19;39;4;1;2;3;0;19;3
2022-06;25;3;717;175;210;79;87;13;36;48;6;30;0;0;4;0;4;24;1
2022-06;26;3;635;107;166;101;57;13;10;22;7;33;2;0;10;2;1;21;1
2022-06;27;3;872;245;185;134;119;37;8;75;22;18;6;5;1;1;2;46;3
2022-06;28;3;518;70;112;82;32;12;1;29;12;13;0;0;2;0;1;34;4
2022-06;29;3;1078;337;267;147;183;57;17;96;34;47;3;2;5;1;1;33;5
2022-06;30;3;515;119;96;82;59;24;3;45;24;15;3;2;0;0;0;47;4
2022-06;31;3;549;155;80;96;96;14;26;41;21;7;4;3;2;1;3;28;3
2022-06;32;3;1624;184;446;346;140;32;26;16;24;60;9;6;1;3;8;105;8
2022-06;33;3;812;159;125;156;92;30;12;43;20;11;5;4;5;0;6;57;6
2022-06;34;3;1016;200;129;156;103;20;14;56;18;18;8;8;2;0;12;71;12
2022-06;35;3;1855;166;392;284;80;14;4;40;74;52;4;3;7;1;13;191;18
2022-06;36;3;863;68;132;173;32;9;1;16;12;12;2;2;1;0;8;83;9
2022-06;37;3;890;47;166;200;30;7;2;10;20;21;3;2;3;1;4;64;5
2022-06;38;3;647;150;95;116;75;32;6;44;13;10;6;3;8;3;2;50;3
2022-06;39;3;555;178;90;69;103;11;24;43;16;9;2;2;2;0;1;26;10
2022-06;40;3;508;197;75;78;113;23;14;60;12;6;3;3;0;0;1;24;0
2022-06;41;3;508;86;113;105;64;11;7;12;7;14;0;0;0;0;3;25;4
2022-06;42;3;745;70;140;140;42;20;2;8;20;29;1;1;2;0;4;45;2
2022-06;43;3;477;34;64;76;20;7;4;3;15;12;0;0;3;0;9;67;4
2022-06;44;3;650;202;126;82;108;34;7;60;14;17;7;3;0;1;3;21;2
2022-07;1;3;709;103;250;102;94;11;4;0;5;55;0;0;0;0;0;14;1
2022-07;4;3;708;161;290;71;142;31;28;1;6;65;1;0;2;0;2;13;3
2022-07;5;3;1304;231;479;203;216;40;8;0;10;172;3;2;3;1;1;35;5
2022-07;6;3;547;87;224;50;50;9;9;23;11;24;1;1;1;0;2;9;2
2022-07;7;3;193;68;32;27;34;7;1;0;4;1;2;0;0;2;0;12;0
2022-07;9;3;829;119;251;173;98;32;3;6;17;74;1;1;1;0;1;20;2
2022-07;10;3;866;86;333;185;63;14;6;10;15;75;0;0;0;0;1;21;4
2022-07;11;3;85;2;17;11;2;1;0;0;1;1;1;1;0;0;4;6;6
2022-07;12;3;929;65;331;185;47;18;2;2;12;93;1;1;1;0;3;32;5
2022-07;13;3;442;28;172;81;20;4;0;2;4;38;0;0;2;0;3;17;2
2022-07;14;3;711;43;344;121;34;15;1;1;16;84;1;1;6;0;0;10;6
2022-07;15;3;512;29;141;146;24;10;0;2;6;47;1;1;1;0;0;15;1
2022-07;16;3;1618;139;495;397;110;25;14;10;23;152;1;1;0;0;3;78;7
2022-07;17;3;643;132;227;39;90;28;25;23;9;51;7;3;0;3;2;30;5
2022-07;18;3;992;180;440;111;132;53;8;22;5;186;0;0;2;0;2;18;2
2022-07;19;3;922;164;214;216;127;55;10;20;7;38;0;0;0;0;7;37;2
2022-07;20;3;781;129;205;205;83;31;4;24;15;29;1;1;1;0;0;27;2
2022-07;21;3;1247;238;264;218;133;46;33;52;13;38;10;3;1;7;2;42;6
2022-07;22;3;796;148;149;176;105;26;18;23;7;21;23;8;3;15;6;39;5
2022-07;23;3;587;117;139;136;58;8;4;35;13;10;0;0;1;0;2;28;2
2022-07;24;3;553;153;107;84;73;17;2;54;15;16;4;1;3;3;1;20;2
2022-07;25;3;759;154;236;99;66;21;15;46;11;59;2;2;4;0;0;26;1
2022-07;26;3;602;122;163;99;57;16;4;35;10;18;2;0;1;2;1;13;2
2022-07;27;3;860;222;180;137;107;34;4;76;27;18;4;2;0;2;3;44;2
2022-07;28;3;545;72;107;70;34;9;4;23;9;17;5;3;0;2;6;36;4
2022-07;29;3;1114;283;291;136;157;50;5;79;42;50;2;2;0;0;8;39;8
2022-07;30;3;531;121;98;82;65;12;3;43;22;15;2;1;6;1;5;36;4
2022-07;31;3;519;153;44;90;84;16;9;48;16;4;9;5;2;4;2;41;1
2022-07;32;3;1845;224;451;376;149;41;19;34;13;70;6;4;3;2;15;127;14
2022-07;33;3;900;204;123;146;131;56;7;48;18;16;6;4;12;2;10;56;4
2022-07;34;3;1113;194;128;174;112;27;13;51;15;21;10;6;5;4;8;102;7
2022-07;35;3;1920;173;353;278;85;26;8;49;48;37;6;5;3;0;14;218;23
2022-07;36;3;932;93;132;163;50;16;1;19;19;12;4;4;1;0;12;98;11
2022-07;37;3;833;38;178;180;25;3;1;7;12;32;1;1;2;0;5;36;1
2022-07;38;3;727;197;93;163;106;42;10;49;18;15;3;2;3;1;6;51;4
2022-07;39;3;552;121;69;66;64;14;12;40;15;10;6;1;1;5;6;32;11
2022-07;40;3;539;198;96;63;116;38;8;55;12;14;3;2;0;1;3;28;2
2022-07;41;3;481;83;82;88;56;16;12;12;3;13;1;0;0;1;3;41;3
2022-07;42;3;876;74;159;158;42;14;10;7;40;33;1;1;4;0;4;73;5
2022-07;43;3;449;36;66;72;22;13;1;4;12;15;1;1;0;0;6;71;2
2022-07;44;3;596;199;116;55;113;36;3;51;12;23;4;3;6;1;3;23;3
2022-08;1;3;652;80;204;81;74;14;4;0;5;49;0;0;0;0;0;10;2
2022-08;4;3;646;142;235;70;122;34;21;3;3;86;0;0;1;0;2;15;6
2022-08;5;3;1196;184;403;209;158;25;2;2;6;95;1;1;1;0;3;35;1
2022-08;6;3;490;75;162;42;43;11;16;19;6;24;1;0;6;1;3;27;4
2022-08;7;3;207;49;40;27;29;5;2;2;1;5;0;0;5;0;0;11;4
2022-08;9;3;860;88;261;206;74;24;1;8;17;79;2;0;2;2;2;21;3
2022-08;10;3;901;91;303;196;59;12;3;7;18;65;0;0;1;0;1;32;4
2022-08;11;3;76;2;9;11;1;0;0;0;2;0;0;0;0;0;4;9;1
2022-08;12;3;900;83;293;202;63;24;1;1;16;72;1;0;3;1;1;30;3
2022-08;13;3;410;12;140;99;10;5;0;0;3;21;0;0;0;0;0;12;1
2022-08;14;3;765;49;292;172;37;17;1;0;11;78;2;2;0;0;1;22;5
2022-08;15;3;443;25;111;105;17;5;2;5;3;32;0;0;1;0;2;24;4
2022-08;16;3;1938;106;683;510;79;36;6;11;18;262;2;1;2;1;0;80;12
2022-08;17;3;649;133;190;47;91;27;30;17;13;36;0;0;0;0;6;17;4
2022-08;18;3;973;181;431;99;134;51;9;25;10;172;1;0;0;1;2;13;3
2022-08;19;3;981;119;248;234;88;44;2;22;6;55;1;0;1;1;0;58;5
2022-08;20;3;779;124;201;170;71;23;4;33;4;48;2;1;13;1;0;42;0
2022-08;21;3;1509;292;383;190;182;56;36;48;20;112;11;6;14;3;4;34;8
2022-08;22;3;887;160;210;160;99;27;22;35;27;24;4;2;2;1;6;44;4
2022-08;23;3;575;121;132;125;61;17;3;40;12;13;0;0;0;0;1;41;3
2022-08;24;3;618;165;131;120;93;20;3;49;17;14;1;1;1;0;4;28;2
2022-08;25;3;668;145;154;111;71;15;10;30;4;28;1;1;1;0;3;34;4
2022-08;26;3;613;113;134;106;55;14;6;27;9;22;3;1;0;2;5;23;0
2022-08;27;3;926;238;188;132;127;37;13;84;28;15;8;6;2;1;4;46;6
2022-08;28;3;534;68;118;40;29;12;0;22;12;8;3;3;1;0;3;43;1
2022-08;29;3;1170;328;292;175;176;39;11;85;35;34;7;1;2;6;5;55;6
2022-08;30;3;598;145;123;78;74;18;3;59;26;11;2;1;1;1;6;37;6
2022-08;31;3;616;133;78;126;76;10;9;42;18;7;10;7;0;3;6;60;7
2022-08;32;3;2046;240;512;441;126;29;10;45;21;48;7;4;1;2;17;114;12
2022-08;33;3;939;194;111;151;113;52;4;51;18;23;4;1;6;3;7;52;5
2022-08;34;3;1148;202;118;195;90;23;4;75;13;21;10;5;5;5;12;110;20
2022-08;35;3;2084;214;346;345;113;19;19;59;69;32;5;5;3;0;19;230;21
2022-08;36;3;868;101;116;146;59;15;7;19;22;9;0;0;0;0;11;67;15
2022-08;37;3;921;58;147;230;31;9;3;15;16;21;3;3;6;0;11;56;5
2022-08;38;3;735;161;111;153;69;26;6;43;28;9;3;0;0;3;4;55;9
2022-08;39;3;629;155;71;122;91;21;16;32;22;6;6;4;1;2;5;29;10
2022-08;40;3;558;177;87;89;106;22;12;36;11;11;4;2;1;2;3;33;2
2022-08;41;3;532;80;107;101;59;9;4;8;8;11;0;0;1;0;3;40;5
2022-08;42;3;1034;53;225;176;33;12;3;4;27;45;2;2;2;0;6;87;2
2022-08;43;3;526;56;75;60;40;9;7;8;13;16;2;2;0;0;12;80;7
2022-08;44;3;595;198;111;77;110;39;8;49;9;17;4;1;0;3;4;21;2
2022-09;1;3;692;70;213;172;63;11;3;0;7;37;0;0;1;0;1;9;2
2022-09;4;3;635;96;293;42;77;19;13;12;4;59;0;0;4;0;6;16;4
2022-09;5;3;1241;194;459;194;162;44;5;6;12;178;1;1;0;0;3;21;3
2022-09;6;3;409;58;140;30;40;11;1;12;7;20;5;4;3;1;1;19;3
2022-09;7;3;155;37;36;26;20;6;3;3;3;6;0;0;0;0;2;7;0
2022-09;9;3;845;100;255;222;70;14;4;21;17;85;0;0;0;0;4;19;3
2022-09;10;3;901;105;356;146;76;23;6;6;16;104;0;0;1;0;1;15;4
2022-09;11;3;91;0;17;22;0;0;0;0;3;3;0;0;0;0;2;14;3
2022-09;12;3;1031;70;437;194;60;26;1;0;10;179;0;0;0;0;0;27;4
2022-09;13;3;591;39;296;83;34;13;0;0;5;114;0;0;0;0;1;16;2
2022-09;14;3;854;60;376;183;46;18;1;3;10;116;0;0;0;0;1;21;5
2022-09;15;3;458;25;148;102;15;6;1;3;3;55;0;0;1;0;1;20;2
2022-09;16;3;3036;127;1665;519;101;45;7;5;21;992;2;2;0;0;6;91;10
2022-09;17;3;641;118;243;50;80;18;26;15;9;56;0;0;1;0;3;28;2
2022-09;18;3;985;190;425;97;146;71;12;16;14;183;1;1;0;0;0;22;7
2022-09;19;3;858;113;227;206;79;31;3;17;9;63;1;0;0;1;6;47;2
2022-09;20;3;658;139;166;127;86;24;6;31;12;26;0;0;2;0;0;26;0
2022-09;21;3;1225;303;250;175;161;34;62;64;14;36;13;7;5;6;4;39;2
2022-09;22;3;796;199;186;99;118;22;40;33;28;15;6;5;2;1;4;48;4
2022-09;23;3;530;112;116;117;53;11;3;37;15;17;0;0;0;0;1;25;4
2022-09;24;3;542;141;110;93;84;16;1;33;16;22;4;4;2;0;4;16;6
2022-09;25;3;699;156;197;103;79;24;19;32;6;63;1;1;0;0;3;31;1
2022-09;26;3;487;88;113;95;42;12;8;27;2;21;1;1;0;0;0;19;1
2022-09;27;3;951;251;197;153;120;21;17;86;22;19;2;2;1;0;4;53;1
2022-09;28;3;516;104;93;68;41;11;3;44;9;9;0;0;0;0;1;42;0
2022-09;29;3;1046;270;286;141;172;40;14;66;30;36;5;4;1;1;1;33;6
2022-09;30;3;523;129;99;90;75;14;6;47;18;9;3;1;7;2;1;30;9
2022-09;31;3;442;165;49;34;72;21;7;67;18;10;4;1;0;3;3;28;4
2022-09;32;3;1895;212;560;327;133;33;11;37;29;96;6;5;3;1;12;129;11
2022-09;33;3;853;131;119;158;79;33;4;30;23;19;5;2;5;1;5;51;3
2022-09;34;3;1067;229;115;161;115;32;9;76;24;12;13;7;2;6;15;92;13
2022-09;35;3;2000;216;367;285;112;39;20;62;56;51;4;4;2;0;19;252;11
2022-09;36;3;860;128;126;130;72;25;12;22;40;13;3;2;4;0;20;78;6
2022-09;37;3;961;30;163;216;18;4;1;5;10;32;4;4;1;0;14;54;2
2022-09;38;3;684;183;104;168;82;29;14;47;19;6;7;4;2;3;6;35;3
2022-09;39;3;648;162;87;77;82;18;12;59;16;11;7;3;0;4;3;25;5
2022-09;40;3;460;170;66;72;96;26;0;52;10;9;1;1;0;0;1;18;2
2022-09;41;3;484;88;81;84;52;12;4;21;6;8;2;2;0;0;1;37;2
2022-09;42;3;1101;71;364;173;41;4;5;11;38;143;0;0;0;0;7;67;4
2022-09;43;3;454;60;51;48;44;10;14;5;13;5;0;0;1;0;10;65;3
2022-09;44;3;620;240;116;57;101;46;8;80;13;16;1;1;0;0;4;24;5
2022-10;1;3;638;82;244;104;66;6;4;1;1;56;0;0;0;0;0;16;2
2022-10;4;3;567;85;244;37;73;9;16;3;6;49;1;1;0;0;0;24;6
2022-10;5;3;1239;203;528;143;177;36;2;2;6;175;1;1;0;0;3;35;2
2022-10;6;3;369;51;107;45;35;14;6;8;7;38;2;1;2;1;3;15;3
2022-10;7;3;183;22;39;42;14;1;0;2;5;4;0;0;0;0;0;10;1
2022-10;9;3;936;115;303;210;80;26;6;20;20;115;2;0;1;1;1;19;0
2022-10;10;3;941;126;379;146;80;28;7;14;14;122;0;0;0;0;2;31;6
2022-10;11;3;90;0;9;25;0;0;0;0;0;1;0;0;0;0;2;8;5
2022-10;12;3;1022;69;420;182;56;25;1;0;18;160;0;0;2;0;2;26;3
2022-10;13;3;409;30;165;78;22;11;0;0;6;50;0;0;0;0;3;17;1
2022-10;14;3;750;59;315;111;44;19;0;5;14;95;0;0;0;0;1;33;7
2022-10;15;3;518;36;202;115;27;12;0;3;6;84;0;0;0;0;1;14;2
2022-10;16;3;1654;89;585;342;64;19;5;9;34;210;1;1;2;0;4;81;4
2022-10;17;3;827;145;379;53;108;21;41;16;12;106;2;2;0;0;0;27;5
2022-10;18;3;967;181;384;96;136;76;15;25;12;174;0;0;1;0;3;19;0
2022-10;19;3;850;113;226;176;80;25;4;21;9;54;1;1;0;0;3;33;3
2022-10;20;3;738;111;185;123;70;22;4;29;11;39;2;1;0;0;3;39;2
2022-10;21;3;1322;321;280;174;160;33;57;69;41;40;11;9;10;0;14;42;5
2022-10;22;3;827;150;199;122;85;11;19;38;22;21;5;4;0;1;6;38;7
2022-10;23;3;558;98;135;124;57;6;3;23;12;19;2;2;0;0;1;22;3
2022-10;24;3;602;171;114;94;98;41;3;44;3;31;2;1;5;1;3;33;3
2022-10;25;3;668;117;165;92;64;21;9;34;9;41;0;0;6;0;2;30;5
2022-10;26;3;586;174;105;84;66;21;2;70;5;19;0;0;1;0;4;28;0
2022-10;27;3;888;247;185;103;138;41;23;70;32;14;5;3;0;2;5;36;3
2022-10;28;3;515;95;73;85;51;16;2;25;8;8;2;1;2;1;5;48;1
2022-10;29;3;1260;304;355;148;155;34;7;111;38;54;6;5;0;1;2;40;11
2022-10;30;3;562;118;118;86;59;11;1;36;19;19;2;0;0;1;0;55;4
2022-10;31;3;468;164;40;42;55;15;4;76;15;4;3;2;3;1;3;32;3
2022-10;32;3;1854;211;491;328;105;29;5;56;27;78;4;4;2;0;6;134;16
2022-10;33;3;950;164;148;144;105;43;3;33;24;28;6;2;2;3;6;66;4
2022-10;34;3;1130;234;160;142;103;30;8;86;34;23;10;7;10;3;13;110;15
2022-10;35;3;1967;175;353;288;101;36;15;47;43;45;3;1;11;1;21;230;29
2022-10;36;3;715;73;106;83;53;15;9;14;16;15;1;1;3;0;16;89;9
2022-10;37;3;957;50;172;203;23;2;2;14;12;31;2;1;1;1;10;60;4
2022-10;38;3;730;177;98;133;62;23;10;64;20;7;4;1;1;2;5;51;4
2022-10;39;3;654;224;61;45;81;19;11;93;12;5;6;2;0;4;3;27;1
2022-10;40;3;531;180;58;63;88;26;5;54;7;11;9;6;2;2;8;27;1
2022-10;41;3;505;88;98;66;42;16;4;25;6;14;3;2;2;1;3;43;2
2022-10;42;3;861;64;195;165;44;15;3;11;51;41;2;2;0;0;6;84;7
2022-10;43;3;564;50;89;54;43;9;12;4;9;23;1;1;2;0;10;66;6
2022-10;44;3;620;228;121;51;115;41;4;53;9;13;3;2;0;1;2;38;6
2022-11;1;3;631;77;252;87;66;10;5;1;5;72;1;1;0;0;1;12;2
2022-11;4;3;587;79;307;44;63;14;10;5;12;82;2;2;2;0;4;9;2
2022-11;5;3;1193;196;498;133;155;43;4;15;11;145;0;0;0;0;1;17;1
2022-11;6;3;568;73;239;45;48;19;7;9;10;56;8;4;4;3;1;15;2
2022-11;7;3;190;47;42;28;26;10;4;6;8;5;0;0;0;0;0;6;0
2022-11;9;3;882;136;296;145;84;29;2;32;26;100;1;0;5;1;1;23;4
2022-11;10;3;884;95;343;163;63;22;6;13;22;104;0;0;0;0;1;23;2
2022-11;11;3;92;1;12;17;1;1;0;0;0;2;2;0;0;2;3;6;2
2022-11;12;3;1141;108;506;176;88;35;3;0;20;195;0;0;1;0;1;29;0
2022-11;13;3;580;44;284;92;32;14;1;2;8;79;0;0;0;0;0;19;1
2022-11;14;3;866;63;396;146;47;17;1;3;13;147;0;0;0;0;1;23;3
2022-11;15;3;511;33;193;93;25;7;0;1;10;90;0;0;0;0;4;21;1
2022-11;16;3;1587;106;578;323;80;14;9;9;34;173;0;0;1;0;4;65;2
2022-11;17;3;631;152;225;38;102;24;23;22;13;50;1;1;3;0;1;26;7
2022-11;18;3;705;150;262;69;104;50;6;19;4;96;0;0;0;0;0;28;0
2022-11;19;3;739;104;204;153;73;24;3;19;6;52;0;0;3;0;3;40;4
2022-11;20;3;674;124;165;122;60;11;7;37;9;12;2;1;0;0;3;19;0
2022-11;21;3;1228;266;265;194;115;33;25;79;20;35;15;7;6;8;5;42;7
2022-11;22;3;756;145;179;116;76;17;12;39;17;14;4;3;0;1;3;44;6
2022-11;23;3;512;132;117;92;64;16;1;45;7;19;0;0;0;0;1;22;1
2022-11;24;3;598;161;137;93;91;23;7;46;5;52;4;2;2;2;1;18;2
2022-11;25;3;574;118;134;81;61;15;7;29;3;21;3;2;5;1;4;36;5
2022-11;26;3;626;154;158;75;67;22;8;48;5;36;3;1;0;2;3;23;2
2022-11;27;3;917;268;191;103;107;37;7;119;37;12;18;8;3;8;2;27;5
2022-11;28;3;468;89;89;90;60;19;0;18;10;9;5;3;2;2;1;41;2
2022-11;29;3;1302;393;303;176;208;49;23;111;37;57;1;1;0;0;5;56;12
2022-11;30;3;547;134;105;84;76;17;6;35;33;10;3;3;5;0;4;41;2
2022-11;31;3;421;144;44;54;56;10;7;63;17;7;5;1;6;3;2;25;2
2022-11;32;3;1777;222;467;357;114;23;5;54;23;79;7;5;2;2;9;110;12
2022-11;33;3;913;161;139;156;83;39;4;45;25;18;4;2;4;2;3;71;7
2022-11;34;3;1118;226;172;198;129;33;15;57;22;31;10;6;2;4;7;75;7
2022-11;35;3;1752;177;304;263;87;25;10;54;54;46;7;7;3;0;17;215;9
2022-11;36;3;693;87;71;92;41;9;6;27;14;9;5;4;1;0;15;80;12
2022-11;37;3;842;50;159;165;27;7;3;10;11;26;4;3;7;1;6;55;6
2022-11;38;3;715;214;104;108;63;21;10;80;20;9;2;2;1;0;10;40;5
2022-11;39;3;766;200;104;78;79;22;9;82;16;12;9;7;1;1;3;27;3
2022-11;40;3;513;196;69;55;88;21;4;80;13;9;1;1;3;0;2;24;5
2022-11;41;3;469;84;87;96;35;13;3;31;9;14;0;0;0;0;3;30;2
2022-11;42;3;1101;83;286;235;42;13;3;21;55;48;0;0;1;0;4;76;4
2022-11;43;3;457;40;59;57;28;5;4;6;9;9;0;0;1;0;10;68;8
2022-11;44;3;660;214;117;91;81;20;5;75;13;15;2;2;1;0;0;30;6
2022-12;1;3;603;84;250;86;72;18;2;2;4;68;0;0;0;0;0;10;1
2022-12;4;3;642;106;278;55;79;15;12;12;2;79;2;1;1;1;1;28;2
2022-12;5;3;1234;228;487;134;183;44;6;14;13;198;1;1;0;0;2;36;2
2022-12;6;3;457;56;161;52;45;17;8;4;6;54;2;2;0;0;1;17;4
2022-12;7;3;184;39;48;32;33;6;2;1;2;8;0;0;0;0;0;4;2
2022-12;9;3;828;133;307;125;80;29;4;31;23;126;1;1;0;0;3;27;4
2022-12;10;3;921;112;355;145;69;25;8;13;15;127;0;0;2;0;0;22;3
2022-12;11;3;73;0;7;15;0;0;0;0;1;1;2;2;0;0;1;5;2
2022-12;12;3;1257;115;526;199;101;50;5;0;8;166;0;0;2;0;3;31;5
2022-12;13;3;623;54;260;110;49;25;1;0;8;65;1;1;0;0;0;15;2
2022-12;14;3;876;55;389;143;40;13;0;2;14;119;0;0;2;0;0;29;4
2022-12;15;3;560;47;243;92;34;18;0;1;9;126;0;0;0;0;2;25;2
2022-12;16;3;1799;134;622;371;95;29;8;8;37;142;0;0;1;0;14;72;3
2022-12;17;3;660;163;194;57;104;20;52;31;11;49;1;1;0;0;2;30;2
2022-12;18;3;694;155;217;111;114;38;11;24;8;64;0;0;0;0;2;24;0
2022-12;19;3;743;80;208;152;53;21;4;18;7;40;0;0;1;0;0;39;5
2022-12;20;3;719;111;198;108;61;12;3;30;10;25;1;0;0;1;2;19;2
2022-12;21;3;998;210;190;173;81;17;11;58;12;24;5;4;6;1;1;41;6
2022-12;22;3;685;113;138;131;54;18;5;29;21;13;7;4;3;3;2;49;1
2022-12;23;3;516;151;116;78;81;31;5;42;11;11;0;0;0;0;1;24;2
2022-12;24;3;546;145;104;71;71;32;2;51;14;22;2;2;5;0;1;28;2
2022-12;25;3;556;108;121;94;44;20;4;31;5;25;0;0;3;0;3;33;9
2022-12;26;3;582;130;125;59;69;24;2;24;8;30;1;1;1;0;2;32;4
2022-12;27;3;1011;265;193;117;112;35;11;112;18;24;6;1;2;5;5;40;6
2022-12;28;3;529;93;81;80;54;22;1;24;12;21;3;3;0;0;1;44;2
2022-12;29;3;1319;450;289;168;216;51;12;140;26;50;3;3;1;0;2;52;6
2022-12;30;3;533;102;108;77;71;19;1;23;29;16;1;0;2;1;1;54;3
2022-12;31;3;560;148;76;89;60;13;5;58;15;12;3;2;2;1;4;39;4
2022-12;32;3;2020;221;504;418;127;31;23;51;23;61;10;7;3;3;10;161;14
2022-12;33;3;1009;183;117;163;106;53;2;49;22;18;6;2;10;4;5;56;3
2022-12;34;3;1235;242;199;220;126;44;12;60;19;34;11;7;5;3;10;107;17
2022-12;35;3;1938;172;353;225;69;16;9;50;46;46;3;3;1;0;19;205;15
2022-12;36;3;782;62;111;152;33;16;3;12;21;23;1;1;3;0;8;90;12
2022-12;37;3;1116;70;170;202;27;6;0;22;19;20;3;2;3;1;10;59;7
2022-12;38;3;570;145;89;96;70;28;9;33;23;16;2;0;8;2;6;47;7
2022-12;39;3;787;217;130;58;87;14;24;89;20;20;0;0;0;0;3;23;3
2022-12;40;3;508;194;64;50;96;33;5;58;14;7;3;3;3;0;1;29;2
2022-12;41;3;566;91;104;84;49;12;1;26;9;18;2;2;1;0;1;43;6
2022-12;42;3;1289;82;296;276;48;14;4;19;54;61;1;1;0;0;9;77;7
2022-12;43;3;511;53;71;57;35;6;9;4;13;8;2;2;3;0;7;82;6
2022-12;44;3;636;158;114;74;57;8;2;40;18;24;8;5;3;3;3;17;3
2023-01;1;3;772;72;357;124;63;14;3;2;7;111;0;0;0;0;0;12;2
2023-01;4;3;614;116;278;42;105;17;23;2;1;84;0;0;2;0;0;14;4
2023-01;5;3;1258;209;513;128;177;51;6;4;9;193;2;1;0;0;3;30;4
2023-01;6;3;360;25;119;46;21;8;3;3;4;40;2;2;1;0;2;19;3
2023-01;7;3;232;30;45;40;23;7;2;3;1;12;1;1;0;0;0;18;1
2023-01;9;3;1013;105;439;159;91;31;10;9;20;207;0;0;1;0;1;26;4
2023-01;10;3;925;69;378;146;46;12;4;5;21;109;0;0;0;0;0;31;5
2023-01;11;3;99;1;10;26;1;1;0;0;1;0;3;3;0;0;0;12;4
2023-01;12;3;1534;159;752;215;132;74;4;0;15;286;2;2;0;0;0;38;9
2023-01;13;3;710;35;370;101;27;13;0;0;10;94;0;0;0;0;3;15;8
2023-01;14;3;971;61;459;190;48;12;1;0;28;146;0;0;0;0;2;16;12
2023-01;15;3;474;36;135;121;29;15;3;3;10;59;0;0;0;0;1;16;2
2023-01;16;3;1871;143;651;413;110;28;10;7;60;154;2;2;0;0;4;71;5
2023-01;17;3;655;88;209;38;60;15;14;17;9;55;2;1;0;1;2;36;7
2023-01;18;3;588;76;195;94;58;22;5;11;8;60;0;0;1;0;0;21;0
2023-01;19;3;822;70;211;222;48;20;0;8;7;32;1;1;3;0;2;33;7
2023-01;20;3;649;76;180;128;50;9;2;11;8;20;0;0;0;0;0;25;1
2023-01;21;3;1333;233;296;228;97;15;23;69;22;15;4;3;10;1;8;45;9
2023-01;22;3;749;95;167;111;54;7;2;15;22;16;5;2;3;3;1;57;7
2023-01;23;3;425;71;112;67;49;21;0;16;8;19;1;1;0;0;1;17;1
2023-01;24;3;583;154;106;93;80;28;2;53;15;22;2;1;2;1;5;34;2
2023-01;25;3;554;75;123;84;44;13;5;11;4;28;1;0;0;1;3;42;6
2023-01;26;3;542;90;119;91;52;22;1;27;7;12;2;2;7;0;2;31;5
2023-01;27;3;844;229;147;120;93;33;3;99;15;9;3;1;0;1;3;43;9
2023-01;28;3;541;65;108;97;36;14;3;22;17;15;1;0;1;1;2;29;8
2023-01;29;3;1168;297;247;179;135;36;12;110;26;26;12;7;5;4;5;67;7
2023-01;30;3;552;106;102;100;64;20;3;27;28;12;2;1;0;1;3;53;1
2023-01;31;3;596;176;70;96;81;21;7;61;15;9;3;2;8;1;0;48;3
2023-01;32;3;1964;185;492;305;93;33;8;47;24;81;15;13;5;2;16;150;14
2023-01;33;3;971;125;93;169;59;20;4;41;21;11;5;4;1;1;4;77;4
2023-01;34;3;1109;202;138;223;82;21;4;72;22;18;14;8;2;5;9;80;4
2023-01;35;3;2130;179;341;394;89;24;10;46;52;38;4;3;5;0;11;228;24
2023-01;36;3;662;70;103;95;26;6;4;27;26;7;2;1;6;1;9;85;12
2023-01;37;3;766;35;144;172;23;4;1;6;20;17;5;5;8;0;5;59;3
2023-01;38;3;640;132;91;96;80;23;3;21;17;11;4;4;1;0;6;30;11
2023-01;39;3;695;177;122;88;97;20;28;55;12;23;6;4;2;2;3;15;2
2023-01;40;3;556;155;69;90;57;12;5;66;8;9;3;3;0;0;3;41;0
2023-01;41;3;626;73;124;91;35;9;4;16;7;23;3;2;4;1;2;40;4
2023-01;42;3;1422;103;345;282;64;15;5;21;58;72;1;1;0;0;11;90;2
2023-01;43;3;598;38;83;78;27;6;8;5;9;19;2;2;0;0;13;84;7
2023-01;44;3;577;116;100;48;39;15;3;45;15;13;0;0;0;0;2;17;5
2023-02;1;3;1298;173;829;71;168;29;4;1;5;292;1;0;0;0;3;15;0
2023-02;4;3;619;96;263;32;88;25;14;5;5;94;1;1;0;0;2;20;1
2023-02;5;3;1601;257;828;109;238;78;7;4;13;401;0;0;0;0;2;37;6
2023-02;6;3;513;41;194;45;30;6;4;4;5;61;4;2;7;2;1;22;0
2023-02;7;3;367;35;187;31;30;8;3;0;11;90;0;0;0;0;1;10;1
2023-02;9;3;1381;221;719;153;185;51;29;20;15;344;0;0;0;0;1;20;2
2023-02;10;3;1049;96;457;166;77;20;12;10;11;182;0;0;0;0;2;36;6
2023-02;11;3;79;0;10;18;0;0;0;0;0;1;0;0;0;0;4;13;2
2023-02;12;3;1199;89;542;189;67;31;4;0;8;171;2;2;3;0;5;37;11
2023-02;13;3;513;31;198;94;26;7;1;0;12;37;0;0;0;0;2;12;1
2023-02;14;3;1251;80;683;189;60;26;1;0;19;308;3;1;0;2;1;20;9
2023-02;15;3;567;27;215;102;18;8;1;7;5;101;0;0;0;0;2;27;1
2023-02;16;3;1629;93;503;378;71;20;5;3;36;124;3;0;4;3;3;92;5
2023-02;17;3;593;76;173;41;59;10;29;7;14;36;3;3;0;0;2;13;2
2023-02;18;3;654;120;206;59;92;38;10;16;3;95;0;0;0;0;0;14;2
2023-02;19;3;710;54;161;173;33;11;1;14;2;28;1;1;1;0;2;34;3
2023-02;20;3;629;74;156;108;42;17;6;19;5;20;0;0;4;0;0;42;2
2023-02;21;3;1164;173;272;146;65;9;12;56;19;30;2;1;5;1;5;50;8
2023-02;22;3;710;74;142;109;48;6;6;12;12;10;2;2;3;0;4;50;9
2023-02;23;3;428;78;111;54;48;14;1;18;10;14;3;1;0;2;1;23;3
2023-02;24;3;524;136;91;73;62;26;3;56;7;17;4;1;0;3;0;44;5
2023-02;25;3;422;68;96;58;31;16;5;16;7;28;3;1;1;2;4;36;6
2023-02;26;3;508;77;113;58;44;14;4;11;1;24;0;0;0;0;4;30;4
2023-02;27;3;794;229;150;102;93;29;8;102;28;18;6;2;0;4;2;52;11
2023-02;28;3;464;61;67;92;20;3;2;32;1;13;5;3;5;2;3;32;4
2023-02;29;3;1072;268;258;144;142;27;10;74;17;40;5;2;0;3;3;37;3
2023-02;30;3;522;95;108;72;66;10;1;15;23;21;3;3;0;0;2;43;1
2023-02;31;3;519;149;51;59;64;6;8;55;12;5;5;3;3;2;0;31;6
2023-02;32;3;1753;158;416;284;80;20;7;27;34;36;14;8;14;6;10;148;17
2023-02;33;3;858;132;104;125;57;19;3;44;23;17;14;13;4;1;6;60;8
2023-02;34;3;962;172;159;71;92;28;8;52;19;28;18;10;2;8;7;80;6
2023-02;35;3;1967;160;341;310;96;31;5;26;35;63;4;3;5;0;9;173;25
2023-02;36;3;763;56;86;107;32;14;6;17;19;12;1;1;3;0;8;81;10
2023-02;37;3;586;29;128;98;18;6;2;4;12;20;2;2;0;0;3;53;10
2023-02;38;3;596;139;70;70;59;20;3;42;14;8;3;1;2;2;1;34;6
2023-02;39;3;544;143;94;53;79;12;16;45;12;19;5;5;0;0;6;19;4
2023-02;40;3;490;136;69;46;68;10;14;48;4;8;5;5;0;0;2;24;2
2023-02;41;3;614;63;109;89;43;11;4;10;7;11;6;1;1;5;2;48;4
2023-02;42;3;1172;66;339;173;48;17;1;7;56;70;6;6;1;0;4;82;8
2023-02;43;3;527;56;77;53;38;14;2;5;12;11;3;3;2;0;7;84;8
2023-02;44;3;530;88;111;44;37;6;2;32;9;21;1;1;0;0;4;17;1
2023-03;1;3;771;67;355;91;53;8;2;2;7;90;0;0;1;0;1;12;1
2023-03;4;3;657;90;254;43;74;9;11;6;7;62;2;1;2;1;1;26;8
2023-03;5;3;980;113;389;86;104;41;1;1;13;122;3;3;1;0;4;38;7
2023-03;6;3;487;62;152;70;39;9;9;12;7;57;4;3;0;0;2;25;3
2023-03;7;3;257;26;63;36;15;4;0;6;9;9;1;1;0;0;1;14;6
2023-03;9;3;966;135;336;170;80;28;6;26;23;108;1;1;5;0;2;42;7
2023-03;10;3;1024;119;366;183;75;23;8;19;31;82;1;1;2;0;7;33;6
2023-03;11;3;95;1;15;18;1;0;0;0;1;1;0;0;0;0;1;7;3
2023-03;12;3;1226;78;465;232;63;25;5;3;18;114;0;0;5;0;0;42;6
2023-03;13;3;515;34;172;115;22;13;0;0;8;31;0;0;0;0;0;16;2
2023-03;14;3;966;71;410;190;54;18;4;4;18;139;2;2;0;0;0;19;6
2023-03;15;3;643;29;175;137;17;4;3;4;10;57;0;0;3;0;1;27;1
2023-03;16;3;1836;128;530;465;89;19;8;4;63;104;7;5;1;2;2;82;4
2023-03;17;3;648;120;217;50;75;16;26;24;20;44;4;4;13;0;4;23;4
2023-03;18;3;871;155;330;102;105;37;9;23;12;149;0;0;6;0;1;24;3
2023-03;19;3;1025;105;232;235;65;31;2;25;9;38;1;1;3;0;0;33;4
2023-03;20;3;808;88;224;169;47;14;2;23;13;33;2;2;10;0;6;30;3
2023-03;21;3;1254;215;246;152;76;25;10;77;26;32;3;3;1;0;4;53;14
2023-03;22;3;815;108;136;140;53;11;7;27;28;9;10;4;8;6;6;63;9
2023-03;23;3;487;76;129;72;40;10;1;22;7;23;0;0;1;0;1;21;2
2023-03;24;3;825;167;287;119;87;31;10;54;17;130;8;5;4;3;1;38;4
2023-03;25;3;510;98;108;71;52;13;16;19;10;19;4;2;0;2;0;34;3
2023-03;26;3;686;88;167;79;46;12;5;18;3;56;1;0;0;1;4;33;6
2023-03;27;3;966;268;159;156;125;33;22;111;30;17;4;2;2;2;3;54;4
2023-03;28;3;651;95;87;116;38;18;2;41;6;15;6;2;5;4;9;52;4
2023-03;29;3;1249;333;259;185;182;57;13;90;29;33;5;4;0;1;6;71;8
2023-03;30;3;642;119;99;113;80;23;3;28;22;8;1;0;1;0;6;60;6
2023-03;31;3;701;215;76;89;102;26;10;69;19;13;3;3;3;0;3;50;9
2023-03;32;3;1944;217;430;348;115;29;1;51;22;58;35;26;9;9;10;160;15
2023-03;33;3;1063;169;115;172;64;23;6;66;26;28;3;3;5;0;6;78;7
2023-03;34;3;1403;247;188;167;115;31;6;80;18;24;17;9;2;8;7;102;13
2023-03;35;3;2284;185;382;344;84;27;5;51;71;66;4;2;9;2;24;257;21
2023-03;36;3;882;65;117;141;31;13;5;20;37;22;4;3;4;1;18;99;11
2023-03;37;3;756;38;142;152;24;3;6;6;19;16;0;0;0;0;3;66;5
2023-03;38;3;650;157;68;72;51;21;3;49;21;7;7;2;5;4;8;44;6
2023-03;39;3;797;269;129;86;130;40;29;103;19;21;10;9;1;1;10;36;10
2023-03;40;3;688;202;87;88;105;23;27;81;15;14;4;3;1;1;8;28;2
2023-03;41;3;721;103;118;107;58;21;3;25;8;17;4;1;3;3;1;41;1
2023-03;42;3;1563;98;380;365;64;14;6;19;69;102;3;2;0;0;3;113;7
2023-03;43;3;713;49;91;88;36;12;3;1;22;18;2;2;5;0;15;104;13
2023-03;44;3;711;117;168;60;50;11;4;45;12;25;2;1;2;1;4;41;4
2023-04;1;3;480;47;182;52;43;9;2;0;5;47;0;0;0;0;0;20;0
2023-04;4;3;550;50;261;43;42;3;4;2;6;62;2;1;0;0;1;20;4
2023-04;5;3;730;99;280;47;91;23;3;0;17;67;3;3;0;0;0;35;5
2023-04;6;3;442;54;194;25;41;13;3;7;7;50;0;0;4;0;1;18;2
2023-04;7;3;171;13;42;26;5;1;2;5;3;8;0;0;0;0;0;20;1
2023-04;9;3;768;98;237;108;69;18;12;10;28;88;1;1;1;0;1;36;3
2023-04;10;3;880;86;340;129;62;17;4;2;23;85;1;0;0;0;0;39;2
2023-04;11;3;83;0;19;16;0;0;0;0;2;3;0;0;0;0;1;9;3
2023-04;12;3;937;72;365;189;54;25;2;2;13;107;0;0;0;0;3;22;8
2023-04;13;3;421;19;142;97;13;4;1;2;7;23;0;0;0;0;3;14;1
2023-04;14;3;824;40;371;149;33;14;0;1;9;131;0;0;1;0;0;24;8
2023-04;15;3;502;25;161;115;15;4;2;3;10;59;0;0;0;0;0;13;0
2023-04;16;3;1596;96;483;352;74;20;10;2;50;136;1;1;2;0;2;77;3
2023-04;17;3;545;85;172;58;56;11;23;16;15;48;0;0;1;0;3;14;3
2023-04;18;3;906;144;379;71;111;51;12;17;10;132;1;1;3;0;1;36;5
2023-04;19;3;893;94;246;163;60;24;0;15;7;57;1;1;1;0;1;38;4
2023-04;20;3;629;57;187;81;22;8;0;23;14;31;0;0;4;0;1;26;3
2023-04;21;3;1229;164;264;153;56;18;3;55;15;30;14;10;4;4;3;43;9
2023-04;22;3;815;165;150;161;66;15;5;62;22;15;6;4;3;2;2;43;8
2023-04;23;3;435;96;102;41;39;17;3;30;13;13;0;0;0;0;2;28;6
2023-04;24;3;653;190;164;79;79;25;1;78;17;59;3;1;2;2;2;34;2
2023-04;25;3;499;102;124;47;44;15;8;24;9;20;2;1;5;1;2;27;2
2023-04;26;3;574;99;144;75;40;12;1;37;4;49;0;0;0;0;3;26;2
2023-04;27;3;968;300;151;144;116;31;6;139;30;17;10;5;0;5;1;50;2
2023-04;28;3;554;99;72;119;27;13;1;61;7;13;6;2;0;4;2;43;6
2023-04;29;3;1155;337;266;147;171;41;11;109;22;38;8;2;1;5;2;62;9
2023-04;30;3;541;123;95;90;71;17;14;42;17;18;3;3;2;0;2;49;4
2023-04;31;3;562;152;90;65;87;12;13;43;18;7;3;3;1;0;7;43;5
2023-04;32;3;1830;159;428;332;74;17;3;40;31;70;8;6;2;2;8;204;10
2023-04;33;3;858;124;87;116;58;28;3;46;19;10;8;7;2;1;4;78;5
2023-04;34;3;1010;170;154;127;80;25;9;61;18;21;8;3;8;5;6;79;10
2023-04;35;3;1962;172;340;210;90;23;4;37;74;48;4;4;3;0;14;253;21
2023-04;36;3;685;69;65;90;34;15;2;17;22;8;7;7;1;0;13;86;10
2023-04;37;3;689;52;163;147;28;9;4;12;10;30;1;1;0;0;3;67;4
2023-04;38;3;658;185;76;46;67;15;4;73;23;2;3;1;10;1;6;53;4
2023-04;39;3;697;210;106;64;111;29;21;59;7;13;12;9;5;3;4;27;1
2023-04;40;3;587;167;54;63;87;26;12;55;4;12;5;2;2;2;4;43;4
2023-04;41;3;591;65;113;81;38;15;0;11;7;12;3;0;0;3;3;47;4
2023-04;42;3;1297;107;306;250;70;17;9;15;33;88;8;7;6;1;4;100;7
2023-04;43;3;575;41;77;85;30;7;2;3;15;9;4;3;0;0;6;91;8
2023-04;44;3;604;138;129;52;48;17;1;60;11;19;1;1;0;0;0;18;6
2023-05;1;3;587;56;235;74;43;8;3;1;9;54;0;0;2;0;0;11;0
2023-05;4;3;662;86;269;39;68;14;19;2;4;68;2;1;0;1;0;14;1
2023-05;5;3;915;145;369;77;120;35;1;2;14;95;3;1;0;0;0;31;5
2023-05;6;3;610;71;234;81;43;5;18;11;6;67;1;1;0;0;4;32;5
2023-05;7;3;182;25;42;26;15;2;2;1;1;7;0;0;2;0;1;9;2
2023-05;9;3;822;115;278;121;82;30;14;13;24;73;1;1;3;0;1;13;6
2023-05;10;3;947;96;333;166;58;18;4;8;26;79;2;1;0;1;2;32;2
2023-05;11;3;78;0;9;14;0;0;0;0;2;1;0;0;0;0;0;12;2
2023-05;12;3;1097;79;439;187;60;24;1;0;10;137;0;0;0;0;2;37;2
2023-05;13;3;535;30;214;108;26;15;0;0;5;57;0;0;0;0;0;5;1
2023-05;14;3;856;39;376;169;32;21;1;0;8;139;0;0;0;0;1;20;11
2023-05;15;3;526;30;183;113;23;12;5;0;10;77;0;0;0;0;3;17;2
2023-05;16;3;1839;134;548;381;94;30;14;12;42;119;6;6;3;0;3;75;8
2023-05;17;3;684;119;198;53;69;17;26;31;13;60;1;1;4;0;1;23;3
2023-05;18;3;863;115;375;82;80;43;9;11;12;160;1;0;0;1;2;38;2
2023-05;19;3;867;85;246;160;70;30;2;7;11;70;1;1;0;0;3;42;2
2023-05;20;3;736;90;227;120;55;15;4;19;17;33;2;2;2;0;1;34;5
2023-05;21;3;1368;223;240;189;97;26;17;70;21;32;11;8;11;2;7;38;5
2023-05;22;3;910;134;148;158;63;16;6;35;18;5;13;11;4;2;5;46;5
2023-05;23;3;505;122;106;61;68;20;3;36;8;14;0;0;0;0;1;21;3
2023-05;24;3;701;166;189;84;87;36;6;55;13;59;0;0;0;0;1;43;3
2023-05;25;3;637;112;122;71;44;14;10;31;3;22;4;1;6;2;0;37;1
2023-05;26;3;653;141;130;72;71;23;5;48;6;48;1;1;0;0;1;29;4
2023-05;27;3;1007;264;165;175;110;22;8;115;20;14;6;5;2;1;5;53;2
2023-05;28;3;571;75;92;124;31;13;4;26;1;16;2;1;1;1;1;37;5
2023-05;29;3;1135;279;288;161;140;34;16;99;18;40;2;1;1;1;5;42;5
2023-05;30;3;580;151;87;87;75;25;5;58;23;6;0;0;1;0;3;47;3
2023-05;31;3;676;172;93;92;100;27;12;45;20;9;3;2;0;1;5;37;0
2023-05;32;3;2125;210;504;370;115;39;11;45;34;59;15;15;1;0;3;137;17
2023-05;33;3;956;153;125;127;65;23;2;60;23;22;7;6;1;1;8;67;4
2023-05;34;3;1279;210;191;239;92;34;6;75;24;31;13;6;5;7;8;96;10
2023-05;35;3;2152;152;410;246;68;18;3;39;76;60;5;5;7;0;22;268;19
2023-05;36;3;1012;85;127;157;56;23;4;18;27;12;6;6;2;0;11;119;13
2023-05;37;3;736;43;145;169;20;4;0;16;16;13;0;0;4;0;6;63;5
2023-05;38;3;759;147;93;87;56;15;4;56;22;5;4;2;1;1;3;37;8
2023-05;39;3;861;239;126;106;127;27;30;73;12;13;5;2;2;3;1;9;4
2023-05;40;3;543;163;74;68;86;29;15;47;15;6;2;1;2;0;3;29;1
2023-05;41;3;753;99;131;127;55;30;4;23;8;25;3;1;4;2;2;50;6
2023-05;42;3;1442;87;344;300;65;12;3;8;54;60;5;5;5;0;2;84;5
2023-05;43;3;546;37;70;88;23;1;6;7;9;7;3;3;3;0;9;88;4
2023-05;44;3;717;202;153;56;66;34;2;96;9;24;10;7;7;3;3;28;3
2023-06;1;3;531;50;205;71;44;11;3;1;3;53;1;1;0;0;0;15;4
2023-06;4;3;621;90;283;39;70;11;31;1;12;78;1;1;0;0;1;11;2
2023-06;5;3;872;119;349;77;101;22;0;3;17;114;0;0;0;0;5;28;4
2023-06;6;3;597;68;219;77;39;11;10;13;10;85;2;2;1;0;0;22;2
2023-06;7;3;208;17;48;31;7;1;2;1;6;3;0;0;0;0;2;14;1
2023-06;9;3;785;103;288;88;64;28;8;14;14;95;0;0;1;0;2;22;5
2023-06;10;3;832;73;305;143;49;22;7;5;27;72;0;0;2;0;1;27;1
2023-06;11;3;143;1;19;44;1;0;1;0;1;5;0;0;0;0;3;12;1
2023-06;12;3;897;50;345;189;41;15;1;1;9;89;0;0;2;0;0;25;2
2023-06;13;3;461;29;174;103;19;7;1;1;2;36;0;0;0;0;0;15;0
2023-06;14;3;751;38;293;167;30;8;0;1;8;104;0;0;0;0;2;16;3
2023-06;15;3;496;27;153;95;23;6;2;1;7;51;0;0;0;0;1;15;1
2023-06;16;3;1705;110;558;340;74;30;10;14;24;140;5;5;0;0;4;69;3
2023-06;17;3;677;91;247;38;54;9;16;16;16;50;4;2;1;2;3;24;3
2023-06;18;3;797;110;334;74;90;47;5;4;6;163;1;1;1;0;0;15;1
2023-06;19;3;831;101;247;161;69;28;5;11;9;51;1;0;0;1;2;40;3
2023-06;20;3;707;74;235;89;48;18;1;21;11;24;1;1;1;0;0;22;3
2023-06;21;3;908;170;197;109;67;25;11;58;21;31;5;2;1;3;4;39;9
2023-06;22;3;730;102;156;119;60;18;5;19;11;12;2;2;0;0;8;47;7
2023-06;23;3;456;113;108;53;65;18;4;34;11;13;0;0;0;0;3;24;3
2023-06;24;3;614;140;136;77;83;22;4;36;7;48;3;1;3;2;1;39;2
2023-06;25;3;498;120;93;48;63;27;10;33;1;23;1;0;0;1;2;28;2
2023-06;26;3;598;125;164;69;67;37;4;29;5;59;2;0;4;2;2;21;1
2023-06;27;3;774;175;136;120;81;28;9;63;23;16;10;4;1;4;3;45;3
2023-06;28;3;449;42;85;110;26;7;3;8;6;9;7;3;1;4;1;49;3
2023-06;29;3;1056;209;236;198;148;44;25;30;27;30;12;9;3;3;8;58;13
2023-06;30;3;552;130;94;85;82;26;12;37;15;14;2;1;0;1;2;46;3
2023-06;31;3;643;186;78;89;90;31;11;54;11;17;2;2;0;0;4;48;2
2023-06;32;3;1793;167;439;294;74;16;7;49;13;56;11;8;5;3;12;162;16
2023-06;33;3;893;155;102;112;76;29;2;43;23;18;6;2;2;3;10;76;4
2023-06;34;3;1208;181;185;191;85;33;9;60;25;38;8;4;9;4;12;73;11
2023-06;35;3;1962;147;356;238;77;26;8;36;80;30;3;3;10;0;18;211;18
2023-06;36;3;923;67;90;158;43;16;2;10;21;13;11;10;6;1;5;78;7
2023-06;37;3;721;35;139;144;18;7;2;11;12;15;1;1;1;0;0;65;7
2023-06;38;3;513;122;73;62;47;9;5;51;28;6;1;0;1;1;4;36;6
2023-06;39;3;815;210;132;79;113;16;30;64;17;11;9;5;0;4;4;36;6
2023-06;40;3;460;114;60;65;69;17;12;25;14;11;2;1;0;1;3;29;1
2023-06;41;3;603;78;121;122;49;24;2;11;6;12;1;1;4;0;3;43;2
2023-06;42;3;1157;90;219;250;50;12;3;11;30;34;9;8;2;1;4;83;2
2023-06;43;3;536;30;86;82;20;6;1;1;16;15;1;1;3;0;9;69;2
2023-06;44;3;588;134;151;68;42;23;3;63;9;32;4;4;0;0;3;20;2
2023-07;1;3;541;65;215;65;55;19;2;0;5;86;1;0;0;0;1;14;0
2023-07;4;3;608;108;233;34;77;18;19;0;6;61;2;2;0;0;1;14;6
2023-07;5;3;1086;219;359;144;194;60;2;1;5;112;0;0;0;0;3;33;3
2023-07;6;3;550;45;198;89;32;6;14;1;4;64;2;2;1;0;3;39;4
2023-07;7;3;197;36;40;26;25;6;4;2;4;8;0;0;0;0;0;9;1
2023-07;9;3;836;83;294;133;70;29;6;3;11;96;0;0;0;0;2;35;3
2023-07;10;3;866;80;360;112;61;17;4;2;15;70;0;0;0;0;3;27;2
2023-07;11;3;103;2;15;24;2;2;0;0;0;2;0;0;0;0;4;11;2
2023-07;12;3;951;48;398;166;39;12;2;0;6;107;2;2;0;0;4;36;3
2023-07;13;3;439;24;154;96;20;5;0;0;2;33;0;0;0;0;1;12;1
2023-07;14;3;722;25;320;133;22;8;0;0;6;109;0;0;0;0;0;19;4
2023-07;15;3;484;18;159;100;12;4;1;1;9;61;0;0;0;0;0;23;3
2023-07;16;3;1703;95;486;380;75;32;7;3;24;141;3;1;1;2;2;74;4
2023-07;17;3;673;126;221;52;101;15;45;8;15;37;2;1;3;0;0;34;5
2023-07;18;3;712;100;286;61;86;32;5;5;6;92;0;0;0;0;2;22;1
2023-07;19;3;803;88;191;158;70;36;2;3;4;48;0;0;3;0;0;48;1
2023-07;20;3;619;64;162;101;43;19;2;8;6;31;1;1;0;0;3;31;0
2023-07;21;3;1129;163;295;111;86;12;24;39;19;36;4;2;1;2;6;36;11
2023-07;22;3;723;74;169;162;48;14;1;13;15;9;3;2;3;0;5;46;4
2023-07;23;3;427;94;103;60;78;24;3;9;11;4;1;1;2;0;1;24;4
2023-07;24;3;715;113;279;99;76;26;5;19;15;114;3;3;0;0;2;42;5
2023-07;25;3;513;98;107;76;65;13;28;7;5;23;4;2;0;2;2;18;2
2023-07;26;3;481;65;136;72;43;25;3;8;3;53;0;0;0;0;1;30;4
2023-07;27;3;736;138;163;118;64;8;6;51;31;14;3;2;4;1;2;44;2
2023-07;28;3;451;28;78;92;16;9;0;7;4;12;6;3;12;3;5;30;9
2023-07;29;3;957;142;257;143;101;30;9;17;21;39;10;7;1;3;2;53;5
2023-07;30;3;506;71;89;82;56;22;1;9;19;17;2;2;0;0;3;40;3
2023-07;31;3;530;149;66;79;100;37;8;33;13;9;0;0;0;0;1;45;3
2023-07;32;3;1755;112;400;346;60;20;4;20;15;31;9;7;1;2;8;136;9
2023-07;33;3;853;139;97;127;72;36;4;34;15;15;8;3;0;5;3;57;5
2023-07;34;3;1270;215;167;218;124;41;27;71;14;29;9;4;3;5;11;88;17
2023-07;35;3;1764;124;335;188;56;23;5;23;56;45;0;0;2;0;15;204;25
2023-07;36;3;793;61;114;104;42;20;0;13;29;24;6;6;3;0;17;64;17
2023-07;37;3;672;26;150;110;11;4;1;4;7;24;2;2;0;0;3;39;4
2023-07;38;3;509;87;56;75;45;8;7;27;23;10;1;0;5;1;2;54;6
2023-07;39;3;765;175;124;60;75;19;7;67;15;19;4;2;5;2;4;29;7
2023-07;40;3;440;118;64;72;62;16;6;39;15;10;4;3;2;1;1;27;1
2023-07;41;3;568;57;112;107;37;12;4;8;10;11;2;0;1;2;1;32;4
2023-07;42;3;1254;84;265;282;52;18;2;6;52;42;4;4;5;0;2;96;7
2023-07;43;3;568;31;86;75;24;10;1;0;22;8;4;4;3;0;17;86;4
2023-07;44;3;611;77;173;99;42;17;4;21;15;17;3;3;0;0;2;27;4
2023-08;1;3;643;47;271;85;44;8;2;0;4;53;0;0;0;0;1;11;1
2023-08;4;3;644;74;283;53;56;9;4;4;3;97;1;1;0;0;0;11;5
2023-08;5;3;1217;156;379;162;145;55;2;1;10;155;2;1;0;0;2;41;3
2023-08;6;3;622;73;234;78;50;12;8;14;9;81;2;2;0;0;1;38;4
2023-08;7;3;176;20;37;32;11;4;1;2;6;5;0;0;1;0;0;16;1
2023-08;9;3;911;111;318;127;84;27;5;14;15;73;1;1;1;0;4;22;2
2023-08;10;3;949;83;389;147;62;21;6;4;17;90;0;0;0;0;1;16;3
2023-08;11;3;90;3;14;17;1;0;0;0;0;3;0;0;1;0;0;7;3
2023-08;12;3;1397;205;656;170;187;84;3;1;11;297;1;1;1;0;5;33;2
2023-08;13;3;555;22;238;113;15;6;0;0;7;84;0;0;0;0;2;14;3
2023-08;14;3;813;43;339;167;34;14;0;0;15;125;0;0;0;0;2;26;5
2023-08;15;3;547;28;171;104;23;6;3;1;5;55;0;0;0;0;2;13;5
2023-08;16;3;1885;133;628;408;79;30;11;7;44;160;4;2;9;2;3;82;8
2023-08;17;3;704;114;224;61;76;13;39;13;11;51;0;0;0;0;4;22;4
2023-08;18;3;1061;125;525;87;110;42;10;7;10;266;0;0;0;0;1;28;1
2023-08;19;3;942;124;244;202;90;36;0;19;12;71;2;1;0;0;1;29;3
2023-08;20;3;652;64;182;103;44;16;1;10;15;36;0;0;0;0;1;19;2
2023-08;21;3;1261;204;301;199;116;22;29;45;18;42;1;0;2;0;4;53;7
2023-08;22;3;789;97;206;141;63;11;13;20;19;12;13;4;4;9;3;48;6
2023-08;23;3;435;64;102;66;43;7;0;6;11;8;1;1;0;0;6;24;3
2023-08;24;3;690;116;206;109;70;31;3;23;15;83;2;1;1;1;3;39;10
2023-08;25;3;676;110;194;105;70;25;17;16;7;51;2;2;3;0;1;37;2
2023-08;26;3;486;61;127;70;37;13;4;14;6;28;1;1;2;0;2;18;0
2023-08;27;3;751;150;149;118;88;29;4;50;20;20;5;5;1;0;4;47;4
2023-08;28;3;520;40;95;101;28;9;0;5;13;11;4;0;0;4;8;47;1
2023-08;29;3;1050;187;290;175;136;36;21;27;30;52;4;4;0;0;2;35;5
2023-08;30;3;603;106;109;110;82;14;12;18;19;9;3;3;2;0;4;56;4
2023-08;31;3;658;163;100;96;85;25;12;52;23;6;3;3;1;0;3;39;6
2023-08;32;3;1889;157;432;372;77;18;7;32;18;64;10;9;4;1;15;145;7
2023-08;33;3;838;123;111;75;63;32;3;45;16;20;5;3;0;1;3;58;7
2023-08;34;3;1313;215;148;206;140;42;31;50;17;22;10;8;3;2;12;102;14
2023-08;35;3;2074;159;366;280;90;40;5;41;63;56;2;2;8;0;15;227;23
2023-08;36;3;783;50;119;120;26;16;0;14;33;18;8;8;5;0;6;77;6
2023-08;37;3;696;33;156;123;20;4;3;8;13;34;2;1;1;1;4;36;6
2023-08;38;3;519;95;103;87;43;12;4;29;28;7;0;0;1;0;4;42;4
2023-08;39;3;759;191;130;79;86;24;18;73;12;27;3;3;2;0;2;19;7
2023-08;40;3;536;158;71;91;89;32;8;50;21;10;2;1;0;1;0;29;3
2023-08;41;3;698;68;119;156;37;16;1;20;7;20;2;2;0;0;4;54;2
2023-08;42;3;1079;56;234;217;36;12;2;3;63;37;6;6;5;0;3;75;5
2023-08;43;3;609;37;71;66;25;8;2;5;10;13;1;1;2;0;8;79;6
2023-08;44;3;602;87;155;79;46;10;3;24;13;34;3;3;0;0;1;17;3
2023-09;1;3;594;53;247;64;46;11;4;2;6;62;0;0;0;0;1;16;1
2023-09;4;3;572;68;250;44;51;12;7;3;2;79;0;0;0;0;3;16;3
2023-09;5;3;1143;214;403;137;199;93;13;3;9;159;0;0;0;0;2;30;6
2023-09;6;3;583;63;219;74;41;15;8;10;4;60;0;0;1;0;1;19;3
2023-09;7;3;186;34;38;26;18;2;2;4;5;4;0;0;1;0;3;10;0
2023-09;9;3;856;104;317;112;68;24;10;14;17;94;0;0;0;0;2;27;6
2023-09;10;3;921;104;359;122;71;25;4;8;22;99;0;0;2;0;1;34;2
2023-09;11;3;81;1;19;10;1;0;0;0;3;3;0;0;0;0;0;4;5
2023-09;12;3;1177;101;528;171;86;36;3;1;14;165;0;0;2;0;2;33;5
2023-09;13;3;483;34;179;100;26;13;2;0;3;55;0;0;0;0;2;15;2
2023-09;14;3;806;46;329;141;39;21;0;0;19;114;0;0;0;0;3;27;10
2023-09;15;3;500;21;168;106;15;5;3;1;6;70;0;0;0;0;2;13;1
2023-09;16;3;1926;125;648;332;86;29;7;8;68;207;6;6;4;0;5;64;8
2023-09;17;3;706;87;266;55;56;14;14;9;18;79;1;1;6;0;0;27;8
2023-09;18;3;908;113;425;85;85;41;6;14;7;198;0;0;0;0;1;16;3
2023-09;19;3;924;113;268;164;76;38;4;23;11;72;0;0;1;0;0;37;2
2023-09;20;3;653;82;207;97;45;11;2;24;8;51;1;1;2;0;2;27;2
2023-09;21;3;1123;163;266;167;75;14;15;47;17;38;2;1;4;1;9;50;15
2023-09;22;3;896;118;232;135;59;20;6;41;21;8;2;2;0;0;3;70;6
2023-09;23;3;412;72;107;45;40;9;2;21;13;15;3;2;0;1;4;17;5
2023-09;24;3;615;89;191;85;47;22;1;31;8;77;1;1;0;0;2;30;6
2023-09;25;3;581;107;127;81;58;22;11;20;13;20;3;3;0;0;2;27;6
2023-09;26;3;515;67;141;75;41;11;3;17;5;30;2;2;4;0;1;42;2
2023-09;27;3;806;185;157;162;82;19;6;75;26;22;4;4;2;0;2;59;1
2023-09;28;3;482;26;94;96;12;7;0;7;8;21;5;4;0;1;4;38;0
2023-09;29;3;1107;180;368;129;125;39;12;28;26;39;13;10;1;2;5;42;6
2023-09;30;3;576;111;99;82;81;37;18;18;23;21;3;3;1;0;2;53;8
2023-09;31;3;616;137;62;98;79;15;20;48;15;10;7;6;1;1;5;46;3
2023-09;32;3;1904;187;439;313;97;32;6;41;19;80;9;7;4;2;13;160;12
2023-09;33;3;880;123;99;69;68;27;7;39;24;14;2;2;4;0;5;96;4
2023-09;34;3;1220;192;196;187;112;31;22;54;18;43;5;4;2;1;4;83;13
2023-09;35;3;1982;167;322;246;72;29;4;64;59;60;3;1;5;0;12;225;28
2023-09;36;3;821;64;101;134;35;16;1;18;31;11;9;9;11;0;8;103;7
2023-09;37;3;672;21;168;109;11;1;1;4;14;19;2;1;1;0;3;55;4
2023-09;38;3;554;113;63;62;41;10;2;52;26;6;2;2;2;0;0;48;2
2023-09;39;3;766;192;123;50;95;22;17;60;10;25;4;4;7;0;7;32;3
2023-09;40;3;467;130;63;64;63;15;13;47;13;9;5;5;1;0;3;35;3
2023-09;41;3;598;50;104;120;27;8;2;21;4;19;5;5;3;0;0;41;6
2023-09;42;3;1190;101;314;222;52;18;3;16;108;58;10;3;1;7;6;60;8
2023-09;43;3;561;60;81;75;46;14;7;5;16;14;2;2;0;0;9;64;7
2023-09;44;3;620;93;150;106;44;8;2;32;9;26;1;1;2;0;5;13;2
2023-10;1;3;597;73;249;116;68;14;5;0;5;68;0;0;0;0;0;18;4
2023-10;4;3;707;92;344;60;69;21;9;5;3;110;2;2;0;0;1;19;4
2023-10;5;3;1324;244;491;122;231;131;5;1;15;228;0;0;0;0;4;32;3
2023-10;6;3;746;72;328;92;49;17;12;10;11;167;2;0;1;2;1;24;4
2023-10;7;3;182;21;47;28;11;3;0;2;6;9;0;0;1;0;2;10;2
2023-10;9;3;998;113;386;136;83;30;7;11;20;133;1;1;3;0;2;26;2
2023-10;10;3;929;86;422;121;58;16;4;6;26;127;1;1;0;0;3;23;3
2023-10;11;3;69;0;10;8;0;0;0;0;1;4;0;0;1;0;1;6;1
2023-10;12;3;1028;71;424;197;58;20;2;0;13;113;0;0;0;0;1;30;3
2023-10;13;3;467;22;144;111;19;5;2;0;6;26;0;0;0;0;2;15;3
2023-10;14;3;855;28;348;201;21;9;2;0;12;122;2;2;0;0;0;14;5
2023-10;15;3;528;30;155;125;23;12;3;2;5;57;0;0;0;0;1;23;1
2023-10;16;3;1930;157;525;451;111;47;5;4;43;151;4;3;1;1;2;91;12
2023-10;17;3;768;115;316;45;68;16;19;21;19;117;3;3;3;0;0;27;3
2023-10;18;3;782;121;297;60;83;39;10;14;6;105;0;0;1;0;2;23;1
2023-10;19;3;937;128;242;204;92;34;2;14;8;56;0;0;3;0;1;32;3
2023-10;20;3;782;128;171;150;89;33;4;25;7;38;0;0;0;0;2;26;1
2023-10;21;3;1336;179;243;222;98;27;30;37;14;42;3;2;2;1;7;49;7
2023-10;22;3;740;87;169;133;40;10;7;23;17;13;5;3;1;1;3;46;6
2023-10;23;3;484;81;100;83;42;9;1;23;7;17;1;0;3;1;0;30;1
2023-10;24;3;738;132;214;114;47;13;2;52;14;74;0;0;0;0;1;33;5
2023-10;25;3;524;105;127;81;68;44;8;16;9;37;1;1;1;0;3;32;3
2023-10;26;3;582;76;163;89;50;22;4;12;12;41;1;0;5;1;2;39;1
2023-10;27;3;839;215;174;118;98;33;5;86;29;19;1;1;1;0;2;41;3
2023-10;28;3;523;40;82;129;23;9;1;11;10;11;4;2;0;2;2;52;2
2023-10;29;3;1282;210;462;165;140;53;7;37;32;67;5;4;1;1;3;35;3
2023-10;30;3;592;125;107;85;81;33;12;35;27;23;0;0;0;0;2;63;2
2023-10;31;3;551;144;83;69;68;27;10;61;24;12;3;2;4;1;2;30;3
2023-10;32;3;1815;134;425;334;84;27;4;17;25;64;14;14;4;0;11;162;16
2023-10;33;3;891;132;115;78;58;27;2;51;27;20;4;2;0;2;6;78;4
2023-10;34;3;1329;200;214;210;101;41;13;60;43;32;4;4;1;0;10;125;9
2023-10;35;3;1995;167;323;244;57;18;4;67;63;48;2;2;0;0;11;199;17
2023-10;36;3;777;59;86;102;34;12;5;15;21;10;5;5;3;0;15;79;12
2023-10;37;3;915;39;194;182;21;5;0;6;8;29;1;1;0;0;5;75;4
2023-10;38;3;525;140;60;63;40;8;4;64;18;4;1;1;1;0;3;41;3
2023-10;39;3;949;292;138;77;120;30;12;86;21;20;4;4;2;0;5;36;1
2023-10;40;3;468;153;92;50;78;27;2;48;17;12;1;1;3;0;4;31;3
2023-10;41;3;604;50;91;127;36;10;0;6;4;25;4;1;0;3;0;54;4
2023-10;42;3;924;65;223;187;42;15;4;4;51;42;0;0;2;0;2;80;7
2023-10;43;3;643;46;81;74;36;7;13;4;16;11;6;4;5;1;7;84;6
2023-10;44;3;683;118;157;79;42;8;1;52;20;23;2;1;0;1;2;26;6
2023-11;1;3;637;54;348;101;45;13;0;2;9;111;0;0;1;0;0;17;1
2023-11;4;3;659;108;286;33;82;26;8;4;4;94;0;0;0;0;0;14;2
2023-11;5;3;1422;200;613;141;179;109;4;4;8;320;1;1;1;0;4;30;5
2023-11;6;3;556;88;198;61;52;14;6;20;13;50;0;0;1;0;1;14;2
2023-11;7;3;239;27;74;34;17;2;3;6;13;6;3;0;2;3;0;14;2
2023-11;9;3;1149;116;505;165;89;41;7;11;20;239;0;0;0;0;4;23;3
2023-11;10;3;1076;104;476;172;75;34;3;6;23;153;0;0;0;0;2;14;4
2023-11;11;3;91;1;8;12;1;0;1;0;0;4;0;0;0;0;3;11;2
2023-11;12;3;1268;103;528;218;90;38;0;0;11;199;1;0;1;0;0;34;5
2023-11;13;3;627;38;245;122;23;8;0;2;1;77;0;0;4;0;4;17;4
2023-11;14;3;974;68;410;208;45;15;1;4;21;121;1;1;0;0;0;34;6
2023-11;15;3;590;32;158;119;25;11;2;0;4;62;0;0;0;0;2;27;1
2023-11;16;3;2090;182;632;401;126;51;8;5;45;150;4;2;2;1;5;94;16
2023-11;17;3;801;136;295;39;70;24;13;48;16;97;1;1;1;0;4;22;2
2023-11;18;3;1120;150;500;102;91;42;4;28;9;217;0;0;1;0;2;25;3
2023-11;19;3;1057;150;289;215;89;34;2;36;6;109;0;0;1;0;2;41;7
2023-11;20;3;823;158;210;125;87;31;2;37;4;57;1;1;0;0;1;37;1
2023-11;21;3;1475;223;330;204;105;38;17;77;22;64;7;7;0;0;6;51;11
2023-11;22;3;891;154;171;143;78;32;8;51;22;19;5;4;0;1;4;50;4
2023-11;23;3;601;102;163;101;51;13;3;33;12;22;0;0;0;0;4;27;1
2023-11;24;3;983;187;332;143;88;42;2;78;24;150;1;1;0;0;3;39;5
2023-11;25;3;659;107;181;85;52;31;10;26;7;57;1;1;4;0;3;20;3
2023-11;26;3;613;106;191;91;52;18;7;28;4;40;1;0;1;1;0;37;5
2023-11;27;3;880;231;177;111;108;40;5;87;37;23;8;2;6;5;3;48;2
2023-11;28;3;616;86;107;115;42;17;2;25;7;18;3;1;3;2;3;49;6
2023-11;29;3;1116;202;305;166;129;41;10;43;39;44;1;1;0;0;4;37;12
2023-11;30;3;622;130;130;90;66;32;4;52;32;21;3;3;0;0;3;42;3
2023-11;31;3;545;133;89;54;65;13;19;55;26;11;4;4;1;0;2;41;1
2023-11;32;3;1958;129;441;407;69;27;5;31;24;73;9;7;7;2;11;155;20
2023-11;33;3;971;151;138;79;74;32;4;57;9;39;8;8;4;0;7;77;8
2023-11;34;3;1293;169;189;268;88;33;18;51;25;34;4;2;7;2;7;114;9
2023-11;35;3;2531;170;341;537;86;38;6;52;44;52;3;2;5;1;30;230;23
2023-11;36;3;967;68;126;131;41;19;1;17;26;18;7;7;3;0;12;95;15
2023-11;37;3;842;32;158;142;25;7;0;4;9;27;2;2;1;0;5;67;6
2023-11;38;3;608;160;84;68;47;12;2;61;23;7;1;1;0;0;8;27;5
2023-11;39;3;839;221;140;93;110;33;11;68;21;25;2;1;3;1;11;34;8
2023-11;40;3;452;156;90;44;79;26;8;53;17;5;4;3;0;1;1;28;4
2023-11;41;3;691;62;116;190;40;16;2;15;8;15;1;1;0;0;0;48;4
2023-11;42;3;1068;90;242;193;65;19;6;6;62;43;3;3;4;0;4;77;8
2023-11;43;3;517;30;70;67;15;3;0;8;18;10;8;7;4;1;14;65;8
2023-11;44;3;699;137;172;50;52;16;5;60;15;31;4;3;7;0;2;19;1
2023-12;1;3;569;65;254;99;58;13;3;0;5;56;0;0;0;0;1;9;1
2023-12;4;3;589;85;248;46;69;17;14;5;7;83;1;1;0;0;2;17;7
2023-12;5;3;1217;217;412;152;193;97;1;5;12;191;0;0;2;0;2;42;10
2023-12;6;3;588;101;214;59;63;15;21;17;8;45;1;1;0;0;3;29;4
2023-12;7;3;201;21;41;33;17;4;4;0;7;5;1;1;0;0;1;10;4
2023-12;9;3;957;107;368;150;75;29;8;10;18;131;0;0;1;0;3;28;5
2023-12;10;3;937;80;371;141;61;20;4;9;13;90;0;0;0;0;0;30;8
2023-12;11;3;85;1;13;15;1;0;0;0;0;4;0;0;0;0;1;8;3
2023-12;12;3;1165;75;457;223;60;24;4;1;7;123;0;0;0;0;2;33;2
2023-12;13;3;501;30;149;126;20;7;1;1;2;38;0;0;0;0;2;12;4
2023-12;14;3;851;31;339;204;20;11;0;1;19;93;0;0;0;0;1;25;10
2023-12;15;3;566;32;174;137;26;11;2;1;10;60;0;0;0;0;0;31;0
2023-12;16;3;2027;186;640;434;134;48;14;7;38;168;5;3;6;2;7;76;7
2023-12;17;3;714;119;252;44;72;28;16;30;11;81;0;0;0;0;2;15;5
2023-12;18;3;818;127;327;98;105;51;9;9;5;127;0;0;1;0;2;38;1
2023-12;19;3;881;112;208;217;74;40;4;23;7;71;1;1;2;0;2;35;3
2023-12;20;3;565;95;135;99;56;18;6;14;6;18;2;0;0;1;2;46;3
2023-12;21;3;1389;208;320;206;111;38;17;50;17;39;6;5;11;1;6;59;8
2023-12;22;3;720;75;164;130;35;15;3;25;19;23;8;2;3;6;1;36;4
2023-12;23;3;518;81;151;101;49;14;2;16;16;12;1;1;0;0;2;30;3
2023-12;24;3;632;152;131;96;71;20;2;56;14;12;3;2;0;1;2;43;7
2023-12;25;3;648;88;157;99;51;13;20;15;0;44;2;1;0;1;0;46;5
2023-12;26;3;607;108;160;110;58;25;2;21;6;30;0;0;0;0;2;25;5
2023-12;27;3;792;195;148;107;89;37;2;70;27;20;3;3;1;0;3;46;4
2023-12;28;3;548;60;98;129;27;18;3;23;8;20;1;0;1;1;5;45;6
2023-12;29;3;1157;244;325;194;143;49;15;57;30;53;10;7;0;3;3;48;8
2023-12;30;3;618;89;120;120;53;21;5;29;39;18;2;0;2;1;3;70;2
2023-12;31;3;452;95;62;63;46;10;12;33;17;9;1;1;0;0;4;39;4
2023-12;32;3;1880;132;461;356;66;24;4;32;29;85;9;8;4;1;17;161;12
2023-12;33;3;858;137;158;118;68;36;3;53;16;51;3;2;2;1;4;77;2
2023-12;34;3;1329;165;189;245;73;22;9;70;29;29;3;2;3;1;11;105;13
2023-12;35;3;2499;184;365;628;91;33;14;66;53;36;4;4;1;0;28;270;18
2023-12;36;3;1030;59;117;191;49;11;13;5;23;17;3;3;2;0;11;101;11
2023-12;37;3;857;36;165;114;18;4;1;12;11;26;0;0;1;0;6;64;2
2023-12;38;3;749;102;124;153;40;13;2;38;18;11;7;3;4;4;0;43;8
2023-12;39;3;893;260;141;125;138;36;21;64;19;22;5;4;5;1;6;42;5
2023-12;40;3;503;139;97;61;72;25;7;42;21;2;3;3;0;0;2;37;5
2023-12;41;3;738;55;135;180;31;13;0;18;6;29;7;3;2;4;5;54;2
2023-12;42;3;1043;97;204;185;63;22;8;10;41;40;5;5;4;0;3;73;5
2023-12;43;3;633;47;95;64;39;9;12;3;23;12;2;2;2;0;10;91;9
2023-12;44;3;758;111;241;65;54;16;3;32;14;24;0;0;5;0;3;28;7
2024-01;1;3;889;87;522;105;79;24;4;2;7;156;0;0;0;0;1;12;0
2024-01;4;3;728;110;335;49;90;21;20;4;2;131;0;0;0;0;3;13;3
2024-01;5;3;1441;276;569;138;253;129;2;5;18;266;0;0;0;0;3;46;3
2024-01;6;3;650;102;223;78;68;18;17;15;5;40;0;0;0;0;2;23;2
2024-01;7;3;240;29;71;26;16;7;2;4;8;19;0;0;1;0;0;12;2
2024-01;9;3;1355;157;611;181;118;50;4;12;28;258;0;0;0;0;4;43;1
2024-01;10;3;1084;109;469;136;86;28;5;3;33;144;0;0;0;0;0;29;4
2024-01;11;3;103;3;21;18;3;1;0;0;2;1;0;0;0;0;4;8;1
2024-01;12;3;1482;68;708;235;61;31;1;0;11;247;0;0;0;0;5;51;3
2024-01;13;3;634;29;257;120;24;4;1;1;8;76;0;0;1;0;2;31;0
2024-01;14;3;1009;44;439;175;39;15;0;0;20;132;0;0;0;0;1;37;5
2024-01;15;3;655;42;226;138;31;14;1;2;8;103;1;0;2;0;1;25;2
2024-01;16;3;2043;185;516;435;124;40;9;7;52;104;2;1;5;1;2;91;14
2024-01;17;3;709;140;194;53;78;23;25;40;21;42;1;0;0;0;6;29;1
2024-01;18;3;701;144;262;86;107;48;8;24;7;62;0;0;0;0;1;28;1
2024-01;19;3;885;93;219;241;56;24;5;20;5;53;1;1;1;0;4;44;2
2024-01;20;3;419;76;98;57;43;12;1;23;5;16;4;4;3;0;3;20;3
2024-01;21;3;1547;244;359;226;102;27;21;76;16;45;7;5;4;1;6;68;9
2024-01;22;3;720;98;141;131;40;12;7;43;17;21;3;3;1;0;5;48;3
2024-01;23;3;546;78;123;104;35;13;2;32;7;10;2;1;1;1;0;24;2
2024-01;24;3;617;119;124;84;78;14;2;31;16;7;0;0;1;0;1;49;2
2024-01;25;3;696;102;143;101;49;18;4;34;9;35;3;1;3;2;5;35;4
2024-01;26;3;557;72;156;91;47;10;2;15;7;25;1;1;0;0;1;21;5
2024-01;27;3;829;214;121;113;90;37;9;88;21;11;4;1;1;3;4;40;2
2024-01;28;3;559;54;99;109;32;12;1;12;11;23;2;0;4;2;3;51;3
2024-01;29;3;1130;240;239;197;159;47;38;51;33;29;3;2;0;1;6;50;7
2024-01;30;3;666;122;123;100;48;22;3;61;28;26;2;2;2;0;3;53;5
2024-01;31;3;592;114;79;90;54;12;9;47;26;14;3;3;0;0;1;40;7
2024-01;32;3;2004;132;410;433;69;17;7;28;27;59;15;12;5;2;15;179;10
2024-01;33;3;984;189;200;106;95;59;3;63;22;62;3;3;2;0;5;78;2
2024-01;34;3;1427;187;212;211;89;27;9;68;20;33;5;3;12;2;26;131;15
2024-01;35;3;2592;183;335;735;89;22;18;49;56;29;4;4;3;0;16;269;20
2024-01;36;3;1039;75;159;168;44;9;12;12;25;25;3;3;4;0;6;135;11
2024-01;37;3;888;31;156;105;13;5;0;8;7;19;1;1;1;0;4;52;4
2024-01;38;3;892;127;136;160;50;15;2;49;25;7;5;5;1;0;4;41;6
2024-01;39;3;947;212;146;120;106;28;25;58;13;22;1;1;0;0;1;57;3
2024-01;40;3;526;142;75;71;75;25;10;35;20;5;2;1;2;1;2;43;4
2024-01;41;3;680;54;112;162;41;13;1;11;10;12;4;1;4;3;6;50;4
2024-01;42;3;1551;103;350;312;61;19;10;16;64;69;7;6;17;1;6;125;11
2024-01;43;3;660;48;89;105;42;16;10;4;14;14;1;1;3;0;9;83;12
2024-01;44;3;698;119;214;47;61;18;9;32;14;22;4;4;0;0;1;25;4
2024-02;1;3;1210;153;772;99;140;45;1;0;5;260;0;0;0;0;2;11;2
2024-02;4;3;696;86;325;44;79;24;6;2;8;155;2;2;1;0;0;13;7
2024-02;5;3;1841;390;856;127;371;201;6;6;14;464;1;1;2;0;1;32;5
2024-02;6;3;745;96;268;80;67;18;11;15;12;72;1;0;1;1;1;29;1
2024-02;7;3;403;60;197;29;51;15;1;3;7;118;0;0;0;0;2;13;3
2024-02;9;3;1492;157;734;160;129;59;5;11;24;393;1;1;1;0;2;30;4
2024-02;10;3;1042;110;465;134;83;30;2;7;26;131;0;0;0;0;2;29;2
2024-02;11;3;122;1;20;19;1;0;1;0;1;5;0;0;0;0;1;12;3
2024-02;12;3;1084;50;508;147;35;14;1;2;10;126;0;0;2;0;6;32;2
2024-02;13;3;599;29;212;146;22;6;0;1;8;53;0;0;3;0;0;29;3
2024-02;14;3;1401;65;805;178;50;31;0;3;24;436;0;0;0;0;2;16;4
2024-02;15;3;686;43;265;113;32;19;0;5;7;148;0;0;1;0;1;19;4
2024-02;16;3;1934;181;549;388;132;38;8;7;37;110;5;4;3;1;6;74;6
2024-02;17;3;650;134;186;39;75;21;27;41;22;45;0;0;1;0;5;26;7
2024-02;18;3;796;147;272;92;101;44;5;32;4;99;1;1;2;0;3;25;3
2024-02;19;3;842;86;252;165;50;24;4;26;10;76;0;0;4;0;2;46;3
2024-02;20;3;465;84;117;67;44;18;0;29;4;24;1;1;1;0;1;26;7
2024-02;21;3;1558;261;344;153;118;24;24;88;25;45;4;3;13;0;9;58;14
2024-02;22;3;880;88;180;151;33;4;5;30;14;12;4;2;7;2;4;37;3
2024-02;23;3;586;116;153;91;48;16;4;48;9;16;1;1;0;0;1;27;1
2024-02;24;3;587;133;116;87;67;16;4;46;11;18;1;1;0;0;3;36;2
2024-02;25;3;608;101;124;92;43;19;6;34;6;29;3;2;2;1;4;47;2
2024-02;26;3;541;80;157;65;43;20;0;25;5;32;1;1;0;0;2;24;0
2024-02;27;3;833;254;151;127;114;48;7;92;31;25;3;1;2;1;3;44;4
2024-02;28;3;523;47;100;114;21;5;0;19;9;21;3;0;2;3;9;31;1
2024-02;29;3;1101;252;254;158;145;39;26;62;28;38;1;1;3;0;3;54;4
2024-02;30;3;693;167;127;88;78;31;5;72;35;16;1;1;5;0;3;56;0
2024-02;31;3;528;99;77;76;50;14;5;33;13;14;2;1;6;1;2;36;5
2024-02;32;3;2016;187;391;395;101;42;5;42;42;53;14;11;13;3;21;174;12
2024-02;33;3;1002;140;179;157;70;48;0;54;21;44;2;2;3;0;4;85;8
2024-02;34;3;1286;156;192;207;96;32;9;45;20;39;9;8;12;1;8;126;11
2024-02;35;3;2375;154;410;639;79;26;8;40;69;65;8;8;6;0;28;247;14
2024-02;36;3;1032;63;152;160;39;13;6;12;26;17;5;5;3;0;7;108;11
2024-02;37;3;872;40;153;104;18;4;1;14;10;27;1;1;0;0;2;70;5
2024-02;38;3;625;129;83;95;50;14;0;52;17;4;0;0;4;0;5;47;10
2024-02;39;3;927;203;138;122;75;22;15;75;10;14;3;2;2;1;5;30;5
2024-02;40;3;494;132;72;64;79;25;9;40;17;12;5;5;6;0;3;31;1
2024-02;41;3;626;52;119;124;29;12;1;16;8;16;0;0;2;0;2;60;7
2024-02;42;3;1321;101;291;239;68;18;9;21;70;56;3;2;5;0;3;96;4
2024-02;43;3;661;59;80;92;44;11;14;6;9;14;3;3;4;0;7;104;11
2024-02;44;3;647;143;137;68;64;25;5;50;15;20;5;0;13;5;4;36;1
2024-03;1;3;631;74;274;97;70;22;3;1;5;74;0;0;0;0;0;14;2
2024-03;4;3;595;68;249;27;57;23;3;4;7;114;1;1;4;0;3;16;5
2024-03;5;3;1181;237;387;120;214;109;8;7;10;161;0;0;2;0;4;32;5
2024-03;6;3;644;95;218;76;55;15;7;19;16;40;0;0;1;0;4;17;4
2024-03;7;3;228;33;52;36;30;3;0;2;8;11;0;0;0;0;0;15;1
2024-03;9;3;1129;162;422;160;124;50;5;17;33;152;0;0;0;0;1;48;4
2024-03;10;3;1007;94;373;145;66;31;2;8;30;106;0;0;0;0;2;38;1
2024-03;11;3;92;1;18;10;1;0;1;0;4;2;0;0;1;0;0;5;3
2024-03;12;3;968;48;387;164;37;10;0;1;9;99;0;0;0;0;0;40;7
2024-03;13;3;503;21;167;106;12;5;1;0;8;37;0;0;0;0;0;15;1
2024-03;14;3;912;47;331;192;30;13;0;1;12;125;0;0;1;0;0;31;5
2024-03;15;3;622;49;188;138;34;27;1;5;19;79;0;0;0;0;6;23;1
2024-03;16;3;1917;153;566;384;96;21;11;8;55;115;12;12;6;0;11;89;8
2024-03;17;3;722;146;210;52;69;21;21;38;19;52;1;1;0;0;1;21;3
2024-03;18;3;1046;189;472;95;132;61;12;36;9;221;1;0;0;0;2;26;1
2024-03;19;3;979;140;275;207;66;35;4;43;7;67;0;0;0;0;4;40;3
2024-03;20;3;780;121;171;152;73;40;5;33;9;34;1;1;0;0;2;36;4
2024-03;21;3;1504;295;303;166;127;45;24;109;32;47;4;1;7;2;3;63;10
2024-03;22;3;1024;133;174;145;61;15;4;52;18;10;4;4;1;0;3;40;3
2024-03;23;3;589;107;165;85;58;31;1;29;12;22;3;1;1;1;0;36;2
2024-03;24;3;652;172;130;98;61;23;0;80;11;24;1;1;0;0;1;37;2
2024-03;25;3;708;108;187;91;51;31;2;28;6;50;4;4;4;0;2;32;1
2024-03;26;3;593;91;130;110;52;16;3;26;3;27;3;0;0;2;0;29;2
2024-03;27;3;1019;321;172;139;124;67;4;158;32;16;1;1;0;0;3;66;3
2024-03;28;3;568;71;103;120;32;9;1;27;10;29;5;3;0;2;2;47;4
2024-03;29;3;1308;321;309;183;160;63;34;107;25;42;7;6;4;1;8;69;4
2024-03;30;3;677;128;85;128;62;26;3;52;19;8;1;0;1;1;3;78;1
2024-03;31;3;570;108;99;97;39;14;4;54;29;16;2;2;1;0;2;29;3
2024-03;32;3;2104;159;458;422;94;27;9;23;53;53;14;11;6;3;15;183;21
2024-03;33;3;964;160;151;166;65;45;3;69;23;52;6;5;0;0;6;66;8
2024-03;34;3;1406;203;186;223;105;39;7;66;25;27;2;2;1;0;12;123;7
2024-03;35;3;2643;195;500;567;91;31;6;58;62;49;8;7;5;0;22;255;22
2024-03;36;3;1061;78;144;165;56;12;8;7;23;9;3;2;4;0;8;136;17
2024-03;37;3;813;44;174;134;22;11;2;14;19;27;2;2;2;0;2;65;1
2024-03;38;3;756;166;103;127;60;20;1;75;18;9;3;2;7;1;4;43;7
2024-03;39;3;874;273;134;97;110;22;23;90;12;16;8;8;3;0;7;35;3
2024-03;40;3;601;179;99;79;98;41;9;57;16;14;4;2;4;1;2;40;0
2024-03;41;3;746;74;150;173;36;12;5;26;10;31;2;1;2;1;1;53;2
2024-03;42;3;1383;81;339;278;46;11;8;9;95;37;5;4;6;1;7;95;13
2024-03;43;3;599;32;66;95;20;9;1;5;12;15;8;8;3;0;9;84;10
2024-03;44;3;739;200;124;77;67;24;6;95;15;14;3;1;7;1;2;34;2
2024-04;1;3;659;63;302;109;59;16;7;0;6;77;0;0;0;0;1;19;0
2024-04;4;3;666;87;310;42;76;31;7;2;9;152;1;1;0;0;2;15;3
2024-04;5;3;1284;260;408;151;243;122;19;2;10;161;0;0;1;0;4;31;5
2024-04;6;3;677;85;257;56;59;18;8;12;17;64;1;1;1;0;3;24;3
2024-04;7;3;227;26;48;44;18;2;0;2;8;11;0;0;0;0;1;16;2
2024-04;9;3;1224;172;370;171;141;48;19;6;38;79;1;0;0;1;3;41;2
2024-04;10;3;1094;132;421;164;101;47;2;8;27;116;0;0;0;0;5;28;3
2024-04;11;3;100;0;14;9;0;0;0;0;1;2;1;1;1;0;2;14;1
2024-04;12;3;973;30;378;194;24;9;0;1;17;130;3;2;2;1;2;44;5
2024-04;13;3;583;35;220;124;22;4;3;0;13;56;0;0;0;0;2;11;3
2024-04;14;3;862;38;297;181;28;15;0;0;14;94;0;0;1;0;2;21;6
2024-04;15;3;622;34;156;156;28;11;1;0;10;55;0;0;0;0;1;33;5
2024-04;16;3;1825;144;469;422;94;32;9;9;62;101;3;1;7;2;7;69;9
2024-04;17;3;732;113;199;59;65;23;19;23;21;47;1;1;1;0;0;24;5
2024-04;18;3;1017;187;421;90;145;90;7;22;10;214;1;1;0;0;3;24;3
2024-04;19;3;1024;143;287;219;89;50;3;22;7;57;0;0;1;0;2;44;8
2024-04;20;3;835;129;226;133;75;31;0;23;14;55;4;4;1;0;4;29;1
2024-04;21;3;1584;239;358;205;127;35;43;58;31;59;7;7;3;0;4;61;14
2024-04;22;3;963;93;160;165;34;6;4;37;18;29;9;8;3;1;1;44;11
2024-04;23;3;637;111;156;114;71;36;4;21;11;18;3;2;0;1;0;29;4
2024-04;24;3;644;127;129;104;64;20;2;42;17;23;2;1;5;1;3;24;6
2024-04;25;3;752;104;181;100;57;29;7;27;7;40;1;1;0;0;1;42;1
2024-04;26;3;617;84;185;96;51;20;3;19;10;53;0;0;0;0;0;26;1
2024-04;27;3;983;245;198;171;114;40;6;85;29;20;3;3;0;0;3;34;3
2024-04;28;3;604;58;105;116;27;10;1;18;4;21;2;0;2;2;2;60;4
2024-04;29;3;1272;349;344;166;190;57;24;100;37;77;5;2;3;3;7;44;6
2024-04;30;3;754;132;97;122;71;36;4;51;13;23;2;2;6;0;4;68;4
2024-04;31;3;575;98;81;88;55;19;7;27;20;16;3;1;0;2;7;45;7
2024-04;32;3;2237;191;489;503;111;39;8;43;43;80;11;9;13;2;15;183;18
2024-04;33;3;1094;169;211;189;81;51;0;64;17;73;5;2;7;3;6;76;1
2024-04;34;3;1543;201;216;288;103;31;9;68;21;51;7;2;10;4;7;112;20
2024-04;35;3;2703;217;510;551;104;34;7;62;54;30;6;5;3;1;19;284;17
2024-04;36;3;1179;86;199;180;73;16;8;8;26;10;10;10;4;0;15;132;15
2024-04;37;3;1021;50;262;112;31;6;1;11;17;66;3;3;2;0;4;66;9
2024-04;38;3;704;158;92;100;63;20;1;73;30;12;4;3;8;1;10;47;4
2024-04;39;3;941;290;128;117;116;40;22;109;9;28;7;4;4;2;2;38;6
2024-04;40;3;644;184;89;71;101;31;5;54;12;10;6;2;2;4;2;48;4
2024-04;41;3;686;62;126;170;34;12;1;17;8;34;1;0;3;1;0;38;3
2024-04;42;3;1319;73;332;288;47;14;10;4;69;61;4;0;5;4;4;102;8
2024-04;43;3;628;53;65;103;37;12;1;8;8;7;7;6;6;1;13;93;9
2024-04;44;3;757;180;117;96;64;28;5;79;13;16;3;2;9;1;6;33;5
2024-05;1;3;598;64;241;107;58;15;2;0;5;69;0;0;0;0;1;20;2
2024-05;4;3;620;92;275;39;80;32;9;2;9;140;2;2;0;0;0;9;6
2024-05;5;3;1202;200;403;138;185;100;4;2;21;151;1;0;0;1;3;33;9
2024-05;6;3;658;125;184;59;64;20;15;43;7;45;1;0;0;1;3;27;3
2024-05;7;3;232;40;52;34;36;7;6;1;11;9;1;0;0;0;0;13;1
2024-05;9;3;1285;177;430;160;142;41;17;15;18;107;1;0;0;0;2;24;5
2024-05;10;3;1166;149;499;149;107;44;2;8;41;128;0;0;0;0;0;22;1
2024-05;11;3;79;1;14;15;0;0;0;0;1;2;0;0;0;0;3;3;1
2024-05;12;3;1752;109;991;220;93;43;2;2;14;499;0;0;0;0;1;40;11
2024-05;13;3;747;38;398;103;34;22;0;0;7;181;0;0;0;0;0;23;0
2024-05;14;3;926;49;342;201;38;16;0;3;17;119;2;2;1;0;0;30;4
2024-05;15;3;616;43;169;149;34;14;3;3;15;56;0;0;1;0;2;26;2
2024-05;16;3;1992;154;538;445;89;36;9;11;58;95;4;3;17;1;8;89;11
2024-05;17;3;752;146;206;78;90;31;26;33;18;61;2;2;0;0;4;20;2
2024-05;18;3;1064;260;431;94;165;106;8;63;9;217;0;0;3;0;0;27;1
2024-05;19;3;1000;144;275;240;69;37;3;46;13;68;0;0;2;0;1;36;2
2024-05;20;3;739;111;188;135;58;22;1;30;3;43;0;0;0;0;1;40;4
2024-05;21;3;1833;371;367;210;163;37;67;130;40;56;6;1;2;3;11;68;8
2024-05;22;3;984;160;143;197;57;25;11;78;17;27;0;0;0;0;8;44;4
2024-05;23;3;578;114;114;110;50;15;4;42;13;16;0;0;1;0;2;30;0
2024-05;24;3;670;129;154;119;63;15;7;45;18;26;2;1;7;1;3;34;2
2024-05;25;3;772;133;179;108;59;26;4;38;16;44;2;2;0;0;0;41;3
2024-05;26;3;686;95;165;144;55;25;7;26;8;59;1;0;1;1;3;35;2
2024-05;27;3;912;237;161;165;112;37;24;96;22;20;5;3;2;2;5;41;3
2024-05;28;3;639;69;97;161;34;14;1;26;10;17;1;1;2;0;2;51;5
2024-05;29;3;1398;309;344;204;169;50;39;94;28;59;12;5;7;7;4;60;10
2024-05;30;3;795;127;128;144;57;20;3;57;19;29;1;0;2;1;2;61;3
2024-05;31;3;622;106;70;114;39;16;4;47;13;14;4;2;3;2;5;37;9
2024-05;32;3;2195;204;434;490;118;53;14;46;42;62;13;11;9;2;18;190;15
2024-05;33;3;1067;183;199;190;96;65;5;59;21;77;8;6;5;1;6;77;2
2024-05;34;3;1599;212;236;326;113;37;11;56;24;40;10;7;6;3;11;138;15
2024-05;35;3;2701;203;451;554;90;31;8;59;60;32;7;6;2;0;18;260;13
2024-05;36;3;1071;71;161;204;49;14;8;13;24;21;7;5;5;0;11;117;17
2024-05;37;3;917;49;161;158;23;8;2;16;24;26;5;5;1;0;6;58;8
2024-05;38;3;815;239;90;110;79;16;19;121;22;10;7;5;12;2;2;56;6
2024-05;39;3;963;315;125;122;137;44;38;92;8;22;19;8;7;10;6;45;9
2024-05;40;3;573;170;72;79;81;30;11;60;11;12;11;2;2;9;2;49;3
2024-05;41;3;734;64;136;202;37;13;1;17;6;17;3;0;1;3;6;57;4
2024-05;42;3;1418;89;331;351;55;21;5;11;63;75;5;4;6;1;5;120;3
2024-05;43;3;702;55;84;135;49;20;4;4;12;9;2;2;1;0;4;129;7
2024-05;44;3;635;136;109;126;65;28;6;47;9;15;0;0;3;0;1;32;2
2024-06;1;3;550;57;227;93;51;14;4;1;6;69;0;0;0;0;0;18;1
2024-06;4;3;584;70;238;41;56;24;8;5;7;99;0;0;2;0;1;17;5
2024-06;5;3;1215;216;392;160;198;93;2;5;11;179;1;1;1;0;4;37;5
2024-06;6;3;538;83;132;57;47;12;16;24;9;21;4;3;1;1;1;25;5
2024-06;7;3;206;33;44;37;28;2;1;3;3;6;0;0;0;0;1;14;1
2024-06;9;3;1194;170;341;214;126;29;5;21;13;72;0;0;0;0;3;30;1
2024-06;10;3;1016;190;353;154;140;42;4;18;16;93;1;1;1;0;1;27;4
2024-06;11;3;80;1;17;15;1;1;0;0;2;3;0;0;0;0;2;5;0
2024-06;12;3;936;51;308;224;39;18;2;1;11;95;1;1;5;0;5;47;4
2024-06;13;3;543;24;155;128;17;8;0;0;10;26;0;0;0;0;2;9;2
2024-06;14;3;838;29;320;177;19;8;0;3;14;98;0;0;0;0;1;23;3
2024-06;15;3;639;48;181;156;34;19;0;6;15;59;0;0;1;0;2;16;1
2024-06;16;3;1804;165;499;386;115;32;15;3;45;81;3;1;7;2;3;70;13
2024-06;17;3;726;118;189;58;57;24;15;32;20;51;3;2;1;1;1;30;9
2024-06;18;3;1100;231;407;89;171;103;6;43;8;173;1;0;5;0;2;23;0
2024-06;19;3;933;132;237;210;64;20;5;33;13;35;1;0;2;0;2;38;5
2024-06;20;3;768;109;218;140;59;23;2;27;3;36;2;2;4;0;1;37;3
2024-06;21;3;1741;288;337;230;153;41;66;68;26;46;12;6;7;4;4;58;16
2024-06;22;3;945;144;145;181;79;25;17;46;25;11;4;4;8;0;6;44;9
2024-06;23;3;576;70;153;118;44;20;3;17;14;16;0;0;0;0;1;17;1
2024-06;24;3;622;120;154;109;53;10;2;47;16;37;1;1;0;0;2;45;5
2024-06;25;3;695;133;150;126;68;31;8;29;5;39;1;1;0;0;4;47;2
2024-06;26;3;715;108;176;109;70;21;3;30;5;43;3;1;5;2;4;27;5
2024-06;27;3;998;244;174;148;115;38;22;97;23;26;2;2;3;0;3;64;8
2024-06;28;3;534;53;81;126;23;16;1;19;8;12;1;1;1;0;6;28;3
2024-06;29;3;1204;247;319;202;131;43;19;68;22;53;13;8;5;5;2;52;3
2024-06;30;3;648;105;96;101;57;30;3;37;14;13;2;1;0;1;1;52;4
2024-06;31;3;639;146;86;108;63;16;16;62;13;16;1;1;4;0;1;34;4
2024-06;32;3;2043;185;444;460;102;50;6;45;29;73;17;12;12;5;11;163;24
2024-06;33;3;1114;143;207;216;69;52;3;46;21;74;14;6;2;7;4;66;6
2024-06;34;3;1453;183;206;298;104;42;15;52;21;32;9;5;11;4;18;127;6
2024-06;35;3;2577;188;421;603;94;42;3;53;46;30;5;4;8;0;19;258;16
2024-06;36;3;1053;68;145;194;49;13;6;14;9;14;6;5;7;1;5;101;12
2024-06;37;3;876;37;150;145;24;11;1;8;22;24;0;0;0;0;10;57;8
2024-06;38;3;655;166;75;94;65;28;6;73;13;8;5;4;8;1;4;39;3
2024-06;39;3;963;282;155;148;141;48;32;81;17;41;5;5;5;0;6;34;6
2024-06;40;3;566;168;87;70;89;44;5;45;8;21;0;0;1;0;2;35;3
2024-06;41;3;731;62;134;187;33;17;1;17;5;25;8;1;3;7;3;42;2
2024-06;42;3;1277;114;269;299;76;18;22;10;55;44;1;0;6;0;3;84;4
2024-06;43;3;607;41;60;121;28;11;1;10;10;10;1;0;2;0;15;69;5
2024-06;44;3;612;112;105;87;63;25;7;29;6;14;3;1;4;2;2;25;4
2024-07;1;3;597;60;222;110;55;22;4;1;4;66;0;0;0;0;0;19;0
2024-07;4;3;694;102;255;43;73;27;9;16;10;109;1;0;1;0;1;23;3
2024-07;5;3;1143;192;368;145;175;86;5;6;16;134;0;0;1;0;4;32;3
2024-07;6;3;539;62;163;51;39;3;7;17;15;34;1;0;4;1;2;34;0
2024-07;7;3;232;32;58;37;27;7;2;3;10;7;0;0;0;0;2;9;3
2024-07;9;3;1058;141;308;197;109;20;10;16;11;60;0;0;2;0;2;26;0
2024-07;10;3;1008;147;384;131;109;29;4;12;16;89;1;1;0;0;2;20;0
2024-07;11;3;75;1;10;11;1;1;0;0;0;1;0;0;0;0;1;5;3
2024-07;12;3;939;39;293;203;31;11;0;0;13;67;0;0;1;0;3;49;7
2024-07;13;3;511;18;165;124;10;4;2;2;8;31;0;0;0;0;1;13;2
2024-07;14;3;882;56;336;161;46;25;1;0;15;85;0;0;0;0;0;20;7
2024-07;15;3;619;50;153;156;37;24;0;3;5;58;0;0;1;0;4;18;1
2024-07;16;3;1789;126;469;402;86;38;12;4;32;75;4;3;3;1;5;67;8
2024-07;17;3;870;169;301;64;96;37;34;40;27;104;2;1;5;1;2;16;5
2024-07;18;3;969;196;343;105;145;85;8;28;6;156;1;1;5;0;1;20;2
2024-07;19;3;885;92;226;221;55;20;5;31;12;51;0;0;0;0;2;48;1
2024-07;20;3;708;114;177;121;65;26;5;31;9;35;2;1;0;1;5;22;3
2024-07;21;3;1658;270;369;202;147;50;43;64;36;57;7;3;12;4;8;68;12
2024-07;22;3;859;118;153;166;65;22;10;36;36;18;4;3;2;1;2;38;9
2024-07;23;3;598;111;154;100;64;24;11;31;13;13;1;1;0;0;1;21;4
2024-07;24;3;706;150;225;103;66;18;7;65;20;52;3;1;2;2;4;35;7
2024-07;25;3;706;163;136;92;117;56;41;27;11;44;1;1;0;0;2;32;5
2024-07;26;3;711;113;169;119;73;26;5;28;8;40;0;0;0;0;4;30;3
2024-07;27;3;886;277;142;124;96;41;5;144;32;9;9;4;1;5;1;41;5
2024-07;28;3;565;61;102;125;36;13;0;19;7;12;2;1;0;1;2;33;5
2024-07;29;3;1258;266;303;193;152;39;29;87;27;48;4;3;2;1;6;60;4
2024-07;30;3;693;107;112;135;57;34;4;35;27;21;3;3;0;0;0;43;6
2024-07;31;3;592;144;72;98;64;22;8;57;14;16;5;3;3;2;5;36;4
2024-07;32;3;2199;193;433;501;131;53;7;32;30;55;11;3;14;7;13;162;13
2024-07;33;3;1115;194;210;218;116;70;9;58;25;70;5;5;3;0;6;56;4
2024-07;34;3;1496;219;220;282;133;54;7;57;26;49;3;2;0;0;9;109;10
2024-07;35;3;2624;205;462;637;114;37;6;48;47;21;4;2;9;2;16;225;21
2024-07;36;3;1125;71;169;243;52;19;3;13;20;19;4;4;3;0;11;91;11
2024-07;37;3;831;36;124;149;18;4;5;8;20;12;7;5;1;2;6;62;7
2024-07;38;3;736;159;71;102;49;20;5;78;15;8;2;1;16;1;5;61;6
2024-07;39;3;884;244;113;147;138;35;35;65;13;19;12;10;0;1;8;52;4
2024-07;40;3;506;131;80;86;76;28;2;37;11;12;1;0;0;0;3;31;2
2024-07;41;3;725;46;124;167;28;10;1;9;7;16;1;1;0;0;1;42;7
2024-07;42;3;1403;89;338;318;58;20;8;7;41;74;3;3;4;0;8;94;4
2024-07;43;3;598;52;73;96;38;14;0;7;16;12;2;1;1;0;8;83;12
2024-07;44;3;659;110;127;107;67;31;5;32;11;13;2;2;2;0;9;25;4
2024-08;1;3;569;66;217;102;61;18;5;1;7;56;1;1;0;0;0;13;1
2024-08;4;3;641;73;261;43;60;17;22;5;5;105;1;1;1;0;2;17;4
2024-08;5;3;1158;212;371;148;197;104;3;6;11;159;1;1;0;0;3;20;6
2024-08;6;3;524;90;134;42;59;12;16;20;12;31;2;2;4;0;3;22;0
2024-08;7;3;190;24;53;29;18;5;1;2;7;6;0;0;3;0;0;11;1
2024-08;9;3;1229;201;399;194;152;44;12;16;18;93;0;0;0;0;2;35;4
2024-08;10;3;1173;201;436;135;148;60;3;11;27;122;0;0;0;0;3;33;3
2024-08;11;3;87;0;10;12;0;0;0;0;1;3;0;0;0;0;4;11;3
2024-08;12;3;963;50;327;192;40;13;0;0;5;69;1;0;1;0;2;28;8
2024-08;13;3;550;18;164;105;15;6;0;3;8;33;0;0;0;0;0;11;0
2024-08;14;3;854;55;370;155;47;23;1;3;10;87;0;0;0;0;1;20;1
2024-08;15;3;597;35;148;122;28;13;1;3;3;51;0;0;0;0;0;28;2
2024-08;16;3;1946;149;530;435;107;29;14;6;39;88;6;5;18;1;6;76;7
2024-08;17;3;946;175;312;89;106;20;53;43;22;114;2;1;3;1;2;35;1
2024-08;18;3;1038;216;362;81;157;77;41;37;8;157;0;0;0;0;2;25;3
2024-08;19;3;929;146;231;188;77;40;3;46;8;57;2;2;2;0;3;22;4
2024-08;20;3;779;111;204;145;65;15;6;29;8;26;4;4;3;0;0;22;2
2024-08;21;3;2004;312;386;246;147;37;59;114;50;41;4;3;7;1;10;60;17
2024-08;22;3;894;114;159;178;58;23;10;30;32;15;5;4;1;1;5;46;9
2024-08;23;3;569;72;155;85;38;14;3;27;11;22;2;2;0;0;3;24;4
2024-08;24;3;812;173;212;118;63;13;8;89;10;38;3;1;1;2;1;38;7
2024-08;25;3;817;158;163;112;119;40;58;26;9;59;2;1;3;1;2;38;1
2024-08;26;3;800;142;202;119;78;24;11;47;19;54;2;0;0;2;1;30;2
2024-08;27;3;1018;327;163;112;135;50;20;142;30;17;5;3;0;2;4;44;4
2024-08;28;3;631;82;98;150;35;18;1;36;5;19;3;2;3;1;4;34;5
2024-08;29;3;1324;293;307;200;158;60;12;101;24;51;8;6;3;2;5;62;5
2024-08;30;3;759;154;129;117;82;39;0;61;22;19;2;2;2;0;3;48;2
2024-08;31;3;619;162;100;84;66;31;12;63;23;17;4;1;2;2;4;38;2
2024-08;32;3;2075;193;431;432;90;40;9;61;29;74;14;8;18;6;21;180;13
2024-08;33;3;1091;165;197;198;82;56;2;53;27;56;2;2;7;0;5;70;6
2024-08;34;3;1498;213;220;290;124;54;12;57;19;34;6;5;9;1;6;115;14
2024-08;35;3;2601;195;478;587;91;36;6;59;64;38;2;1;5;1;20;224;17
2024-08;36;3;1193;78;165;229;60;19;4;9;16;15;2;2;4;0;18;97;22
2024-08;37;3;849;38;179;117;19;8;3;11;16;49;6;6;1;0;5;56;8
2024-08;38;3;726;200;81;100;76;28;8;79;23;6;3;1;5;2;2;54;7
2024-08;39;3;1010;350;129;149;186;39;94;104;13;33;3;2;3;1;8;41;4
2024-08;40;3;575;155;81;88;106;49;10;36;8;12;2;2;1;0;1;26;3
2024-08;41;3;790;54;128;174;22;6;1;21;13;26;1;1;0;0;3;68;3
2024-08;42;3;1403;92;326;338;51;18;4;20;53;77;4;3;7;1;5;98;13
2024-08;43;3;625;38;68;92;27;11;1;9;10;17;2;2;1;0;5;89;4
2024-08;44;3;676;139;145;92;62;19;9;50;18;25;3;2;0;1;3;30;4
2024-09;1;3;597;64;225;71;54;15;5;4;6;69;0;0;0;0;1;15;0
2024-09;4;3;644;81;272;45;68;16;10;4;8;118;2;1;1;0;2;20;2
2024-09;5;3;1189;231;381;152;204;112;2;11;16;176;0;0;1;0;1;43;5
2024-09;6;3;630;127;171;63;79;15;39;33;9;44;2;1;1;1;0;32;6
2024-09;7;3;200;33;52;23;27;9;1;3;9;9;0;0;0;0;0;10;1
2024-09;9;3;1156;211;369;159;145;35;8;33;20;93;1;0;0;1;3;29;4
2024-09;10;3;989;173;347;128;117;45;7;26;28;82;0;0;0;0;1;25;2
2024-09;11;3;85;1;15;10;0;0;0;0;1;3;1;0;0;1;2;13;0
2024-09;12;3;964;44;346;190;37;13;3;0;25;83;0;0;0;0;1;34;7
2024-09;13;3;527;29;172;96;22;7;0;0;6;31;0;0;0;0;1;23;2
2024-09;14;3;969;60;408;161;49;25;2;2;20;127;0;0;0;0;0;22;5
2024-09;15;3;658;39;195;138;28;15;0;1;13;65;0;0;1;0;3;18;2
2024-09;16;3;3185;173;1645;402;126;44;8;11;40;1008;3;3;1;0;3;98;13
2024-09;17;3;812;222;230;40;138;28;80;52;30;64;2;1;1;0;1;24;3
2024-09;18;3;1130;283;388;78;226;80;74;43;11;183;3;0;0;3;2;23;1
2024-09;19;3;942;149;244;161;94;45;5;32;6;56;2;2;5;0;0;36;6
2024-09;20;3;762;97;204;142;40;19;3;38;11;39;2;2;2;0;4;24;3
2024-09;21;3;1756;409;316;157;182;43;67;131;23;34;8;3;15;5;9;55;7
2024-09;22;3;821;152;133;116;61;14;18;73;20;18;5;4;4;1;4;36;7
2024-09;23;3;496;90;113;64;35;10;2;43;14;19;1;1;7;0;3;23;0
2024-09;24;3;719;178;189;98;88;24;11;62;14;42;2;0;3;1;2;37;6
2024-09;25;3;749;115;182;94;72;37;18;27;8;64;1;1;0;0;7;39;3
2024-09;26;3;777;138;190;87;62;24;5;58;7;51;0;0;0;0;4;27;5
2024-09;27;3;1015;304;201;113;124;40;18;136;49;22;1;0;3;1;5;52;4
2024-09;28;3;628;106;92;131;52;22;1;36;10;29;3;1;2;2;4;45;4
2024-09;29;3;1302;301;288;188;171;62;9;91;32;35;5;3;2;2;2;54;2
2024-09;30;3;670;124;83;116;57;30;3;55;14;10;1;0;3;1;10;65;4
2024-09;31;3;662;190;64;89;85;29;24;69;21;12;4;3;0;1;3;35;2
2024-09;32;3;2153;201;600;416;109;55;9;48;25;158;2;2;14;0;15;137;17
2024-09;33;3;1038;158;192;190;93;66;4;49;22;78;5;5;1;0;6;86;4
2024-09;34;3;1327;203;213;219;112;41;23;73;29;36;11;10;26;1;15;102;9
2024-09;35;3;2429;162;404;478;100;44;6;36;45;42;5;4;4;0;19;230;18
2024-09;36;3;1034;64;117;196;42;15;2;15;18;12;1;1;2;0;16;109;12
2024-09;37;3;819;59;129;111;24;6;3;26;25;27;3;2;5;1;1;41;3
2024-09;38;3;726;200;83;79;57;24;10;107;15;15;8;6;7;2;2;47;7
2024-09;39;3;950;276;129;114;138;38;56;100;23;34;4;1;2;1;6;37;6
2024-09;40;3;580;165;78;78;90;40;5;65;10;12;2;2;2;0;2;32;4
2024-09;41;3;733;75;140;136;30;4;4;34;7;29;2;2;6;0;1;62;5
2024-09;42;3;1313;70;407;285;45;20;2;14;61;180;1;1;4;0;2;75;5
2024-09;43;3;692;38;78;106;25;15;0;8;10;12;2;1;3;0;14;105;7
2024-09;44;3;735;192;115;75;80;40;8;73;17;23;1;1;2;0;2;33;3
2024-10;1;3;571;76;248;78;71;19;3;0;3;62;0;0;0;0;1;10;3
2024-10;4;3;631;89;264;51;69;23;11;9;6;108;3;1;0;2;0;15;3
2024-10;5;3;905;155;335;107;111;46;2;15;15;105;1;1;1;0;2;35;2
2024-10;6;3;638;106;154;61;58;19;13;35;11;44;2;2;3;0;2;23;5
2024-10;7;3;252;32;47;39;23;6;0;4;5;6;0;0;0;0;0;19;1
2024-10;9;3;1145;174;354;178;112;41;11;33;19;67;1;1;0;0;1;30;0
2024-10;10;3;1091;152;405;139;93;29;4;33;22;96;0;0;3;0;1;31;0
2024-10;11;3;81;2;18;10;2;0;1;0;1;7;0;0;0;0;0;5;3
2024-10;12;3;994;46;329;212;26;8;0;4;16;58;0;0;1;0;3;41;5
2024-10;13;3;464;15;137;105;10;4;0;0;9;29;0;0;0;0;2;11;0
2024-10;14;3;903;58;359;146;50;20;3;2;21;125;0;0;0;0;2;31;2
2024-10;15;3;565;46;145;130;28;15;1;8;8;43;0;0;2;0;0;21;1
2024-10;16;3;1994;189;541;376;117;34;17;10;31;152;7;3;6;2;4;77;4
2024-10;17;3;959;152;350;75;75;19;26;48;19;119;3;0;7;2;3;42;10
2024-10;18;3;1073;219;415;95;153;75;32;45;14;222;0;0;0;0;1;20;0
2024-10;19;3;933;96;242;220;65;29;7;16;13;61;0;0;4;0;2;53;5
2024-10;20;3;877;131;224;141;60;27;4;49;13;54;3;2;3;1;1;20;1
2024-10;21;3;1700;359;348;194;173;45;58;115;35;37;6;4;0;2;6;65;8
2024-10;22;3;959;171;175;122;78;17;22;70;21;14;3;3;69;0;4;55;4
2024-10;23;3;452;83;93;56;39;14;6;34;12;18;2;1;0;0;0;25;3
2024-10;24;3;885;211;248;134;100;35;12;83;20;57;0;0;0;0;4;39;6
2024-10;25;3;818;148;202;93;85;37;23;45;7;63;0;0;4;0;2;33;8
2024-10;26;3;872;195;216;96;104;43;8;62;9;52;1;0;0;1;0;30;2
2024-10;27;3;1059;337;151;132;137;52;13;159;29;23;5;1;3;4;5;45;4
2024-10;28;3;602;74;91;127;38;21;5;28;9;13;3;0;6;3;3;48;6
2024-10;29;3;1443;333;402;195;203;61;15;96;26;101;3;2;0;0;2;58;8
2024-10;30;3;655;132;104;106;61;34;5;52;27;17;1;0;1;0;8;65;4
2024-10;31;3;680;197;90;73;87;48;20;66;23;25;2;1;1;1;4;55;3
2024-10;32;3;2202;205;459;490;121;52;6;64;34;87;13;6;3;5;10;194;16
2024-10;33;3;1099;166;193;201;80;62;4;52;19;72;4;3;2;1;4;79;8
2024-10;34;3;1374;219;197;230;124;38;16;56;16;43;7;6;8;1;12;108;9
2024-10;35;3;2431;186;441;395;124;39;11;34;43;55;6;4;8;0;29;201;25
2024-10;36;3;1109;83;121;179;53;16;7;18;14;18;5;5;3;0;7;130;20
2024-10;37;3;854;49;147;116;25;4;5;18;28;24;4;3;0;0;3;61;3
2024-10;38;3;849;236;63;84;73;29;13;116;17;5;8;6;5;2;3;44;8
2024-10;39;3;967;324;112;120;164;46;67;109;11;21;4;3;1;1;6;41;4
2024-10;40;3;611;159;84;115;101;48;10;45;12;16;1;1;0;0;6;38;6
2024-10;41;3;744;79;130;160;46;21;2;21;2;30;3;1;2;2;4;46;5
2024-10;42;3;1374;110;257;275;73;18;15;10;40;40;6;5;2;0;0;98;10
2024-10;43;3;647;54;62;99;45;23;1;2;10;8;2;2;2;0;13;86;9
2024-10;44;3;834;237;151;78;116;59;10;82;17;35;4;3;4;1;2;19;2
2024-11;1;3;514;50;202;91;44;18;6;1;3;72;0;0;0;0;1;7;2
2024-11;4;3;676;78;302;36;61;25;3;6;3;146;1;1;0;0;0;17;6
2024-11;5;3;969;144;368;100;117;38;3;10;10;124;0;0;0;0;1;14;3
2024-11;6;3;550;80;187;57;47;17;10;25;15;67;1;1;2;0;0;19;1
2024-11;7;3;238;58;50;26;39;8;3;8;6;8;1;1;0;0;2;9;0
2024-11;9;3;1093;166;319;185;117;52;5;37;20;99;0;0;0;0;5;28;5
2024-11;10;3;1023;121;399;142;92;44;4;9;16;100;0;0;1;0;2;32;5
2024-11;11;3;82;0;8;15;0;0;0;0;0;2;0;0;0;0;1;7;1
2024-11;12;3;991;38;380;196;25;7;1;1;19;88;0;0;0;0;1;29;3
2024-11;13;3;467;19;158;95;14;5;1;0;6;37;0;0;0;0;0;15;2
2024-11;14;3;874;47;357;150;37;21;1;2;12;122;0;0;0;0;2;17;9
2024-11;15;3;530;37;160;109;21;14;0;5;7;47;1;0;0;1;4;19;1
2024-11;16;3;1982;183;504;430;125;35;13;4;30;129;2;2;3;0;4;70;4
2024-11;17;3;807;103;249;76;53;13;12;37;27;54;0;0;1;0;1;33;4
2024-11;18;3;1002;164;427;111;127;66;11;17;15;200;0;0;0;0;0;18;2
2024-11;19;3;866;110;237;160;68;36;2;19;11;61;1;0;2;1;1;41;3
2024-11;20;3;820;105;229;140;56;28;2;36;10;33;1;1;0;0;3;41;3
2024-11;21;3;1552;330;329;213;135;42;36;110;28;40;3;3;6;0;4;55;10
2024-11;22;3;796;124;146;117;46;18;6;51;24;13;1;1;1;0;5;42;3
2024-11;23;3;457;102;116;63;49;14;5;43;17;28;1;1;0;0;3;16;3
2024-11;24;3;730;191;199;88;81;25;4;87;15;58;1;1;5;0;3;43;5
2024-11;25;3;829;114;154;99;53;12;14;46;6;37;0;0;9;0;2;38;1
2024-11;26;3;699;136;164;72;60;20;8;58;6;47;2;2;2;0;2;26;3
2024-11;27;3;938;298;131;117;109;44;7;140;24;18;7;3;7;4;3;58;3
2024-11;28;3;649;120;93;139;52;23;0;59;11;16;0;0;0;0;3;47;3
2024-11;29;3;1263;310;311;189;173;75;13;108;32;62;3;2;4;0;3;52;8
2024-11;30;3;641;132;110;129;59;29;5;61;25;19;0;0;0;0;4;54;1
2024-11;31;3;668;170;82;78;75;34;12;69;19;13;2;2;3;0;3;37;3
2024-11;32;3;1964;260;413;423;144;74;9;77;35;100;20;16;11;3;10;157;12
2024-11;33;3;994;129;194;180;74;50;2;43;25;85;5;5;1;0;4;71;10
2024-11;34;3;1221;179;165;236;108;45;4;46;12;30;12;8;14;2;8;124;16
2024-11;35;3;1815;141;384;205;77;25;9;35;39;59;4;3;5;0;22;172;14
2024-11;36;3;933;66;80;189;42;19;1;10;7;21;2;2;1;0;9;117;12
2024-11;37;3;774;29;130;101;13;3;3;9;17;28;1;1;1;0;5;53;6
2024-11;38;3;713;225;68;79;55;24;6;96;16;5;3;2;9;0;5;33;3
2024-11;39;3;1043;353;128;149;159;39;52;132;10;23;8;2;2;4;4;34;6
2024-11;40;3;536;148;69;68;85;37;3;46;8;7;3;3;2;0;7;33;6
2024-11;41;3;710;70;141;151;44;13;2;17;11;12;1;1;0;0;1;44;2
2024-11;42;3;1263;88;297;260;57;21;6;15;51;54;6;5;3;0;3;73;7
2024-11;43;3;625;51;61;96;30;19;0;15;13;17;3;3;1;0;7;106;8
2024-11;44;3;781;218;128;95;93;53;5;94;14;37;0;0;1;0;5;29;6
2024-12;1;3;510;60;214;71;52;16;6;3;1;74;0;0;1;0;1;8;1
2024-12;4;3;633;106;269;42;90;32;18;3;5;123;1;1;1;0;0;13;3
2024-12;5;3;1226;205;417;143;181;79;3;5;9;179;3;2;0;0;3;36;4
2024-12;6;3;546;87;171;50;57;24;12;18;9;78;0;0;1;0;1;24;4
2024-12;7;3;259;36;69;24;29;11;4;0;9;12;0;0;0;0;0;16;2
2024-12;9;3;1241;182;381;182;141;48;4;24;25;126;0;0;0;0;2;33;2
2024-12;10;3;1589;194;829;145;145;61;3;17;23;422;1;0;2;0;10;30;1
2024-12;11;3;95;1;13;14;1;1;0;0;0;1;1;0;0;1;3;2;9
2024-12;12;3;1009;42;343;195;30;13;3;0;14;63;1;1;0;0;1;40;4
2024-12;13;3;491;19;160;123;12;3;0;0;2;24;0;0;0;0;2;18;2
2024-12;14;3;993;69;410;157;55;26;2;1;13;133;0;0;0;0;1;26;8
2024-12;15;3;685;54;195;150;48;33;1;2;3;95;0;0;0;0;0;15;5
2024-12;16;3;2239;235;705;425;178;63;25;5;37;247;10;10;7;0;4;75;6
2024-12;17;3;748;118;211;79;51;19;8;35;14;37;5;3;5;2;2;17;5
2024-12;18;3;1046;244;367;89;204;99;14;18;5;155;1;1;0;0;1;30;3
2024-12;19;3;964;140;255;170;96;37;7;20;11;64;0;0;1;0;1;44;2
2024-12;20;3;860;120;196;155;74;25;9;22;6;43;2;2;2;0;0;37;2
2024-12;21;3;1533;254;307;212;102;55;14;85;27;46;7;5;9;2;5;49;11
2024-12;22;3;865;133;162;115;56;18;5;39;24;18;8;5;12;0;5;30;6
2024-12;23;3;489;88;117;66;44;18;6;28;9;19;7;6;0;0;1;23;4
2024-12;24;3;861;225;234;109;97;40;12;101;7;99;3;2;0;0;6;26;4
2024-12;25;3;844;100;178;100;58;26;13;26;5;53;3;3;1;0;3;32;2
2024-12;26;3;802;109;205;96;41;9;6;54;5;52;2;2;1;0;0;21;4
2024-12;27;3;1002;284;155;157;132;38;17;109;21;22;7;6;2;1;4;49;4
2024-12;28;3;650;112;98;117;41;21;1;56;14;18;1;0;1;0;2;47;7
2024-12;29;3;1406;338;362;195;174;69;26;120;25;87;13;9;4;2;0;68;5
2024-12;30;3;715;131;131;142;76;36;4;42;25;29;0;0;9;0;2;50;6
2024-12;31;3;571;157;73;64;72;40;6;36;19;16;1;1;0;0;1;38;5
2024-12;32;3;2253;305;458;503;176;66;3;88;51;94;10;7;22;1;9;142;18
2024-12;33;3;988;143;192;181;75;50;11;48;17;77;5;3;1;0;3;77;9
2024-12;34;3;1399;222;206;280;113;44;15;65;33;42;11;6;12;5;6;128;14
2024-12;35;3;2110;127;446;210;70;17;11;30;48;61;4;4;3;0;21;199;29
2024-12;36;3;999;60;120;193;33;11;8;13;26;7;5;3;6;0;14;116;8
2024-12;37;3;776;35;160;95;20;7;1;9;19;20;2;2;1;0;4;65;5
2024-12;38;3;672;217;77;74;52;20;6;81;19;7;2;1;6;1;4;29;2
2024-12;39;3;940;326;108;116;111;39;35;160;6;23;3;2;2;1;2;32;6
2024-12;40;3;625;146;90;126;57;18;5;58;11;12;5;5;3;0;2;34;2
2024-12;41;3;693;68;126;172;43;13;1;18;10;19;4;3;1;1;2;37;5
2024-12;42;3;1327;128;293;284;78;19;13;28;41;65;9;6;7;0;5;95;3
2024-12;43;3;612;38;51;109;20;10;0;13;11;9;5;5;2;0;8;108;11
2024-12;44;3;745;170;129;69;85;34;9;61;13;24;0;0;2;0;4;19;4
2025-01;1;3;777;85;369;101;77;23;7;3;0;176;0;0;0;0;1;12;2
2025-01;4;3;699;95;299;42;80;19;19;3;4;113;3;0;0;0;2;15;5
2025-01;5;3;1515;222;612;158;196;71;8;9;14;289;1;1;3;0;5;46;5
2025-01;6;3;628;93;171;41;51;11;17;23;15;59;2;2;2;0;0;21;2
2025-01;7;3;306;51;75;30;41;8;3;3;10;9;1;0;1;0;0;20;0
2025-01;9;3;1642;283;673;166;232;74;12;24;26;348;3;1;0;1;3;39;1
2025-01;10;3;1195;210;446;140;160;82;8;19;18;147;0;0;1;0;5;23;2
2025-01;11;3;111;1;13;26;1;0;0;0;2;4;1;1;0;0;4;13;0
2025-01;12;3;1593;65;764;236;57;18;3;0;22;338;1;1;0;0;1;48;12
2025-01;13;3;789;27;383;92;22;8;0;0;18;119;0;0;0;0;3;17;5
2025-01;14;3;1274;77;584;218;59;27;3;0;33;177;1;0;0;0;3;24;10
2025-01;15;3;674;55;200;152;40;19;0;5;15;49;0;0;0;0;1;16;1
2025-01;16;3;2417;196;721;445;147;43;15;4;74;223;4;1;2;3;8;92;12
2025-01;17;3;801;136;199;82;78;18;21;30;9;31;3;2;0;1;3;28;5
2025-01;18;3;862;226;239;77;178;65;30;30;7;70;0;0;0;0;3;11;2
2025-01;19;3;1047;174;281;172;133;67;6;28;11;49;0;0;3;0;3;31;4
2025-01;20;3;788;102;169;129;60;17;7;26;2;19;1;1;1;0;0;30;3
2025-01;21;3;1518;263;282;238;107;32;29;94;24;48;13;8;22;5;8;59;18
2025-01;22;3;776;144;124;89;59;14;13;61;30;15;10;8;0;2;4;48;5
2025-01;23;3;517;82;111;93;32;10;3;41;13;17;1;0;1;1;1;30;2
2025-01;24;3;708;212;132;126;77;28;15;98;13;21;2;2;0;0;2;36;1
2025-01;25;3;695;115;142;101;68;34;12;30;5;38;2;2;1;0;6;20;3
2025-01;26;3;604;117;118;96;47;14;7;53;5;15;2;0;2;1;1;36;3
2025-01;27;3;1096;315;161;140;145;85;9;148;32;22;7;5;3;1;3;57;8
2025-01;28;3;648;141;81;118;52;16;3;75;10;12;1;0;2;1;5;51;6
2025-01;29;3;1334;284;277;193;161;50;22;95;30;37;6;6;4;0;7;53;5
2025-01;30;3;752;171;113;118;90;61;4;52;25;23;0;0;0;0;5;59;4
2025-01;31;3;503;111;65;49;57;35;7;36;21;8;6;4;8;2;2;33;6
2025-01;32;3;2382;330;456;499;222;95;16;83;43;99;18;12;10;5;18;180;19
2025-01;33;3;1028;154;158;224;92;56;14;39;17;43;6;4;1;0;8;77;3
2025-01;34;3;1477;211;226;279;126;48;22;60;30;41;20;17;22;3;9;133;14
2025-01;35;3;2212;160;463;256;96;35;5;36;45;52;5;4;2;0;12;243;19
2025-01;36;3;1123;73;140;215;52;19;5;9;20;23;12;10;5;2;13;143;17
2025-01;37;3;865;37;119;127;16;6;2;12;17;8;3;2;4;1;7;63;7
2025-01;38;3;649;165;79;75;59;18;6;76;15;7;6;5;11;1;4;53;2
2025-01;39;3;995;305;122;124;149;51;22;98;7;37;11;6;5;5;4;48;6
2025-01;40;3;533;150;87;89;86;39;7;45;9;8;1;1;1;0;2;27;1
2025-01;41;3;757;91;105;178;60;22;5;21;9;16;1;0;3;1;4;50;4
2025-01;42;3;1549;109;355;321;80;32;5;15;65;51;2;2;1;0;5;84;11
2025-01;43;3;682;40;65;107;34;18;2;5;11;15;3;2;5;0;13;107;13
2025-01;44;3;793;193;112;101;98;55;11;61;8;25;6;3;2;3;3;40;5
2025-02;1;3;1334;174;777;102;168;51;2;0;1;309;0;0;0;0;0;16;3
2025-02;4;3;590;72;244;31;61;28;6;0;10;97;1;1;0;0;1;15;6
2025-02;5;3;1594;222;690;136;200;86;4;5;19;372;0;0;0;0;11;40;6
2025-02;6;3;627;87;191;48;52;15;12;19;11;62;0;0;0;0;4;19;5
2025-02;7;3;321;42;112;28;33;10;6;3;7;39;1;0;0;0;0;15;1
2025-02;9;3;1808;289;876;158;245;99;8;13;18;571;3;3;1;0;0;42;5
2025-02;10;3;1146;168;469;152;119;64;7;11;15;169;3;2;0;1;2;37;2
2025-02;11;3;107;1;19;17;1;1;0;0;1;8;1;1;0;0;1;12;3
2025-02;12;3;1061;26;410;210;17;7;1;1;20;118;0;0;1;0;1;51;4
2025-02;13;3;552;23;201;86;18;9;0;0;13;54;1;0;0;0;0;20;2
2025-02;14;3;1169;70;569;153;55;29;1;3;73;201;1;0;1;1;1;23;8
2025-02;15;3;638;41;187;133;25;14;1;4;7;60;1;0;0;1;1;17;3
2025-02;16;3;2031;191;583;387;138;42;23;17;45;176;2;1;4;1;5;76;10
2025-02;17;3;746;110;189;79;66;22;17;14;15;37;0;0;1;0;2;29;5
2025-02;18;3;870;182;266;89;136;50;29;26;6;104;1;0;0;0;0;28;0
2025-02;19;3;1056;157;275;183;113;45;10;26;4;57;1;1;0;0;2;41;6
2025-02;20;3;737;116;146;122;70;38;6;31;7;22;1;1;3;0;2;39;0
2025-02;21;3;1350;195;253;189;90;29;17;47;26;32;10;6;0;1;4;60;9
2025-02;22;3;842;120;170;110;61;17;5;33;32;17;6;5;1;1;2;40;2
2025-02;23;3;560;66;132;92;38;14;7;19;15;19;1;0;0;1;1;27;5
2025-02;24;3;734;177;153;105;91;40;18;59;8;41;0;0;0;0;1;44;3
2025-02;25;3;740;118;143;97;66;28;16;32;8;39;1;0;4;1;1;35;5
2025-02;26;3;814;166;170;134;87;38;14;44;6;41;1;1;0;0;1;27;4
2025-02;27;3;987;255;152;142;118;39;10;106;33;22;1;0;2;1;4;51;6
2025-02;28;3;672;89;106;111;37;13;0;36;10;18;1;1;3;0;3;51;4
2025-02;29;3;1367;336;286;177;226;83;28;81;29;63;12;8;4;4;3;55;4
2025-02;30;3;671;148;109;93;99;44;19;39;17;23;1;1;2;0;0;77;4
2025-02;31;3;530;131;68;59;70;33;15;42;21;18;3;2;3;0;2;44;3
2025-02;32;3;2362;296;439;503;199;86;13;78;37;117;9;5;9;4;10;177;10
2025-02;33;3;1085;166;151;214;105;84;13;43;19;43;7;2;2;4;4;79;6
2025-02;34;3;1454;172;197;282;91;40;9;65;17;38;13;9;6;4;4;124;14
2025-02;35;3;2188;150;419;283;80;31;4;36;48;69;5;5;8;0;11;235;19
2025-02;36;3;1125;57;122;213;43;17;4;6;13;23;6;4;7;0;23;144;16
2025-02;37;3;819;32;123;119;14;5;1;8;17;18;6;3;0;2;3;41;1
2025-02;38;3;738;181;72;79;57;18;2;87;14;7;4;2;10;2;5;48;4
2025-02;39;3;917;249;125;121;101;31;21;101;10;24;7;3;6;4;1;54;4
2025-02;40;3;516;143;73;64;84;44;7;49;13;12;3;3;0;0;2;45;3
2025-02;41;3;775;76;127;171;44;16;1;24;18;24;5;0;1;5;3;38;3
2025-02;42;3;1419;109;296;304;72;29;2;18;67;47;5;5;3;0;2;70;8
2025-02;43;3;724;55;76;114;42;16;0;7;9;23;2;2;1;0;9;111;10
2025-02;44;3;679;116;116;91;63;18;9;30;15;23;0;0;7;0;3;29;2
2025-03;1;3;1473;226;864;102;219;81;4;2;1;430;0;0;0;0;2;13;4
2025-03;4;3;765;99;349;43;85;32;6;0;7;125;0;0;0;0;1;15;2
2025-03;5;3;2110;454;925;156;425;157;6;1;9;478;0;0;1;0;2;39;4
2025-03;6;3;750;107;242;46;87;24;16;10;6;101;1;1;0;0;4;21;2
2025-03;7;3;390;57;149;46;48;17;0;2;7;78;1;0;0;1;2;13;1
2025-03;9;3;1788;263;776;162;239;108;7;2;18;385;0;0;2;0;0;35;10
2025-03;10;3;1218;168;466;153;124;61;4;5;11;181;1;1;1;0;2;28;4
2025-03;11;3;85;0;13;17;0;0;0;0;1;2;0;0;0;0;3;14;2
2025-03;12;3;1218;35;456;254;32;11;0;0;7;150;0;0;1;0;3;44;5
2025-03;13;3;665;34;240;98;25;4;0;0;1;70;0;0;0;0;4;32;1
2025-03;14;3;1388;75;729;212;66;39;2;0;27;353;0;0;0;0;2;28;8
2025-03;15;3;679;31;191;138;24;13;0;0;7;68;0;0;1;0;0;23;4
2025-03;16;3;2220;165;675;415;121;46;10;11;44;208;6;3;5;2;6;99;12
2025-03;17;3;772;97;263;86;67;19;22;6;11;35;1;1;1;0;3;18;7
2025-03;18;3;1114;293;370;77;254;135;34;16;3;127;0;0;1;0;4;24;1
2025-03;19;3;1050;168;288;163;132;63;11;20;8;56;0;0;0;0;1;39;5
2025-03;20;3;913;126;204;169;92;35;8;13;17;50;1;1;1;0;3;39;4
2025-03;21;3;1313;190;305;140;100;38;22;36;27;41;8;7;4;1;9;58;12
2025-03;22;3;747;81;173;100;52;18;6;17;20;27;1;1;3;0;1;39;3
2025-03;23;3;498;59;107;94;45;21;2;8;2;22;2;1;0;0;0;35;3
2025-03;24;3;717;118;128;116;67;27;6;29;3;33;0;0;0;0;3;66;4
2025-03;25;3;817;100;191;110;74;33;12;10;5;57;0;0;0;0;4;42;1
2025-03;26;3;780;122;158;130;91;46;6;17;3;30;2;0;0;2;2;33;8
2025-03;27;3;1076;286;157;168;169;73;7;71;35;23;3;2;3;0;4;59;9
2025-03;28;3;649;93;90;123;59;27;3;26;8;24;1;1;1;0;2;50;3
2025-03;29;3;1442;317;318;184;220;100;13;57;31;74;8;5;1;3;4;79;4
2025-03;30;3;727;136;141;105;85;48;8;38;25;31;4;3;2;0;1;63;6
2025-03;31;3;552;128;79;74;80;41;6;26;13;10;3;2;5;1;8;47;4
2025-03;32;3;2538;268;551;566;203;74;12;50;46;126;12;8;26;4;9;198;18
2025-03;33;3;1112;139;192;214;88;69;4;40;23;57;3;3;4;0;3;72;5
2025-03;34;3;1545;170;299;261;102;39;4;52;21;46;9;6;7;0;12;125;14
2025-03;35;3;2346;158;496;289;85;36;4;40;43;78;8;7;6;0;20;216;39
2025-03;36;3;1196;71;134;216;45;21;3;11;20;16;6;6;2;0;12;169;22
2025-03;37;3;865;19;148;117;13;3;1;3;13;38;12;9;2;3;2;35;11
2025-03;38;3;581;80;75;89;42;14;1;22;11;14;1;1;6;0;5;51;8
2025-03;39;3;877;240;156;97;118;42;10;77;17;36;11;7;1;3;4;46;9
2025-03;40;3;594;145;97;85;87;47;3;44;9;13;2;1;1;0;0;43;4
2025-03;41;3;847;78;142;188;61;33;0;8;7;28;3;3;0;0;2;53;5
2025-03;42;3;1445;114;309;348;87;44;2;8;36;54;8;5;8;2;7;108;8
2025-03;43;3;691;57;83;105;52;19;3;4;11;22;3;3;2;0;6;95;16
2025-03;44;3;767;125;134;97;88;45;6;19;15;25;3;3;2;0;7;33;6
2025-04;1;3;679;104;245;136;96;33;8;1;0;63;0;0;0;0;2;7;1
2025-04;4;3;506;73;214;34;60;20;8;3;8;84;0;0;0;0;2;11;4
2025-04;5;3;1157;153;402;150;137;52;0;1;6;179;1;0;0;0;3;32;5
2025-04;6;3;564;59;226;42;45;15;9;2;9;92;1;0;0;0;1;22;1
2025-04;7;3;225;23;52;33;20;7;1;0;12;7;0;0;0;0;3;6;0
2025-04;9;3;1080;145;335;151;130;45;3;3;10;99;1;0;0;1;2;36;2
2025-04;10;3;1075;141;385;157;90;50;3;3;9;93;1;0;1;1;4;21;3
2025-04;11;3;78;0;7;18;0;0;0;0;0;0;0;0;1;0;1;5;3
2025-04;12;3;1018;26;317;233;20;7;1;0;8;63;5;0;0;5;4;46;5
2025-04;13;3;562;30;196;125;22;6;0;0;4;46;0;0;0;0;1;15;1
2025-04;14;3;892;46;417;140;34;23;1;0;9;147;0;0;2;0;0;21;10
2025-04;15;3;588;35;148;131;20;10;0;0;6;27;0;0;0;0;2;9;1
2025-04;16;3;1861;121;554;406;89;37;12;3;16;172;1;0;2;1;3;62;10
2025-04;17;3;827;93;308;94;52;23;8;8;10;101;2;1;0;0;2;23;0
2025-04;18;3;932;198;320;80;172;108;23;3;6;123;1;0;0;0;1;16;2
2025-04;19;3;1000;132;282;169;97;35;4;5;8;57;0;0;0;0;1;41;5
2025-04;20;3;794;103;171;144;79;31;8;12;9;31;1;1;0;0;3;32;0
2025-04;21;3;1415;214;306;192;89;36;20;64;29;33;4;3;1;0;8;62;13
2025-04;22;3;758;90;168;112;65;18;6;14;15;25;3;2;6;1;2;40;4
2025-04;23;3;429;46;116;72;34;16;0;3;9;29;0;0;0;0;1;24;0
2025-04;24;3;830;157;229;136;83;30;5;54;18;72;1;1;1;0;2;39;2
2025-04;25;3;740;91;163;122;64;26;13;2;8;46;2;1;2;1;0;30;2
2025-04;26;3;681;83;164;138;61;32;6;4;4;51;4;0;2;4;1;30;3
2025-04;27;3;1145;315;175;161;205;87;30;59;35;23;7;2;8;5;3;55;4
2025-04;28;3;672;113;97;132;57;29;1;39;5;27;4;1;2;3;1;43;3
2025-04;29;3;1302;325;280;159;210;89;28;95;21;67;5;4;2;1;2;47;10
2025-04;30;3;659;149;121;102;88;49;6;52;29;21;3;2;0;1;2;67;6
2025-04;31;3;522;118;57;68;73;32;2;28;9;14;3;0;4;2;1;39;9
2025-04;32;3;2208;229;415;570;175;76;8;29;31;87;10;4;15;6;13;139;16
2025-04;33;3;911;122;158;143;78;52;5;35;15;55;4;3;4;1;5;72;8
2025-04;34;3;1482;186;254;298;113;43;11;51;29;21;11;6;10;3;8;119;11
2025-04;35;3;2304;176;464;340;102;40;7;48;47;67;2;2;1;0;21;202;24
2025-04;36;3;1134;109;141;221;67;24;2;24;12;12;6;6;2;0;22;114;17
2025-04;37;3;893;26;118;144;14;6;0;6;16;22;3;2;2;1;5;55;3
2025-04;38;3;625;90;102;90;44;27;1;29;25;16;7;3;0;4;3;42;4
2025-04;39;3;975;290;136;160;113;52;18;124;17;20;10;5;8;5;6;35;10
2025-04;40;3;597;174;104;87;105;65;4;47;15;18;3;0;3;3;1;36;3
2025-04;41;3;710;66;118;146;44;29;1;15;6;35;0;0;2;0;3;51;13
2025-04;42;3;1242;72;239;286;58;26;4;6;27;48;4;3;4;1;7;82;3
2025-04;43;3;658;31;68;126;23;11;4;4;14;18;3;3;3;0;10;76;7
2025-04;44;3;706;109;137;104;72;25;8;20;16;28;1;0;0;1;5;18;3
2025-05;1;3;748;108;248;165;99;23;7;1;1;50;1;1;0;0;0;21;0
2025-05;4;3;660;61;210;30;48;14;8;4;2;98;1;1;0;0;0;15;5
2025-05;5;3;1378;188;516;188;158;71;2;4;12;246;1;0;0;1;3;44;5
2025-05;6;3;564;80;169;60;60;29;14;7;10;55;0;0;5;0;7;10;1
2025-05;7;3;238;30;49;43;24;9;0;3;7;13;0;0;0;0;0;10;0
2025-05;9;3;1124;121;371;188;95;47;3;11;3;128;1;0;6;0;0;30;4
2025-05;10;3;1166;165;428;146;117;60;4;7;13;119;0;0;0;0;1;27;5
2025-05;11;3;86;1;9;24;0;0;0;0;1;2;0;0;1;0;1;11;1
2025-05;12;3;1883;79;1037;262;64;39;1;0;2;551;0;0;0;0;3;28;7
2025-05;13;3;982;27;578;100;18;5;1;0;1;260;0;0;1;0;2;11;2
2025-05;14;3;1145;43;535;194;34;19;0;1;7;203;0;0;0;0;0;20;8
2025-05;15;3;621;34;159;146;17;9;0;4;1;45;0;0;2;0;1;19;4
2025-05;16;3;2062;167;595;431;113;46;13;4;25;213;3;2;3;0;5;76;9
2025-05;17;3;790;115;218;111;47;21;5;25;6;62;0;0;1;0;2;34;5
2025-05;18;3;1089;210;413;91;172;101;13;14;9;177;2;1;1;0;3;17;0
2025-05;19;3;1049;126;278;185;88;37;8;15;3;62;1;1;0;0;7;33;2
2025-05;20;3;865;87;206;186;65;29;2;4;10;46;3;2;8;1;1;27;1
2025-05;21;3;1438;173;360;232;83;49;3;45;25;94;10;6;2;2;3;59;10
2025-05;22;3;750;89;163;132;61;27;1;13;20;19;3;2;1;1;7;38;7
2025-05;23;3;430;53;100;71;35;14;2;10;11;11;1;1;0;0;0;25;0
2025-05;24;3;960;150;380;118;75;32;3;51;16;202;3;0;1;3;1;33;4
2025-05;25;3;765;105;159;109;64;35;9;17;4;48;2;1;2;1;0;29;2
2025-05;26;3;724;109;188;118;65;35;1;18;7;62;1;1;0;0;4;23;2
2025-05;27;3;1111;309;175;198;179;90;4;83;32;22;2;2;0;0;6;39;3
2025-05;28;3;689;78;111;158;40;27;1;31;7;23;0;0;4;0;1;39;7
2025-05;29;3;1295;315;313;206;208;59;30;78;30;69;8;8;2;0;1;37;7
2025-05;30;3;684;137;132;103;83;30;12;33;35;17;0;0;1;0;1;45;2
2025-05;31;3;516;104;77;84;69;44;1;22;15;19;3;1;3;1;2;38;4
2025-05;32;3;2264;208;434;550;138;73;9;38;30;85;4;4;15;0;14;169;16
2025-05;33;3;788;105;149;121;54;35;1;33;36;25;1;0;0;1;7;57;6
2025-05;34;3;1456;171;326;228;92;30;6;51;24;21;7;6;3;0;11;110;12
2025-05;35;3;2365;174;460;349;85;38;7;61;55;49;5;3;6;1;12;193;27
2025-05;36;3;1167;70;134;266;55;29;5;8;10;28;3;1;1;1;12;113;10
2025-05;37;3;763;21;97;123;12;4;2;3;13;16;8;7;5;1;5;49;1
2025-05;38;3;708;141;107;79;70;35;5;34;18;18;2;0;3;1;6;36;4
2025-05;39;3;945;267;143;148;99;36;14;110;15;24;7;7;1;0;7;34;3
2025-05;40;3;584;152;77;116;93;53;7;43;14;10;2;2;0;0;1;30;3
2025-05;41;3;794;56;157;195;41;18;1;9;4;40;0;0;1;0;4;44;4
2025-05;42;3;1276;115;231;330;84;43;6;16;41;38;7;6;0;1;4;65;9
2025-05;43;3;626;45;56;118;32;17;1;11;12;13;4;3;2;0;5;113;8
2025-05;44;3;796;147;145;124;74;28;7;35;8;21;4;4;1;0;1;35;2
2025-06;1;3;684;95;260;107;85;26;9;2;1;80;0;0;0;0;1;19;6
2025-06;4;3;624;64;186;36;56;28;6;1;7;93;0;0;1;0;1;20;6
2025-06;5;3;1295;146;544;162;124;61;1;1;13;268;2;2;1;0;2;40;1
2025-06;6;3;505;51;173;52;32;7;4;12;8;71;0;0;0;0;3;17;6
2025-06;7;3;224;23;49;26;22;8;1;1;7;7;0;0;0;0;1;12;2
2025-06;9;3;1096;144;360;163;122;50;6;11;15;110;1;1;2;0;4;30;1
2025-06;10;3;1174;172;445;146;136;70;11;10;10;149;0;0;3;0;0;25;5
2025-06;11;3;74;0;9;9;0;0;0;0;1;3;0;0;0;0;0;3;1
2025-06;12;3;1014;33;360;224;20;6;2;0;9;111;1;0;1;1;6;36;4
2025-06;13;3;531;22;205;74;14;7;0;0;5;64;0;0;0;0;1;19;2
2025-06;14;3;1052;62;451;202;46;31;1;2;9;204;0;0;0;0;0;13;9
2025-06;15;3;674;43;169;139;27;10;3;1;11;44;0;0;0;0;1;16;3
2025-06;16;3;2132;157;664;447;118;51;12;6;37;212;3;2;1;1;2;66;6
2025-06;17;3;803;116;222;102;73;36;6;18;18;68;1;1;0;0;1;27;7
2025-06;18;3;896;182;276;92;141;64;14;19;11;77;3;0;0;2;3;23;2
2025-06;19;3;1003;137;274;161;105;35;9;5;10;44;1;1;0;0;2;33;1
2025-06;20;3;870;78;226;156;68;28;2;7;2;31;1;1;3;0;2;36;5
2025-06;21;3;1290;155;323;169;79;39;7;41;42;78;1;1;2;0;6;52;9
2025-06;22;3;725;75;140;93;45;19;1;24;11;19;1;1;2;0;4;39;3
2025-06;23;3;546;74;130;81;57;34;3;9;9;24;3;3;0;0;3;27;2
2025-06;24;3;687;131;123;129;47;26;5;69;4;33;2;2;0;0;0;35;4
2025-06;25;3;712;105;132;103;78;35;20;16;4;58;0;0;7;0;2;20;10
2025-06;26;3;753;158;175;125;98;57;12;36;2;53;1;1;0;0;0;27;5
2025-06;27;3;1133;292;177;187;141;53;7;103;33;29;9;8;0;0;3;43;5
2025-06;28;3;684;107;100;120;60;29;8;35;5;33;2;1;1;1;4;36;6
2025-06;29;3;1336;298;342;177;150;49;19;113;32;75;6;6;1;0;5;65;10
2025-06;30;3;667;131;120;99;93;45;18;26;31;17;4;1;0;3;2;47;4
2025-06;31;3;550;114;53;76;68;39;1;32;14;12;3;3;3;0;5;37;7
2025-06;32;3;2203;237;444;483;163;66;11;49;15;92;5;4;14;1;18;169;12
2025-06;33;3;849;128;211;83;73;44;8;35;37;24;2;0;11;2;7;53;4
2025-06;34;3;1389;185;315;137;104;51;2;58;39;33;13;10;4;3;11;94;8
2025-06;35;3;2380;191;464;351;99;55;1;54;46;65;4;4;8;0;24;178;22
2025-06;36;3;1079;52;128;204;28;15;0;12;15;18;7;6;1;0;20;116;8
2025-06;37;3;718;42;101;101;21;11;0;9;5;29;1;1;2;0;3;38;6
2025-06;38;3;883;179;110;128;69;45;2;66;13;29;1;1;3;0;2;30;4
2025-06;39;3;985;275;118;131;81;35;10;140;15;24;4;2;0;1;3;40;7
2025-06;40;3;530;151;78;85;63;29;3;59;12;13;3;3;1;0;4;24;3
2025-06;41;3;752;54;144;176;42;24;1;5;4;52;1;0;1;1;2;39;3
2025-06;42;3;1329;98;258;292;72;33;5;11;33;54;3;3;2;0;9;86;9
2025-06;43;3;635;44;55;108;28;17;0;10;13;9;1;1;3;0;14;87;8
2025-06;44;3;746;159;101;97;85;43;12;39;10;16;7;3;5;4;1;31;3
2025-07;1;3;779;76;351;102;74;32;3;0;2;124;0;0;0;0;2;10;3
2025-07;4;3;752;68;267;30;64;33;4;0;12;139;0;0;0;0;2;13;10
2025-07;5;3;1377;137;588;173;121;62;1;1;12;302;1;1;0;0;3;49;6
2025-07;6;3;561;50;200;47;37;12;5;5;9;83;2;2;0;0;2;18;0
2025-07;7;3;242;23;56;53;20;13;0;0;10;6;0;0;0;0;1;22;1
2025-07;9;3;1223;120;460;181;104;57;3;3;22;202;0;0;1;0;1;36;0
2025-07;10;3;1251;165;482;174;135;72;3;4;11;154;0;0;0;0;2;20;4
2025-07;11;3;81;0;11;18;0;0;0;0;1;5;1;1;0;0;1;1;0
2025-07;12;3;1145;47;387;295;28;12;0;0;5;113;0;0;1;0;5;32;2
2025-07;13;3;566;21;180;109;12;2;0;0;4;33;0;0;0;0;0;19;2
2025-07;14;3;1094;43;464;247;35;22;0;1;7;173;0;0;0;0;0;20;4
2025-07;15;3;594;38;137;139;17;10;0;1;7;40;0;0;0;0;2;19;1
2025-07;16;3;2315;161;741;512;80;29;9;8;20;305;4;2;4;2;1;75;4
2025-07;17;3;924;123;305;109;74;37;9;19;20;113;2;1;1;0;4;33;7
2025-07;18;3;1118;213;445;92;172;102;4;12;16;218;0;0;0;0;1;24;0
2025-07;19;3;1107;138;323;190;96;37;4;9;8;83;1;0;1;0;2;35;2
2025-07;20;3;946;98;226;145;69;39;4;11;7;49;2;0;5;2;0;35;1
2025-07;21;3;1555;192;335;210;115;61;19;28;33;61;5;4;7;1;8;58;13
2025-07;22;3;771;77;170;106;46;24;0;17;27;20;2;2;0;0;0;29;8
2025-07;23;3;546;78;120;75;48;27;1;14;19;20;0;0;1;0;1;27;3
2025-07;24;3;790;211;156;121;101;52;4;66;17;40;2;1;0;0;2;29;3
2025-07;25;3;791;93;192;104;58;31;9;12;5;67;0;0;1;0;2;28;5
2025-07;26;3;780;131;180;135;88;51;3;22;9;49;0;0;2;0;1;30;1
2025-07;27;3;1121;252;195;210;135;57;6;66;48;22;7;6;3;1;1;37;6
2025-07;28;3;709;85;111;107;51;29;2;27;5;22;3;1;0;2;7;44;3
2025-07;29;3;1510;310;361;182;185;70;33;79;25;78;7;4;3;3;4;56;6
2025-07;30;3;795;187;126;141;121;41;22;44;20;24;2;1;1;0;2;42;2
2025-07;31;3;605;169;88;81;90;45;12;58;28;16;2;1;3;1;3;35;4
2025-07;32;3;2317;255;482;484;175;78;14;47;19;157;11;9;14;2;16;129;15
2025-07;33;3;856;130;158;107;85;49;9;28;24;35;2;2;1;0;5;48;4
2025-07;34;3;1302;159;269;135;80;34;1;56;31;36;10;7;5;3;12;93;11
2025-07;35;3;2459;216;441;445;133;80;3;53;62;69;1;1;4;0;11;169;20
2025-07;36;3;1154;63;147;255;46;17;1;11;12;28;3;3;1;0;20;134;13
2025-07;37;3;756;21;105;122;6;2;1;7;16;22;3;3;1;0;8;46;8
2025-07;38;3;856;116;114;170;58;32;1;28;20;22;1;1;2;0;4;37;6
2025-07;39;3;1075;305;143;165;105;31;17;142;14;33;6;5;2;0;4;39;7
2025-07;40;3;598;151;110;84;64;33;0;58;14;30;4;3;2;0;5;25;2
2025-07;41;3;787;65;128;177;44;25;2;11;6;29;3;1;2;2;0;38;8
2025-07;42;3;1384;100;321;294;67;24;7;15;26;104;1;0;6;0;2;75;2
2025-07;43;3;673;48;61;134;36;26;1;8;15;17;0;0;0;0;7;86;9
2025-07;44;3;823;149;155;130;91;41;5;31;20;27;1;1;1;0;3;27;2
2025-08;1;3;653;53;268;93;48;20;3;0;2;85;1;1;0;0;0;11;3
2025-08;4;3;728;49;308;63;39;19;0;1;8;172;0;0;0;0;0;18;2
2025-08;5;3;1244;100;530;154;89;41;2;1;12;245;4;3;2;0;1;25;5
2025-08;6;3;660;76;256;38;61;24;14;2;8;128;0;0;3;0;2;34;3
2025-08;7;3;210;23;49;32;18;7;1;0;11;11;0;0;0;0;1;17;0
2025-08;9;3;1086;81;404;152;72;29;3;2;16;142;0;0;0;0;4;26;7
2025-08;10;3;1167;111;499;113;95;49;3;2;15;157;1;0;0;0;1;35;4
2025-08;11;3;111;1;20;20;0;0;0;0;1;11;0;0;1;0;0;8;5
2025-08;12;3;1035;49;385;227;34;19;3;1;6;126;0;0;0;0;1;28;2
2025-08;13;3;551;23;220;76;14;8;0;1;5;58;0;0;0;0;1;25;0
2025-08;14;3;1076;51;498;191;40;22;0;1;12;216;0;0;0;0;0;26;4
2025-08;15;3;638;34;180;131;23;16;1;1;8;56;0;0;1;0;0;21;3
2025-08;16;3;1868;126;516;402;65;16;10;5;29;144;3;3;2;0;7;71;5
2025-08;17;3;957;122;368;96;86;55;8;15;15;207;2;2;0;0;0;16;6
2025-08;18;3;1195;196;499;83;150;87;19;16;20;261;3;2;7;0;3;28;4
2025-08;19;3;1112;155;313;171;104;48;2;5;15;62;1;1;2;0;5;56;5
2025-08;20;3;787;86;236;141;71;40;3;6;14;58;0;0;0;0;3;26;0
2025-08;21;3;1462;207;320;190;148;74;29;19;40;61;5;3;0;2;3;43;9
2025-08;22;3;668;86;141;85;50;24;0;21;25;12;2;1;1;1;4;42;6
2025-08;23;3;595;72;147;91;50;31;1;9;15;23;1;1;1;0;5;18;5
2025-08;24;3;764;173;181;107;71;32;6;71;31;38;4;1;2;3;2;39;6
2025-08;25;3;841;110;171;114;73;41;16;16;9;52;1;0;0;1;6;25;3
2025-08;26;3;799;119;204;128;71;42;2;22;14;55;0;0;0;0;1;31;3
2025-08;27;3;1133;292;183;170;146;82;5;95;47;28;6;4;0;1;7;49;3
2025-08;28;3;651;91;116;108;42;10;3;28;14;21;1;0;8;1;3;39;3
2025-08;29;3;1284;258;296;170;152;33;16;88;32;68;10;10;0;0;3;66;1
2025-08;30;3;770;145;142;137;93;40;6;34;27;19;1;1;1;0;2;66;4
2025-08;31;3;621;160;60;92;67;32;10;78;19;14;2;1;10;1;2;42;8
2025-08;32;3;2207;193;430;475;140;68;10;31;29;90;16;9;26;7;11;155;15
2025-08;33;3;913;115;146;96;67;46;6;30;36;30;9;3;2;4;6;70;5
2025-08;34;3;1174;122;197;138;61;30;4;38;38;25;8;7;4;0;5;109;21
2025-08;35;3;2628;212;507;408;129;72;3;56;58;70;3;2;2;0;8;208;25
2025-08;36;3;1153;86;133;207;66;22;1;11;20;26;5;5;0;0;13;126;22
2025-08;37;3;777;24;106;105;13;5;2;5;17;20;2;1;3;1;5;44;3
2025-08;38;3;832;147;90;132;55;35;1;72;18;14;2;2;3;0;11;41;5
2025-08;39;3;1099;287;155;160;109;37;22;111;18;46;14;14;3;0;4;45;4
2025-08;40;3;676;228;94;98;104;58;9;80;19;20;2;2;1;0;1;39;5
2025-08;41;3;715;56;135;148;45;25;2;6;9;34;1;0;1;1;0;47;3
2025-08;42;3;1219;73;247;290;47;14;1;4;39;47;1;1;0;0;3;92;3
2025-08;43;3;691;58;49;128;47;30;0;7;6;12;1;1;2;0;8;87;7
2025-08;44;3;804;131;152;99;86;38;4;24;17;40;1;1;1;0;5;43;5
2025-09;1;3;761;68;294;139;56;20;2;0;3;93;0;0;0;0;1;14;2
2025-09;4;3;714;72;253;50;49;25;2;4;13;113;0;0;0;0;2;14;10
2025-09;5;3;1370;123;613;166;96;43;1;6;15;324;0;0;3;0;3;55;6
2025-09;6;3;604;54;215;56;37;18;3;11;10;84;1;1;0;0;2;24;2
2025-09;7;3;242;29;59;37;24;11;0;0;6;7;0;0;0;0;0;10;2
2025-09;9;3;1132;110;401;157;87;40;5;5;18;136;0;0;1;0;1;38;1
2025-09;10;3;1109;94;445;124;73;36;3;4;14;141;0;0;0;0;4;30;2
2025-09;11;3;94;1;11;22;1;0;1;0;0;1;1;1;0;0;1;4;2
2025-09;12;3;1104;30;420;219;22;11;0;1;16;132;1;1;0;0;5;43;4
2025-09;13;3;533;20;211;76;14;4;0;0;7;53;2;1;0;0;0;19;2
2025-09;14;3;1144;34;567;193;28;15;1;0;26;206;0;0;1;0;3;22;8
2025-09;15;3;676;24;210;126;16;5;2;1;5;84;0;0;1;0;0;24;5
2025-09;16;3;2030;139;521;467;98;45;5;8;31;153;7;5;3;1;6;92;5
2025-09;17;3;901;122;311;77;90;57;4;6;21;140;0;0;1;0;3;28;4
2025-09;18;3;1311;216;545;92;164;120;6;14;11;299;0;0;3;0;0;47;4
2025-09;19;3;1140;156;362;156;99;49;1;12;12;83;1;1;0;0;6;40;1
2025-09;20;3;871;91;223;140;56;21;2;11;8;45;0;0;1;0;2;36;1
2025-09;21;3;1589;233;330;237;137;70;32;39;28;86;6;2;5;2;7;65;7
2025-09;22;3;820;80;158;112;51;21;9;11;21;26;2;0;1;1;3;51;6
2025-09;23;3;629;83;153;87;60;39;3;16;16;20;1;1;0;0;2;21;4
2025-09;24;3;885;192;265;90;91;53;2;79;26;111;2;1;0;0;2;50;4
2025-09;25;3;830;150;178;90;87;46;8;27;15;53;3;2;1;1;3;26;2
2025-09;26;3;696;108;177;101;76;39;2;13;14;70;4;2;0;2;3;45;1
2025-09;27;3;1189;254;210;184;117;60;9;89;48;20;4;4;0;0;6;62;6
2025-09;28;3;675;101;108;120;53;26;0;32;8;26;5;3;2;2;1;32;5
2025-09;29;3;1436;332;337;193;171;63;16;127;30;59;3;0;2;3;4;62;6
2025-09;30;3;819;152;122;146;84;43;1;44;21;29;5;4;4;0;3;68;7
2025-09;31;3;605;146;82;100;71;47;2;56;29;17;5;5;1;0;0;29;2
2025-09;32;3;2375;229;413;470;120;45;17;67;30;104;18;14;10;3;15;170;11
2025-09;33;3;942;126;112;101;59;37;0;48;34;21;6;5;4;0;4;75;8
2025-09;34;3;1124;169;125;142;104;48;9;35;24;19;13;7;15;6;8;66;9
2025-09;35;3;2567;211;478;362;116;54;5;53;69;69;4;3;1;1;20;221;22
2025-09;36;3;1162;60;134;184;41;20;2;12;22;21;5;5;3;0;18;130;22
2025-09;37;3;848;22;142;119;11;4;1;6;18;29;4;3;4;1;2;51;3
2025-09;38;3;831;145;115;151;67;35;6;55;15;15;1;1;4;0;6;40;5
2025-09;39;3;1006;231;130;145;117;35;27;76;18;19;15;13;1;2;10;63;12
2025-09;40;3;701;245;110;91;131;78;9;78;17;18;2;1;0;1;3;27;5
2025-09;41;3;712;60;136;157;39;22;0;14;13;21;1;0;1;1;2;38;3
2025-09;42;3;1335;104;283;307;60;22;5;21;48;67;8;8;1;0;4;76;3
2025-09;43;3;699;54;70;113;43;27;1;5;11;13;4;4;1;0;12;121;10
2025-09;44;3;802;152;148;88;82;32;6;42;23;25;2;2;0;0;1;29;4
2025-10;1;3;787;103;289;127;92;33;1;0;2;86;0;0;0;0;1;13;2
2025-10;4;3;647;56;227;41;46;26;0;4;7;112;3;2;0;1;2;14;4
2025-10;5;3;1407;152;600;174;126;53;7;7;6;299;0;0;0;0;3;41;5
2025-10;6;3;555;50;171;45;40;18;6;6;8;64;1;1;0;0;2;18;4
2025-10;7;3;238;23;68;31;14;5;1;4;10;15;0;0;2;0;1;16;0
2025-10;9;3;1151;119;391;143;102;51;4;3;25;131;0;0;0;0;2;24;3
2025-10;10;3;927;61;339;94;42;14;1;4;15;109;1;1;0;0;2;36;3
2025-10;11;3;103;2;7;21;1;1;0;0;1;1;1;1;1;0;0;7;4
2025-10;12;3;1128;31;426;240;22;4;3;1;18;119;0;0;0;0;1;42;5
2025-10;13;3;552;24;193;86;18;4;0;0;9;45;0;0;0;0;0;16;1
2025-10;14;3;1249;50;534;231;40;25;0;0;7;247;0;0;1;0;4;30;7
2025-10;15;3;716;36;226;139;23;10;1;3;5;60;0;0;0;0;3;11;2
2025-10;16;3;2111;160;630;435;94;36;12;9;25;276;1;1;2;0;5;69;6
2025-10;17;3;903;100;289;108;65;37;2;6;23;129;0;0;0;0;0;32;4
2025-10;18;3;1323;195;578;77;157;117;7;23;12;353;0;0;4;0;3;20;0
2025-10;19;3;1145;160;352;171;106;48;6;14;11;83;1;1;2;0;1;34;0
2025-10;20;3;899;115;216;126;80;48;1;11;11;59;1;1;0;0;1;42;2
2025-10;21;3;1473;171;294;198;109;63;16;25;16;68;12;10;6;2;7;61;11
2025-10;22;3;910;98;162;99;43;22;1;28;34;20;122;4;10;118;6;43;5
2025-10;23;3;611;91;124;93;68;49;1;9;8;21;1;1;2;0;2;19;1
2025-10;24;3;684;115;144;97;75;33;2;30;17;40;0;0;4;0;1;41;7
2025-10;25;3;794;104;193;96;67;36;3;18;11;80;0;0;1;0;1;32;5
2025-10;26;3;662;93;162;94;72;42;4;9;7;48;1;1;3;0;4;29;5
2025-10;27;3;1085;195;191;194;99;53;2;61;55;23;14;7;5;7;1;56;1
2025-10;28;3;738;103;110;136;58;25;1;27;4;21;4;1;1;3;1;58;5
2025-10;29;3;1251;278;290;155;151;67;13;91;28;68;11;8;4;2;5;63;6
2025-10;30;3;932;178;144;152;95;58;4;44;22;26;3;1;1;1;4;87;4
2025-10;31;3;528;101;71;75;60;31;2;26;17;18;6;3;3;1;3;31;5
2025-10;32;3;2416;261;421;443;135;86;11;88;25;122;11;10;7;0;14;161;17
2025-10;33;3;1021;115;181;106;57;39;2;34;40;35;9;5;12;2;5;65;7
2025-10;34;3;1156;137;153;139;72;24;5;43;25;26;4;3;16;0;11;95;11
2025-10;35;3;2580;192;473;355;85;50;3;77;57;82;6;4;5;1;14;213;27
2025-10;36;3;1090;74;121;176;51;28;0;14;10;21;5;5;3;0;14;90;13
2025-10;37;3;841;14;163;133;8;1;0;4;22;30;3;2;3;1;5;64;5
2025-10;38;3;786;121;130;117;55;29;1;38;27;19;5;2;3;3;4;42;8
2025-10;39;3;1079;246;146;145;124;33;32;77;18;22;8;5;1;3;3;48;5
2025-10;40;3;629;147;100;95;75;38;3;48;21;18;5;5;3;0;4;25;5
2025-10;41;3;855;81;157;158;48;26;0;20;14;35;2;0;3;2;0;49;0
2025-10;42;3;1447;117;364;272;57;28;4;31;48;104;3;2;5;0;15;102;6
2025-10;43;3;693;41;63;102;26;16;0;10;13;12;2;2;2;0;11;110;13
2025-10;44;3;774;131;152;67;82;46;2;31;14;33;1;1;2;0;7;32;6
2025-11;1;3;764;97;396;84;79;44;3;6;3;191;1;1;1;0;1;10;0
2025-11;4;3;623;68;230;53;55;26;2;4;6;126;1;0;0;0;0;16;8
2025-11;5;3;1256;132;549;156;110;50;4;8;18;284;1;0;0;0;2;24;3
2025-11;6;3;603;62;214;39;34;13;4;20;11;81;1;1;0;0;3;24;2
2025-11;7;3;197;18;42;34;11;1;0;3;10;9;0;0;0;0;2;14;1
2025-11;9;3;1083;101;381;145;75;30;1;14;27;127;0;0;0;0;2;29;4
2025-11;10;3;833;83;338;78;54;26;0;15;21;96;1;0;0;1;0;26;3
2025-11;11;3;81;1;8;17;0;0;0;1;1;2;0;0;0;0;1;4;3
2025-11;12;3;1114;34;412;253;25;11;1;1;16;137;1;1;0;0;4;52;1
2025-11;13;3;553;28;221;80;21;10;2;1;10;69;0;0;0;0;2;17;2
2025-11;14;3;1166;40;546;199;31;9;1;1;13;229;0;0;0;0;0;26;4
2025-11;15;3;698;35;232;129;28;13;1;4;6;98;0;0;2;0;2;26;1
2025-11;16;3;2012;174;624;376;115;52;17;10;35;234;1;1;1;0;4;73;5
2025-11;17;3;997;153;389;102;88;53;1;32;33;187;1;1;2;0;1;31;4
2025-11;18;3;1082;191;437;88;125;84;3;44;10;264;2;0;4;0;2;12;2
2025-11;19;3;1069;149;390;156;88;38;3;27;11;127;0;0;0;0;2;36;5
2025-11;20;3;820;112;218;125;61;31;2;28;16;52;0;0;0;0;3;34;2
2025-11;21;3;1582;243;348;213;117;69;19;67;36;83;4;1;1;3;4;53;17
2025-11;22;3;863;122;183;81;49;26;3;44;33;25;1;1;5;0;7;32;5
2025-11;23;3;558;82;128;82;44;30;2;26;11;22;0;0;0;0;4;40;2
2025-11;24;3;678;104;155;93;54;30;2;36;23;40;2;2;0;0;3;60;2
2025-11;25;3;733;100;198;111;46;24;7;27;10;65;0;0;0;0;3;24;2
2025-11;26;3;719;119;168;111;66;29;3;36;12;42;0;0;1;0;4;33;2
2025-11;27;3;1005;210;147;160;117;50;5;62;38;29;3;3;5;0;4;52;3
2025-11;28;3;549;65;78;122;44;26;1;9;6;26;0;0;2;0;1;33;5
2025-11;29;3;1304;286;376;158;153;64;16;90;48;85;11;3;8;6;2;52;7
2025-11;30;3;786;141;103;172;90;51;2;37;16;22;1;1;6;0;1;53;4
2025-11;31;3;550;133;71;61;52;29;2;62;18;26;9;9;8;0;2;30;7
2025-11;32;3;2131;220;415;364;152;91;5;38;24;98;10;8;6;1;8;131;16
2025-11;33;3;814;88;124;87;32;18;2;40;23;24;2;2;1;0;3;64;3
2025-11;34;3;1095;121;148;114;52;29;2;43;22;16;9;6;29;3;8;105;12
2025-11;35;3;2342;189;417;297;85;52;1;59;61;75;3;2;7;0;14;225;21
2025-11;36;3;1053;73;147;165;41;23;2;19;18;17;4;3;4;0;9;110;11
2025-11;37;3;805;23;153;131;14;7;1;2;24;22;1;1;8;0;5;52;4
2025-11;38;3;756;158;105;87;73;37;3;44;18;23;2;2;0;0;1;54;8
2025-11;39;3;984;312;131;104;125;37;29;129;17;16;10;6;11;1;9;42;2
2025-11;40;3;607;187;121;75;85;58;3;81;15;23;1;1;1;0;1;31;2
2025-11;41;3;784;82;120;163;50;28;0;15;12;18;2;0;2;2;2;44;4
2025-11;42;3;1306;123;282;225;66;20;4;20;35;75;8;5;3;3;9;86;13
2025-11;43;3;681;52;58;124;29;18;0;17;3;16;1;1;1;0;11;103;12
2025-11;44;3;728;118;137;82;64;30;3;30;14;28;2;2;1;0;5;32;1
2025-12;1;3;711;102;350;63;90;39;1;1;4;138;0;0;0;0;3;14;3
2025-12;4;3;681;86;243;50;63;33;0;5;10;115;1;1;0;0;0;17;11
2025-12;5;3;1412;222;560;168;188;103;1;10;13;266;2;1;0;1;1;29;10
2025-12;6;3;538;79;155;43;32;14;3;34;14;54;0;0;0;0;5;18;2
2025-12;7;3;238;33;56;30;23;7;1;6;12;11;1;0;0;0;4;10;2
2025-12;9;3;1121;108;378;126;72;40;3;16;27;121;0;0;1;0;2;28;0
2025-12;10;3;732;58;281;77;40;19;3;9;27;98;1;0;1;1;1;17;6
2025-12;11;3;69;0;9;1;0;0;0;0;2;3;0;0;0;0;2;7;1
2025-12;12;3;1132;28;412;252;24;12;2;0;24;103;1;0;4;1;6;46;7
2025-12;13;3;652;32;270;83;25;9;1;0;19;49;0;0;0;0;1;26;1
2025-12;14;3;1331;61;658;206;51;26;0;4;53;223;1;1;0;0;0;22;5
2025-12;15;3;666;42;190;121;28;13;1;5;14;70;0;0;0;0;1;17;1
2025-12;16;3;2160;201;635;409;149;44;15;11;57;216;3;2;2;1;3;74;7
2025-12;17;3;1014;146;376;94;75;42;7;42;26;140;4;1;0;2;5;38;4
2025-12;18;3;1501;240;785;108;165;103;7;36;18;488;1;0;2;1;3;32;3
2025-12;19;3;1168;198;358;172;116;56;3;59;12;104;0;0;0;0;1;57;6
2025-12;20;3;899;125;245;138;71;18;0;24;15;47;2;0;1;1;3;32;6
2025-12;21;3;1662;300;345;183;141;54;43;69;43;78;4;2;2;0;8;63;11
2025-12;22;3;816;139;138;78;59;20;5;42;18;24;2;1;0;0;4;48;3
2025-12;23;3;561;97;127;65;55;41;1;32;12;31;0;0;0;0;2;15;2
2025-12;24;3;685;144;132;80;51;24;2;72;21;27;1;1;3;0;7;42;3
2025-12;25;3;702;109;163;82;49;31;4;34;13;43;3;0;0;3;6;32;2
2025-12;26;3;753;124;186;93;49;26;2;48;7;55;2;0;3;1;1;29;2
2025-12;27;3;1178;331;161;124;144;71;3;127;35;25;10;5;8;4;1;44;4
2025-12;28;3;631;84;87;124;47;24;1;25;10;16;0;0;0;0;4;42;12
2025-12;29;3;1291;316;341;145;147;44;5;136;50;60;5;4;7;1;1;53;7
2025-12;30;3;854;145;129;154;73;34;3;47;18;18;1;0;1;0;3;86;6
2025-12;31;3;603;160;56;60;54;30;3;82;20;10;4;3;2;1;1;51;5
2025-12;32;3;2288;272;363;417;134;73;5;104;24;103;9;8;13;1;11;161;10
2025-12;33;3;843;95;92;86;34;23;2;44;26;10;9;9;4;0;6;60;5
2025-12;34;3;1082;131;154;109;60;19;0;38;25;30;6;6;12;0;9;90;12
2025-12;35;3;2463;160;420;282;80;45;0;51;42;64;9;8;4;0;17;269;19
2025-12;36;3;1038;64;114;170;41;22;1;16;13;19;13;9;6;0;13;112;20
2025-12;37;3;926;21;120;103;8;4;0;5;19;18;3;0;1;2;3;82;7
2025-12;38;3;892;262;83;82;62;37;4;100;16;16;3;1;1;1;5;51;5
2025-12;39;3;1090;311;140;115;107;40;32;139;9;32;16;9;7;5;1;52;5
2025-12;40;3;618;204;84;89;66;39;2;109;10;17;2;2;3;0;2;34;4
2025-12;41;3;776;81;130;154;42;15;0;21;13;17;1;1;0;0;5;46;0
2025-12;42;3;1243;111;321;233;65;28;4;19;53;78;0;0;2;0;7;68;4
2025-12;43;3;643;47;54;90;31;24;0;14;14;12;6;6;3;0;2;133;10
2025-12;44;3;863;210;148;72;68;34;3;88;12;31;4;3;3;1;1;31;3
2026-01;1;3;805;122;442;54;114;44;4;0;2;190;0;0;0;0;0;9;2
2026-01;4;3;789;139;330;46;106;55;8;13;5;141;0;0;0;0;3;27;8
2026-01;5;3;1532;278;611;116;240;111;2;14;8;302;2;2;0;0;9;39;5
2026-01;6;3;585;84;159;57;48;18;5;27;8;55;2;2;0;0;5;22;2
2026-01;7;3;262;39;65;35;28;8;1;3;6;18;0;0;1;0;2;12;2
2026-01;9;3;1382;186;560;137;148;80;4;12;28;214;1;0;1;1;1;36;2
2026-01;10;3;792;68;289;92;40;15;5;10;14;71;0;0;0;0;0;35;6
2026-01;11;3;88;0;10;12;0;0;0;0;0;2;0;0;0;0;6;9;1
2026-01;12;3;1639;47;823;251;36;17;0;0;19;411;0;0;0;0;1;38;7
2026-01;13;3;741;29;336;86;26;11;2;0;10;99;0;0;0;0;1;16;4
2026-01;14;3;1288;66;601;213;55;26;0;2;20;238;0;0;1;0;2;27;8
2026-01;15;3;649;44;181;125;28;10;1;4;8;42;1;0;1;0;2;21;3
2026-01;16;3;2036;161;559;438;102;21;5;15;34;151;3;3;7;0;5;73;15
2026-01;17;3;748;126;213;66;65;34;7;37;12;65;3;2;1;1;4;22;7
2026-01;18;3;924;186;302;92;127;69;5;37;7;117;2;0;0;0;1;28;1
2026-01;19;3;1060;157;282;198;102;41;4;38;11;59;1;0;1;1;4;34;2
2026-01;20;3;899;94;236;141;54;15;5;21;16;25;0;0;0;0;3;27;2
2026-01;21;3;1575;251;265;232;94;39;12;74;25;45;5;5;5;0;5;51;17
2026-01;22;3;833;142;128;131;58;22;5;51;15;9;1;1;4;0;9;36;6
2026-01;23;3;614;91;149;90;45;34;2;25;11;29;2;1;0;0;0;20;3
2026-01;24;3;739;141;143;121;60;26;4;70;28;25;1;0;1;0;3;77;3
2026-01;25;3;587;83;124;85;44;23;4;26;12;27;1;0;0;1;1;25;5
2026-01;26;3;658;100;182;83;37;13;4;45;7;43;1;0;0;0;1;25;4
2026-01;27;3;1190;314;187;174;127;62;1;134;24;25;3;2;4;1;2;43;8
2026-01;28;3;667;89;114;107;37;14;0;33;18;19;3;1;7;2;2;35;6
2026-01;29;3;1079;307;190;140;128;49;6;150;23;41;2;0;5;2;1;49;12
2026-01;30;3;833;148;133;145;75;35;0;48;48;14;2;1;3;1;1;83;7
2026-01;31;3;595;156;71;73;61;36;7;75;16;16;8;2;0;6;1;37;6
2026-01;32;3;2390;348;376;461;191;80;5;98;25;97;10;5;16;5;6;151;22
2026-01;33;3;1018;118;162;125;60;34;1;46;47;25;6;6;11;0;4;95;10
2026-01;34;3;1257;144;164;216;78;37;1;44;32;14;7;6;6;1;6;106;9
2026-01;35;3;2581;132;380;461;53;24;2;46;31;44;10;8;3;0;22;318;23
2026-01;36;3;1133;55;115;242;36;16;0;8;9;9;11;10;2;0;14;148;11
2026-01;37;3;835;16;119;130;8;2;0;5;8;15;7;6;6;1;4;60;5
2026-01;38;3;929;237;70;86;69;36;2;106;15;16;7;5;19;1;2;49;7
2026-01;39;3;1207;343;103;154;127;43;40;142;11;25;14;8;9;5;6;58;5
2026-01;40;3;682;175;68;100;59;27;1;94;7;10;3;3;0;0;2;38;5
2026-01;41;3;858;100;129;188;50;25;1;35;8;19;2;2;3;0;1;37;3
2026-01;42;3;1445;109;336;330;59;21;3;13;43;87;2;2;1;0;4;113;7
2026-01;43;3;645;24;55;114;9;6;0;11;7;19;2;1;19;1;10;103;11
2026-01;44;3;857;198;139;67;85;42;7;93;7;26;2;1;7;1;2;32;3
2026-02;1;3;1444;163;931;64;149;53;3;1;2;381;1;1;0;0;0;11;4
2026-02;4;3;856;104;375;52;90;51;3;5;2;184;2;2;1;0;1;24;7
2026-02;5;3;1984;417;911;131;388;182;4;3;15;450;1;1;0;0;4;49;5
2026-02;6;3;720;80;238;47;56;19;9;11;12;76;3;3;2;0;3;27;5
2026-02;7;3;452;88;173;54;72;27;5;3;4;75;1;1;2;0;2;14;2
2026-02;9;3;1462;151;648;202;126;59;4;5;13;289;1;1;0;0;4;24;1
2026-02;10;3;818;64;300;115;56;19;0;5;13;124;0;0;2;0;3;24;3
2026-02;11;3;86;0;14;12;0;0;0;0;3;5;0;0;0;0;4;1;1
2026-02;12;3;1223;36;447;287;32;15;1;0;10;150;1;1;0;0;2;40;6
2026-02;13;3;623;24;238;100;18;10;0;1;7;64;0;0;1;0;2;18;2
2026-02;14;3;1413;80;721;197;72;43;1;1;6;382;1;1;1;0;0;26;5
2026-02;15;3;700;44;166;139;23;8;3;7;6;62;1;1;2;0;2;20;0
2026-02;16;3;1868;113;457;400;68;15;12;9;40;93;7;3;9;2;4;90;8
2026-02;17;3;666;84;175;69;45;22;2;12;13;50;0;0;0;0;1;29;5
2026-02;18;3;801;128;233;100;82;31;5;23;7;73;0;0;5;0;0;27;6
2026-02;19;3;939;91;216;187;55;20;1;19;2;50;2;2;0;0;2;41;5
2026-02;20;3;855;74;196;180;50;16;3;10;5;26;2;0;1;1;2;35;2
2026-02;21;3;1450;201;243;208;107;55;13;33;17;34;8;3;8;5;8;52;7
2026-02;22;3;807;103;138;115;39;20;4;34;20;9;4;2;3;2;2;47;3
2026-02;23;3;570;94;116;76;64;40;4;16;10;22;1;1;0;0;2;23;2
2026-02;24;3;671;108;101;94;47;14;1;55;24;16;4;4;0;0;2;48;1
2026-02;25;3;652;84;117;90;38;15;10;18;9;16;1;1;1;0;6;42;3
2026-02;26;3;643;134;136;92;61;27;1;52;7;34;1;0;0;1;1;32;3
2026-02;27;3;1003;233;143;163;99;47;6;84;33;19;6;3;3;2;5;60;5
2026-02;28;3;665;80;114;120;40;9;0;21;10;27;3;2;0;1;3;45;0
2026-02;29;3;1056;288;209;120;137;59;3;121;22;48;6;4;3;1;3;58;7
2026-02;30;3;734;121;108;157;74;36;2;35;25;19;1;0;3;0;2;63;3
2026-02;31;3;546;131;53;74;71;36;0;44;10;12;4;3;0;1;2;32;5
2026-02;32;3;2051;192;314;423;112;43;2;41;14;51;11;4;10;7;12;146;16
2026-02;33;3;905;75;100;94;40;25;0;23;23;17;2;2;5;0;0;78;9
2026-02;34;3;1217;108;164;150;58;28;3;33;30;28;12;12;7;0;14;114;19
2026-02;35;3;2199;95;334;405;44;14;0;38;32;44;4;3;8;1;7;271;23
2026-02;36;3;1031;36;87;217;21;8;0;7;7;16;10;10;4;0;15;150;13
2026-02;37;3;812;19;94;108;12;3;1;4;16;18;3;3;1;0;6;71;4
2026-02;38;3;778;163;94;78;67;31;0;51;17;12;4;1;11;3;1;36;7
2026-02;39;3;1009;239;105;159;108;39;23;88;11;20;13;8;7;5;3;47;6
2026-02;40;3;508;88;58;82;48;26;2;31;12;13;1;1;5;0;2;25;1
2026-02;41;3;721;76;94;156;40;21;1;23;8;16;0;0;4;0;1;39;4
2026-02;42;3;1157;62;186;258;35;11;1;8;31;45;6;4;4;2;6;105;7
2026-02;43;3;643;33;65;108;15;5;0;12;12;13;8;8;2;0;8;114;5
2026-02;44;3;738;161;107;81;66;36;5;75;15;16;1;0;1;1;1;33;6
2026-03;1;3;632;85;277;57;75;32;1;6;1;84;0;0;1;0;0;9;2
2026-03;4;3;659;86;229;63;72;45;2;4;4;108;0;0;0;0;3;23;3
2026-03;5;3;1510;226;599;169;204;104;1;1;7;276;0;0;1;0;6;41;7
2026-03;6;3;737;67;221;81;49;17;4;8;5;40;3;1;2;2;1;29;6
2026-03;7;3;325;63;70;41;49;22;0;2;7;18;8;1;2;7;2;17;1
2026-03;9;3;1269;108;387;233;86;36;1;14;15;99;0;0;3;0;5;42;1
2026-03;10;3;852;50;307;110;38;23;1;4;15;77;0;0;1;0;1;31;4
2026-03;11;3;116;2;14;20;0;0;0;1;2;5;2;2;0;0;3;9;3
2026-03;12;3;1190;33;416;307;25;9;0;0;13;120;1;0;0;1;3;49;4
2026-03;13;3;636;22;234;96;18;5;0;1;6;63;0;0;1;0;2;20;2
2026-03;14;3;1337;71;609;247;58;31;0;1;6;279;0;0;0;0;2;34;3
2026-03;15;3;815;69;192;210;34;16;2;3;10;53;2;2;0;0;2;16;3
2026-03;16;3;2274;172;573;476;94;18;4;10;42;135;1;1;1;0;5;83;8
2026-03;17;3;901;141;292;81;85;38;4;25;12;106;1;1;0;0;2;27;9
2026-03;18;3;1188;175;405;164;119;62;7;14;9;168;0;0;2;0;4;34;2
2026-03;19;3;1134;149;291;230;100;40;2;20;8;58;1;1;0;0;1;40;1
2026-03;20;3;1183;118;341;217;73;23;2;23;12;43;6;2;0;4;3;52;6
2026-03;21;3;1953;295;341;253;128;36;28;50;22;47;3;2;5;0;7;75;9
2026-03;22;3;945;127;192;125;40;15;2;34;34;23;2;2;0;0;4;41;5
2026-03;23;3;666;81;132;103;61;32;5;12;11;33;3;1;0;0;2;37;1
2026-03;24;3;923;166;175;133;79;26;3;68;29;34;0;0;3;0;2;48;3
2026-03;25;3;858;108;181;155;54;24;18;28;8;22;3;0;1;3;0;34;7
2026-03;26;3;791;121;158;144;60;31;3;43;6;43;2;1;0;0;7;49;3
2026-03;27;3;1180;239;211;185;112;55;6;83;52;21;8;7;2;0;2;43;3
2026-03;28;3;741;110;108;171;59;27;2;35;11;26;4;0;2;3;3;47;9
2026-03;29;3;1323;354;239;170;154;65;13;152;27;55;2;1;5;0;2;53;4
2026-03;30;3;864;187;122;170;104;28;1;54;19;13;2;2;1;0;3;71;5
2026-03;31;3;712;166;71;86;49;24;0;85;10;15;2;0;2;2;6;53;2
2026-03;32;3;2719;289;422;556;182;78;1;69;27;68;26;18;24;8;19;183;12
2026-03;33;3;1094;127;104;120;56;30;2;52;17;20;8;5;5;3;11;86;4
2026-03;34;3;1282;129;166;170;54;27;0;52;24;28;9;8;4;0;21;152;13
2026-03;35;3;2704;121;411;502;57;24;2;43;53;41;7;3;9;4;31;307;23
2026-03;36;3;1341;46;123;259;24;5;0;12;8;20;12;12;2;0;20;173;27
2026-03;37;3;881;38;126;150;16;8;0;11;15;21;2;1;1;1;4;67;5
2026-03;38;3;974;224;105;143;88;43;4;64;19;16;4;2;3;2;7;42;7
2026-03;39;3;1309;356;133;199;135;55;23;154;12;24;5;5;4;0;5;60;8
2026-03;40;3;635;170;98;103;67;19;6;82;21;14;0;0;6;0;6;34;5
2026-03;41;3;909;78;158;188;45;18;3;25;8;16;3;0;0;3;3;48;5
2026-03;42;3;1381;96;228;303;56;21;3;17;26;37;1;1;8;0;4;100;9
2026-03;43;3;729;33;56;119;19;10;0;10;5;10;1;1;1;0;9;138;10
2026-03;44;3;873;182;148;116;80;30;5;74;16;22;3;1;4;2;1;42;6
2026-04;1;2;561;64;227;55;55;20;0;3;1;57;0;0;2;0;0;14;3
2026-04;4;2;602;61;229;38;43;16;1;10;5;88;3;3;1;0;3;16;5
2026-04;5;2;1370;181;551;136;159;84;0;4;10;234;0;0;0;0;4;57;3
2026-04;6;2;639;65;199;66;37;14;4;15;10;32;0;0;0;0;1;31;5
2026-04;7;2;276;46;77;35;34;15;0;6;3;15;1;1;1;0;3;9;1
2026-04;9;2;1144;75;365;166;56;22;3;4;20;87;2;1;0;0;1;42;1
2026-04;10;2;1040;85;332;141;55;15;0;5;15;87;0;0;0;0;6;42;1
2026-04;11;2;93;0;11;19;0;0;0;0;1;3;0;0;0;0;2;13;1
2026-04;12;2;1142;29;370;298;25;9;2;0;15;102;0;0;2;0;2;43;3
2026-04;13;2;570;14;203;90;9;6;0;1;5;68;0;0;1;0;0;25;3
2026-04;14;2;1177;77;508;193;61;31;2;0;10;195;0;0;0;0;0;27;1
2026-04;15;2;767;59;185;151;32;16;0;6;7;34;2;1;0;0;3;21;1
2026-04;16;2;2146;192;527;487;117;32;3;26;43;105;2;1;1;0;2;79;8
2026-04;17;2;926;135;325;68;91;44;4;22;21;114;4;2;0;1;3;29;2
2026-04;18;2;1100;188;354;118;126;72;4;27;10;152;0;0;3;0;0;27;4
2026-04;19;2;1060;124;305;196;80;37;0;23;16;65;1;0;0;1;4;37;1
2026-04;20;2;1175;146;243;232;76;18;0;46;12;50;1;1;0;0;2;62;3
2026-04;21;2;1782;256;351;251;114;50;23;54;32;51;7;4;6;2;5;73;14
2026-04;22;2;815;111;157;108;49;23;4;33;28;12;5;4;2;1;2;36;6
2026-04;23;2;658;80;135;86;49;27;4;23;11;26;2;2;0;0;2;35;4
2026-04;24;2;839;117;187;151;57;26;0;51;35;38;3;1;3;1;2;33;5
2026-04;25;2;852;157;165;129;77;34;21;46;11;28;0;0;1;0;8;42;5
2026-04;26;2;863;93;205;155;44;20;4;30;11;57;1;1;3;0;1;21;2
2026-04;27;2;1194;245;181;199;122;64;3;88;34;33;5;4;4;1;5;58;3
2026-04;28;2;693;73;119;151;34;16;1;30;20;22;4;2;0;1;1;64;5
2026-04;29;2;1406;313;253;217;149;78;10;127;37;52;5;3;7;1;6;71;8
2026-04;30;2;787;146;102;175;66;25;6;67;24;8;0;0;0;0;7;60;4
2026-04;31;2;726;154;77;97;55;30;1;73;7;16;6;3;5;3;6;41;11
2026-04;32;2;2383;252;369;497;142;67;2;78;36;70;13;7;12;6;14;143;11
2026-04;33;2;986;111;131;118;37;25;1;58;27;33;3;1;15;2;8;76;10
2026-04;34;2;1127;150;136;135;85;30;2;50;25;22;10;6;10;4;12;149;9
2026-04;35;2;2685;138;417;462;56;20;3;60;38;61;7;5;2;2;11;314;19
2026-04;36;2;1332;55;104;296;33;9;2;15;13;15;8;8;3;0;15;167;18
2026-04;37;2;843;20;130;134;12;4;2;3;19;29;2;1;1;1;2;53;6
2026-04;38;2;869;208;91;105;70;44;1;73;11;22;3;2;1;0;3;34;5
2026-04;39;2;1143;294;110;197;89;31;2;144;10;15;11;5;4;6;8;55;6
2026-04;40;2;604;154;88;107;67;39;0;70;9;17;0;0;0;0;3;25;4
2026-04;41;2;905;78;149;191;44;18;0;24;14;22;2;1;0;0;4;54;5
2026-04;42;2;1450;106;261;348;58;26;5;20;33;41;4;4;9;0;5;95;7
2026-04;43;2;684;32;59;112;19;11;0;8;13;14;1;1;1;0;10;116;11
2026-04;44;2;904;182;120;130;74;24;3;72;15;17;0;0;8;0;2;32;3
2026-05;1;2;584;75;219;52;70;20;3;0;1;72;0;0;0;0;1;16;2
2026-05;4;2;569;61;231;39;47;20;1;2;4;96;1;0;0;0;5;20;7
2026-05;5;2;1380;202;530;140;174;83;2;1;9;276;0;0;0;0;3;52;5
2026-05;6;2;655;55;175;87;47;21;4;5;7;35;1;0;3;1;2;31;5
2026-05;7;2;255;50;71;40;36;9;1;0;11;20;0;0;1;0;1;21;0
2026-05;9;2;1318;113;385;272;93;37;2;3;16;94;0;0;0;0;2;65;6
2026-05;10;2;1124;59;377;158;46;14;2;3;16;67;0;0;0;0;1;35;6
2026-05;11;2;81;0;9;21;0;0;0;0;0;2;0;0;0;0;1;7;3
2026-05;12;2;1671;78;799;287;70;34;1;0;7;393;2;2;0;0;5;55;9
2026-05;13;2;739;24;358;92;22;7;1;0;2;158;0;0;0;0;0;17;1
2026-05;14;2;1067;60;441;218;52;23;0;0;7;166;0;0;0;0;0;32;3
2026-05;15;2;682;40;189;149;30;11;2;2;5;40;0;0;1;0;3;22;4
2026-05;16;2;2326;215;585;464;138;44;12;7;21;207;5;4;1;0;5;99;10
2026-05;17;2;788;112;210;76;74;35;8;7;11;56;1;1;0;0;1;30;4
2026-05;18;2;1158;121;386;165;77;40;5;15;7;146;1;1;1;0;3;36;4
2026-05;19;2;1082;122;261;218;68;27;5;10;10;51;1;0;1;1;3;52;2
2026-05;20;2;1127;114;255;192;80;43;0;13;16;35;2;1;0;0;2;41;1
2026-05;21;2;1594;220;308;231;122;44;34;25;40;31;3;2;1;1;5;72;11
2026-05;22;2;967;112;217;144;77;30;11;13;38;21;0;0;1;0;2;66;10
2026-05;23;2;621;77;144;85;61;40;1;9;15;31;1;1;0;0;1;21;2
2026-05;24;2;795;114;139;134;54;31;1;54;22;28;2;2;2;0;2;37;4
2026-05;25;2;738;84;169;109;47;26;6;23;13;46;1;0;1;1;2;26;1
2026-05;26;2;809;84;177;143;53;29;2;17;11;53;1;1;0;0;4;42;1
2026-05;27;2;1127;205;198;212;108;55;2;76;49;24;1;1;1;0;2;66;4
2026-05;28;2;562;56;82;123;30;13;1;20;6;14;2;0;0;2;1;43;2
2026-05;29;2;1389;273;329;215;141;64;3;107;34;70;6;5;5;1;2;54;10
2026-05;30;2;838;152;142;160;98;43;4;36;21;19;1;1;0;0;5;68;3
2026-05;31;2;567;91;56;83;50;23;2;29;8;10;7;2;3;5;1;39;2
2026-05;32;2;2365;203;401;517;127;65;7;44;24;76;18;12;5;6;14;146;18
2026-05;33;2;998;118;130;106;52;32;9;46;32;34;5;2;3;2;5;70;11
2026-05;34;2;1281;187;163;160;83;35;1;68;31;30;4;3;6;1;5;125;15
2026-05;35;2;2793;131;411;568;54;13;0;52;37;41;2;2;4;0;27;294;23
2026-05;36;2;1165;62;119;256;34;16;0;22;8;12;2;2;3;0;19;140;13
2026-05;37;2;775;23;99;131;8;4;0;3;14;20;6;6;2;0;5;69;6
2026-05;38;2;812;146;87;118;52;32;3;60;11;21;6;5;4;1;4;43;4
2026-05;39;2;1168;268;122;224;115;50;4;103;14;26;7;5;4;2;9;70;7
2026-05;40;2;643;145;104;130;42;26;1;85;20;17;6;5;2;0;2;22;7
2026-05;41;2;838;50;125;176;28;17;1;8;10;14;6;4;3;2;2;55;4
2026-05;42;2;1379;108;230;341;69;25;3;13;25;50;4;3;7;1;9;104;2
2026-05;43;2;724;28;63;191;20;10;0;6;16;10;5;5;4;0;8;114;9
2026-05;44;2;767;129;118;93;61;22;3;38;13;14;1;1;1;0;2;22;7
2026-06;1;2;468;63;167;52;58;24;0;0;1;46;0;0;0;0;1;10;2
2026-06;4;2;545;47;199;32;34;13;0;1;6;71;1;0;1;0;3;18;8
2026-06;5;2;1281;177;528;122;143;65;2;1;11;235;2;2;2;0;4;47;3
2026-06;6;2;617;64;153;70;37;16;3;9;4;24;2;1;1;1;0;23;1
2026-06;7;2;240;43;54;29;24;15;1;3;5;17;0;0;0;0;2;10;2
2026-06;9;2;1094;77;341;253;57;26;2;2;14;88;0;0;0;0;2;48;3
2026-06;10;2;1066;60;365;179;45;14;3;0;12;48;1;1;1;0;1;38;3
2026-06;11;2;75;2;9;23;2;0;0;0;1;3;0;0;0;0;0;7;1
2026-06;12;2;1138;31;401;260;26;18;0;1;8;113;0;0;0;0;3;44;2
2026-06;13;2;490;19;178;73;15;9;0;0;5;46;0;0;0;0;1;21;4
2026-06;14;2;1017;64;418;186;57;30;0;0;8;165;1;0;1;0;3;33;2
2026-06;15;2;705;40;251;141;23;8;0;0;14;78;0;0;1;0;1;14;1
2026-06;16;2;1923;164;438;458;111;25;14;5;20;90;3;2;2;0;5;64;9
2026-06;17;2;686;142;175;59;90;46;7;11;11;40;1;1;0;0;2;24;3
2026-06;18;2;930;187;268;127;124;82;6;5;7;89;0;0;5;0;1;26;1
2026-06;19;2;998;126;228;195;85;47;5;13;2;66;1;0;0;0;3;42;2
2026-06;20;2;1039;130;211;194;79;43;7;9;16;24;3;3;0;0;1;35;5
2026-06;21;2;1561;213;291;212;94;38;20;28;15;26;1;1;2;0;13;77;4
2026-06;22;2;853;104;140;125;73;25;9;7;21;23;6;4;1;1;3;51;5
2026-06;23;2;636;63;154;89;51;37;3;0;11;20;2;1;0;0;0;30;4
2026-06;24;2;717;110;137;110;54;25;2;38;26;19;3;2;0;1;4;48;4
2026-06;25;2;723;103;145;114;79;38;19;9;7;41;1;0;1;1;1;36;4
2026-06;26;2;745;95;183;117;72;36;11;6;7;51;1;1;1;0;3;27;2
2026-06;27;2;1048;171;178;209;98;59;3;50;38;24;0;0;0;0;7;39;1
2026-06;28;2;610;62;99;139;39;19;1;12;13;23;0;0;0;0;5;36;2
2026-06;29;2;1299;293;287;175;168;82;5;83;32;78;4;2;0;0;6;42;6
2026-06;30;2;712;85;100;172;59;25;3;14;27;9;2;2;0;0;2;77;4
2026-06;31;2;439;82;61;63;46;18;3;25;10;16;4;4;3;0;3;35;3
2026-06;32;2;2281;218;393;458;128;62;6;49;28;64;16;13;9;3;9;140;15
2026-06;33;2;859;76;138;118;37;26;3;28;34;40;5;4;4;0;4;70;9
2026-06;34;2;1034;120;122;138;61;26;0;42;28;12;4;2;3;1;8;86;12
2026-06;35;2;2380;110;359;525;44;28;1;45;34;37;2;2;4;0;23;210;22
2026-06;36;2;1144;46;115;247;30;16;0;11;14;14;2;2;5;0;8;133;14
2026-06;37;2;747;19;115;127;10;3;0;0;12;15;5;5;1;0;8;62;6
2026-06;38;2;713;95;87;118;45;19;1;22;10;23;5;3;5;2;2;39;7
2026-06;39;2;981;235;116;171;100;43;7;93;9;28;6;5;2;1;3;46;5
2026-06;40;2;617;118;111;114;50;32;3;53;25;18;4;3;5;0;5;38;1
2026-06;41;2;814;51;126;151;26;10;1;5;5;17;1;1;1;0;0;22;5
2026-06;42;2;1319;86;295;307;53;27;3;10;36;46;5;4;6;1;12;99;7
2026-06;43;2;720;39;61;189;26;13;1;11;8;12;0;0;4;0;9;96;7
2026-06;44;2;790;117;131;77;61;18;2;29;21;19;1;0;0;1;3;46;6
2026-07;1;2;590;73;241;66;66;29;2;1;1;58;0;0;0;0;1;14;1
2026-07;4;2;572;64;218;41;49;21;2;4;5;92;0;0;1;0;4;18;9
2026-07;5;2;1385;172;551;123;151;87;1;3;11;297;1;0;0;1;5;44;7
2026-07;6;2;578;38;163;80;24;10;3;2;10;40;1;1;1;0;3;17;2
2026-07;7;2;187;21;35;31;15;7;0;2;5;8;1;1;0;0;0;12;1
2026-07;9;2;1139;73;328;289;53;21;0;2;9;89;0;0;0;0;2;41;3
2026-07;10;2;1163;66;374;194;45;12;1;0;7;69;0;0;2;0;2;37;2
2026-07;11;2;88;1;19;16;1;1;0;0;2;4;0;0;1;0;3;3;4
2026-07;12;2;1171;28;362;325;20;10;0;0;6;93;0;0;1;0;2;34;6
2026-07;13;2;540;12;207;76;10;4;0;0;3;61;0;0;0;0;0;7;5
2026-07;14;2;1146;75;458;197;66;31;1;0;7;182;2;1;0;0;2;30;0
2026-07;15;2;730;43;257;112;31;14;3;0;14;83;1;0;0;0;2;31;3
2026-07;16;2;2136;136;543;509;90;17;11;5;31;119;9;4;8;5;5;82;5
2026-07;17;2;717;95;210;60;56;28;3;7;13;53;0;0;2;0;3;16;5
2026-07;18;2;905;162;212;147;114;66;8;2;3;68;0;0;0;0;1;20;2
2026-07;19;2;1168;112;293;234;73;34;1;6;13;53;1;1;0;0;3;56;5
2026-07;20;2;1018;127;245;153;70;21;3;12;14;32;1;1;2;0;4;45;3
2026-07;21;2;1625;211;348;259;116;46;22;22;25;34;11;3;2;8;2;70;13
2026-07;22;2;1034;126;228;134;92;32;9;9;27;23;3;2;0;1;2;48;7
2026-07;23;2;668;64;145;101;49;31;8;10;15;28;0;0;1;0;0;35;2
2026-07;24;2;744;101;147;140;55;25;4;36;22;18;1;0;0;1;1;25;0
2026-07;25;2;849;154;133;115;121;52;53;7;23;30;1;0;1;0;0;34;3
2026-07;26;2;811;123;187;133;96;35;42;12;13;31;1;0;0;0;2;50;2
2026-07;27;2;1197;228;208;208;149;86;2;58;33;15;7;7;0;0;3;61;8
2026-07;28;2;568;64;71;129;35;19;1;23;5;14;0;0;3;0;4;40;5
2026-07;29;2;1291;266;288;165;134;68;10;82;26;78;1;0;0;1;3;53;9
2026-07;30;2;750;90;112;168;60;23;6;20;18;8;3;3;2;0;1;66;7
2026-07;31;2;556;108;70;68;50;29;1;43;14;19;2;2;3;0;4;37;4
2026-07;32;2;2407;272;406;390;173;102;6;58;18;65;23;17;20;6;4;145;17
2026-07;33;2;980;113;127;95;49;33;3;44;31;33;8;7;6;1;8;69;6
2026-07;34;2;1149;151;166;137;73;29;1;53;27;20;7;6;5;1;10;77;11
2026-07;35;2;2503;133;360;591;52;20;2;58;37;47;6;6;5;0;15;233;28
2026-07;36;2;1247;52;149;243;33;17;3;11;11;29;5;5;3;0;9;164;15
2026-07;37;2;772;22;101;117;11;4;0;1;11;22;9;9;0;0;7;84;7
2026-07;38;2;916;122;111;146;58;29;7;28;20;23;17;12;4;5;9;48;6
2026-07;39;2;993;244;111;203;98;47;10;90;9;24;11;9;7;2;3;51;6
2026-07;40;2;576;107;96;115;52;24;4;45;16;13;0;0;0;0;2;20;1
2026-07;41;2;767;63;103;158;38;21;1;6;12;6;2;2;0;0;1;33;2
2026-07;42;2;1569;145;311;319;82;18;7;19;38;60;4;4;9;0;6;135;11
2026-07;43;2;736;42;55;192;28;17;1;13;6;10;2;2;8;0;3;93;3
2026-07;44;2;870;121;174;117;56;19;3;41;23;19;1;1;0;0;1;33;5
